,trend_ratio,rsi_14,atr_pct,zscore_close_20,futures_basis,fwd_return_10,target_h10
2016-11-23,-0.025237198695360896,29.30057448345535,0.019104854995232682,-1.2955687588984826,-0.008103743949592655,0.008558127005279248,1
2016-11-30,-0.03272847529057776,44.91887459211089,0.015143342646480897,-0.03538659099504287,-0.0015198492309562892,-0.005112749065292688,0
2016-12-01,-0.033281519322247544,43.334533619526916,0.014323810238986654,-0.114748426079045,-0.010252827035602754,-0.004796871815226811,0
2016-12-05,-0.03430774701756478,41.261854654894094,0.012363091176325213,-0.2824359069764257,0.004957711825311417,-0.0030016795133015473,0
2016-12-06,-0.034952053702755004,42.24291778130305,0.01172107838742126,-0.11820275631412597,-0.00243147953570778,-0.00746025809773132,0
2016-12-07,-0.035816874830721934,40.18012321893318,0.011974491546718338,-0.27227230807227154,0.018958189472450926,-0.00502959139752801,0
2016-12-08,-0.03557758285977419,49.53071373461257,0.0124012791816572,0.896178147960692,0.0036559888991700667,-0.03246688425291189,0
2016-12-12,-0.03560686779121447,45.31773844134966,0.01133042241815038,0.6771328272150107,0.0069332497021896335,-0.03213269336704072,0
2016-12-13,-0.033730756241741267,48.45125830073994,0.011181513289957364,1.1562097210857232,-0.0029372893114877133,-0.0229815504536518,0
2016-12-14,-0.032367413482458196,46.24912097032046,0.011091688008295329,0.6703641199864144,-0.0011488240182488286,-0.018038618522946304,0
2016-12-15,-0.03087202559602542,44.64690077567245,0.010668388079799222,0.3136908640744621,-0.0008707929713515041,-0.006132260523099786,0
2016-12-19,-0.02650306476570996,41.83632525214697,0.01025200009746612,-0.42581414413693697,-0.0005490998787845205,0.009272785780254367,1
2016-12-20,-0.024479772814788858,40.58438094554475,0.00998245997634317,-0.8208847308597575,-0.00021650776562576714,0.01359127226857404,1
2016-12-21,-0.022793893494555073,39.36490988052916,0.00995143553086711,-1.1672341095550929,-0.007994964366667426,0.016027216260753985,1
2016-12-22,-0.021023974624271746,34.95804081640304,0.009816718357377895,-2.4190342226613604,0.0019926936808851883,0.03693395287995127,1
2016-12-26,-0.01983955260182435,31.738642679471752,0.01024337681659298,-2.3687778284791734,0.015566022824265844,0.04145035939525177,1
2016-12-27,-0.019196078566369068,42.50238510861861,0.01033346182531258,-0.9309133860952402,-0.00018674538152869561,0.03183795397767608,1
2016-12-28,-0.01919098797068053,42.65868271932842,0.009601475283657023,-0.821932483106836,0.008270210587143808,0.043037553752199864,1
2017-01-02,-0.015091743678194436,52.92861408745315,0.009855654693681068,0.7020571960426475,0.0020783666483281376,0.028522501948468726,1
2017-01-03,-0.013594490703836115,53.79649581748547,0.009894367103817633,0.8000090723126764,0.001440385730415853,0.025115200341786492,1
2017-01-04,-0.011811735685422153,53.65028210044281,0.009317848265248502,0.7245705442902358,0.011928453696355623,0.02765398937793795,1
2017-01-05,-0.010642506061466883,59.318215551688525,0.00957713439535234,1.5446687401347123,-0.0007432866195307515,0.019495251093230026,1
2017-01-09,-0.008541330211157772,55.927689867230946,0.009646176938971397,1.1183288565988088,0.0070179511638702955,0.018874363195815924,1
2017-01-10,-0.007287197124999256,59.597982375282754,0.009571664346006127,1.54312361727364,0.011895904648775242,0.022585262183585586,1
2017-01-11,-0.005480181030521836,65.0833800003551,0.009501056739737591,2.056292998966607,0.0044566480683624595,0.026501476499180887,1
2017-01-12,-0.003670482002838149,66.49629623598801,0.009097219178839832,1.9359160014079644,0.0012489062284201315,0.027839209160024136,1
2017-01-16,6.749316401477579e-05,66.4862499259809,0.008304092226070073,1.524785698302788,-0.0005111026991399708,0.01765167404997059,1
2017-01-17,0.002239727202002939,64.72153096650908,0.0082375055285272,1.2780991545866376,0.003733031674208188,0.03791383551143124,1
2017-01-18,0.004725891672541893,65.97030558551776,0.007986380633528658,1.25321969592464,0.0030830462159915323,0.037691576571224905,1
2017-01-19,0.00750761170669989,67.16275862010812,0.007526372334034051,1.243429375239806,-0.008589063879515767,0.03625927376098437,1
2017-01-23,0.012889014766517715,60.17378646809987,0.007756145308869093,0.8734527087864529,0.010605970327116725,0.044902556716617914,1
2017-01-31,0.02091090868152401,64.79962349792075,0.008645624972491502,1.2029435555592016,0.02062773169277487,0.026981884207994078,1
2017-02-01,0.022322133982423553,71.83747704059132,0.009184238686443245,2.0156585839335954,0.0031606635928097047,0.0009522055338837543,1
2017-02-02,0.023879844304030673,72.51845647908975,0.009453743460167077,1.8864644379067594,0.0023012851704497083,0.005009016229212682,1
2017-02-06,0.026448959425447782,75.11174068916836,0.009166513766739569,1.82410426912416,-0.0017611313458589252,0.008879666898757632,1
2017-02-07,0.02806985494022829,71.52255836242651,0.009246772530402894,1.4820261647689879,0.003199046102130864,0.015915263824909154,1
2017-02-08,0.029409922936925348,71.55607896373664,0.009354729290021952,1.3529364038576637,0.0031702631335996925,0.018000876885557293,1
2017-02-09,0.030429775309594786,71.99861895974014,0.009802057651715716,1.2691202403947472,0.0035256547887760254,0.018351818350305305,1
2017-02-13,0.03191233234398916,73.3151856958041,0.009387059858751852,1.1714644096432671,0.0011130198613167506,0.008466710165320412,1
2017-02-14,0.03254410696822174,71.5095211306396,0.009063526680371142,0.9929670697099537,-0.005595783330917515,0.017458458356727435,1
2017-02-15,0.033060901849581104,62.69329150625612,0.00879195491440965,0.5045275121507953,0.007209394395155767,0.020063704284251305,1
2017-02-16,0.033548063675354234,66.2286507434419,0.008693005087800671,0.7682325991652459,0.005582137161084529,0.013619253211152982,1
2017-02-20,0.036066925849628007,71.90962517294761,0.009154636904972051,1.3643977183159355,0.003508176863040541,0.007624582600158192,1
2017-02-21,0.03731899271604289,73.32139233423817,0.008122460336306139,1.6143947610991793,0.0013752354566143024,0.001846707795244651,1
2017-02-28,0.03772003015455305,66.47202096016224,0.007885665706766347,0.8872599071238012,0.010862020233791604,0.02310917207301233,1
2017-03-01,0.03792728883952057,70.60702628132778,0.007866835950437074,1.6813867957929964,-0.0031970092458936195,0.023240000353692558,1
2017-03-02,0.03701120893216836,64.63540350301417,0.008031135442709066,0.9715686600251067,0.002589960392145765,0.029247990638781918,1
2017-03-06,0.034851122440676674,68.72622232852441,0.007923461678473487,1.5944826028513261,0.0011881367615641748,0.017632697370277395,1
2017-03-07,0.03338076828466763,66.52016399026877,0.007914962755675528,1.225028141934738,0.0005811632127310559,0.009338407832845341,1
2017-03-08,0.03184417112082483,63.52150679054394,0.007695283154295334,0.8332255345849212,0.003384040874180102,0.01815268464142239,1
2017-03-09,0.030617970449564824,63.73186472624517,0.007548523852698074,0.7862271970501368,0.0035510249803966313,0.020275568500055963,1
2017-03-14,0.028728535084255213,74.00053741979534,0.007926938159301357,2.4235634926905534,0.0024540552437547344,0.0015186315271817907,1
2017-03-15,0.028208070993921863,73.69051517796106,0.0077024215889948755,2.023347067098739,0.010055278847792058,0.006494364352372051,1
2017-03-16,0.02798192854927617,76.94753553035694,0.007786077007091946,2.3030577749103465,0.0019718588442237915,0.002190349723029783,1
2017-03-20,0.027988961773617316,72.28702382968329,0.007837949248851192,1.6261958893423405,0.0017695471401665802,0.012161918378273961,1
2017-03-21,0.027709889488198858,71.49340028253158,0.007947474104548907,1.4240270829503163,-0.007794770596941333,0.015748549101024967,1
2017-03-22,0.026726714645488814,59.51675756102189,0.008193709443528173,0.4410737553541408,0.008548832341445423,0.025635488263936912,1
2017-03-23,0.025753368897557527,63.55031901122825,0.007796665828197461,0.9208499023376433,0.0035218071162466816,0.012326249673406231,1
2017-03-27,0.023923533431530863,57.79959362489723,0.007937512179769894,0.3490709926989568,0.007119776599402887,0.021204594762523454,1
2017-03-28,0.0234698529766888,61.83507257885711,0.008047171886706079,0.8282171847876473,0.004620494485643096,0.011279271363834331,1
2017-03-29,0.023242428867577658,64.65049274258524,0.007909737455810716,1.1666668443961734,0.003078610196394473,0.0007655460694153682,1
2017-03-30,0.02277035352779566,66.50397298388378,0.007887814671617387,1.3292610534934954,0.0026161602398146887,-0.003755301301267222,0
2017-04-05,0.02233876096664522,71.84829596384303,0.006874855279716659,1.7568851295619694,0.0007662702790214591,-0.013896158677605075,0
2017-04-06,0.022012513621434637,71.39612136232688,0.00668790149984051,1.5520053220431713,-0.005452436500690488,-0.015390905984319025,0
2017-04-10,0.021510093845021228,60.85417104336586,0.0067663830813034604,0.5943148818299423,0.009039944989286711,0.013630680491671487,1
2017-04-11,0.021751843528907244,64.93239971181714,0.006797612945896936,1.2893532033669757,-0.001493991555699824,0.012433648303020517,1
2017-04-12,0.02111984735411543,60.81174976698374,0.006685800924661117,0.7194781512019304,-0.002303505192356849,0.015070456445034353,1
2017-04-17,0.01891629010939444,53.6979180365903,0.006595179298048721,-0.2730291667875606,-0.0017451889125378141,0.019093366420751323,1
2017-04-18,0.0177304111944645,50.126897462894846,0.006926653285266853,-0.7383989867394356,0.0032783213999116657,0.02271239856734586,1
2017-04-19,0.016765848194316035,49.95399812397763,0.006772155859892977,-0.7378005609298026,0.0064920085681331756,0.028165034396111288,1
2017-04-20,0.015956047558053132,53.404375769096,0.006660984553330952,-0.26322518174640563,-0.0010288943372759676,0.01629738274334902,1
2017-04-24,0.01544915375730671,60.534366855886674,0.007489292314056242,0.8760153238500442,0.008239337713727455,0.01072900286582068,1
2017-04-25,0.015339917449559426,66.59892043614663,0.007568771177015831,1.9803868261449857,0.003814539371527175,0.010820299522831034,1
2017-04-26,0.015747475186464355,69.20057575466869,0.007586762836288384,2.301589395598274,-0.0006522356143201117,0.0075440457446274145,1
2017-04-27,0.015849334804722393,67.97831876954592,0.007559464238189129,1.873846233885033,-0.0009045444861901792,0.006288702016503223,1
2017-05-02,0.015219496778596131,63.943016536865024,0.0077235744166041535,1.2143993180001444,0.0028398930476461392,0.02130711411819508,1
2017-05-03,0.01466799387557316,63.698368878427516,0.007556729102789341,1.0769991715331322,0.00698025690904368,0.02295972381758693,1
2017-05-04,0.01404112719200823,67.20179573686454,0.007282205092052578,1.4916045388429602,-0.004615475466840368,0.007430613765629701,1
2017-05-08,0.012439397184826673,60.149999783880645,0.007780105027763161,0.8980685249367333,0.0039027271782684264,0.013334714535238268,1
2017-05-09,0.012181504230100337,60.376945812386715,0.0070785714929589,0.8493275293204767,0.010985514945095982,0.007438220445274313,1
2017-05-10,0.012353027020175267,66.9293848419048,0.007409523957822398,1.614223102866619,0.003460099708556237,-0.004969545031051847,0
2017-05-11,0.012297573595995148,67.88425007601757,0.007413573212557473,1.5587436953671672,-0.0008066299785522682,0.009270420036693539,1
2017-05-15,0.012618130730969623,68.02761216423318,0.006734952986228564,1.4524820481002503,0.008125606771649108,0.016886526076577146,1
2017-05-16,0.013399710340527449,71.94614071435889,0.00654156775755323,1.8009253451578269,0.0022602433703908117,0.011805808792609618,1
2017-05-17,0.014307128173279171,72.6744836268926,0.006388698302720821,1.7327669401927768,-0.00892843083221786,0.010025457313072472,1
2017-05-18,0.014905488189788985,60.59017491129181,0.006932311395752222,0.83575606269911,0.0017286060533627762,0.019794305096948905,1
2017-05-22,0.01611078118714704,61.21754410597847,0.007249002621835161,0.8404928012448016,-0.005064498185574579,0.025094653073927997,1
2017-05-23,0.016005085710236955,55.16254858838062,0.007518683953368201,0.08572045494053862,-0.002269342567350585,0.0267415276289098,1
2017-05-24,0.015343657966359725,52.41891523261951,0.007818151731222743,-0.32506793699994374,0.01597664650399166,0.03240734703271286,1
2017-05-25,0.014934526547287108,63.7385236369166,0.008128508499735234,1.6167997861910104,0.006945503299245434,0.014458844869738918,1
2017-05-29,0.015669866638768015,68.86581424630161,0.008902454084092527,1.998571274676591,0.00155645647190596,0.0011973054932692406,1
2017-05-30,0.01631332930635221,69.87788036468228,0.00855921151112515,1.8952672472401322,0.00015587173872471662,-0.0018337911300436716,0
2017-05-31,0.016968806102159784,69.46947755558529,0.008539867689637892,1.643994888945361,0.0009198388982720919,-0.0003221628556580036,0
2017-06-01,0.01727616697574952,68.79365297109422,0.00839253720849994,1.4169585946013006,0.003795758374779638,-0.003956885455970505,0
2017-06-05,0.018619104250566343,72.22139483070939,0.008221396414771362,1.6169912344181985,-0.0009663579448774247,-0.0018139146257982741,0
2017-06-06,0.01913247915388383,66.89063070568913,0.00849539225282833,1.1727714535582183,0.004435918050691247,0.0016965190655222617,1
2017-06-07,0.01929288114310701,68.64735424291729,0.008030984120619415,1.28323223054794,0.0006001313279912279,-0.0031354608414004836,0
2017-06-08,0.01918274152594246,66.28968021179517,0.007542852873968526,1.0189903597450118,0.003695353598175608,-0.001788074321697919,0
2017-06-12,0.01925922794116275,60.60940616807908,0.007485714784768708,0.5419896021499018,-0.00013522633960492983,-0.010918846526228654,0
2017-06-13,0.018822816381600438,59.36824780927346,0.007258910548131573,0.4042236506778406,0.0031955790241105153,-0.012038262698951141,0
2017-06-14,0.018350855682934375,60.4023655997318,0.006390440309576757,0.4678998333187443,-0.0017935247344244751,-0.011857870444734075,0
2017-06-15,0.018404141212845282,55.02637792401077,0.006052526542644583,0.006081664125365791,0.002004603828965623,-0.005966706712522085,0
2017-06-19,0.018864713392649612,62.60926290341611,0.005939467203884383,0.7177930523322448,0.001749946482729797,-0.004581907512247296,0
2017-06-20,0.019298718096588896,62.03029863731355,0.005885727569663853,0.623905180565108,0.0001812814005283058,-0.0016471114751126503,0
2017-06-21,0.01976868028787937,59.13641942452059,0.005899000953490621,0.26468193019959463,-5.186113137953524e-05,0.004250767830609181,1
2017-06-22,0.019556617421369715,58.60384404141115,0.006076990095590417,0.019571353177050044,-0.00414849428868128,0.0037175290433542063,1
2017-06-27,0.017377743806836987,43.97307481198793,0.00689398991031058,-2.885922233322616,-0.0016612054982538048,0.02887581247585902,1
2017-06-28,0.015917181873360775,41.98923369138577,0.006909757989031251,-2.5724195636553406,0.0018490715132357986,0.034226219873567665,1
2017-06-29,0.014443369844423737,43.732519760370785,0.007181118944412293,-1.9469636967627342,0.001399437208326385,0.040782462502304107,1
2017-07-03,0.011824015805318222,56.635311390043874,0.007486819562068196,0.18103948207166531,0.0009412376495059046,0.03130007231539267,1
2017-07-04,0.010446991740762357,56.419372921845046,0.007461397916556526,0.21398874519628197,0.003328742051391739,0.022245284166964696,1
2017-07-05,0.009557646854736257,58.835155550916014,0.0073636575057401815,0.6534257239023855,0.00370947041524988,0.02718519243579487,1
2017-07-06,0.00883303104142863,62.26089706503336,0.007353991200189228,1.296732602230887,-0.0007286958907466928,0.020543591589523125,1
2017-07-10,0.007897238473292933,69.24609254475811,0.007586200151530111,2.4379146399715967,0.001657978992669572,0.019992794002931413,1
2017-07-11,0.007767957510556034,70.21569135015693,0.007766171338360105,2.177885356219996,0.00370938182790697,0.01824025051604572,1
2017-07-12,0.00780312397915961,72.11255278830487,0.007698736879990651,2.1097983803093103,0.0072738046134747944,0.020838295187493916,1
2017-07-13,0.008011404150358947,76.21642163001258,0.007640263435027452,2.3388664753121304,0.0007935748690825825,0.013026032616320071,1
2017-07-17,0.008896185724822425,76.89769864972509,0.0067960647085504415,1.852855750268274,-0.007024056589697878,0.01625153524255074,1
2017-07-18,0.008701002206670472,64.06761680920576,0.007408063433044845,1.0764602678156563,0.009361778920445372,0.029255683343797356,1
2017-07-19,0.008758090461334245,68.66169116099158,0.0073058637128660476,1.4321857494992467,-0.0011666743939889401,0.018374519960659752,1
2017-07-20,0.009026675915814408,65.39319446413242,0.007123118352217429,1.1297744683641981,0.003772821250177592,0.01421516501209319,1
2017-07-24,0.010321012462142898,70.89774434710272,0.007022535176016492,1.4197976643457224,0.0007424555591765903,0.009130678723844987,1
2017-07-25,0.011581870403368555,70.64919267949513,0.007209493341581322,1.2816785015399679,0.005870831744448681,0.001404980683965773,1
2017-07-26,0.013257223622763936,73.66348515652444,0.007157011785734542,1.5012270383308481,0.0004540233615232397,-0.011236854051194678,0
2017-07-27,0.014890642799271658,73.64888067837647,0.0076400197746536525,1.3967418389593638,0.0021655693285760522,-0.019988903662132573,0
2017-07-31,0.01723545134079929,76.09282009971324,0.007301213509403296,1.5785253748715926,0.00608810004893916,-0.028078438213190338,0
2017-08-01,0.018400057883728893,77.86313297816257,0.0074432344547958485,1.695377832178073,-0.0013396795837411378,-0.021488689924365256,0
2017-08-02,0.019226221168094693,72.74205265549702,0.007485415459983279,1.3524996873320723,-0.0038188761593016913,-0.017591589483211822,0
2017-08-03,0.019600312637932937,63.53193494877661,0.007645987314804626,0.75033812162999,0.009477024428958133,-0.01760097398297522,0
2017-08-07,0.02099120818800415,65.86731606675826,0.007349235303173139,0.9954468324370502,-0.005761965157419575,-0.029018491320038198,0
2017-08-08,0.02119556321205396,56.62173414686413,0.007828930485586095,0.09603027807378986,-0.0051961262610667565,-0.012632076519604851,0
2017-08-09,0.021073473592265746,49.88016435508709,0.00807496091889907,-0.811437482595785,-0.0053794445666072305,-0.0051473297980266786,0
2017-08-10,0.020292080560751158,43.01178258791788,0.008475555418922998,-1.7281673767617762,-0.00806496779613561,0.009424383766961197,1
2017-08-16,0.01817626942858941,50.943483782100955,0.009722344482456511,-0.5858883125489678,0.0012276272874694799,0.0020814349715609914,1
2017-08-17,0.01764399416943596,51.399978894966274,0.009388918195398275,-0.5243746842201846,-0.005023186105099205,0.00709298599367969,1
2017-08-21,0.01605600416006836,41.84031495420679,0.01035178788858187,-1.6701413835073373,0.003106346587770202,0.02028331912025627,1
2017-08-22,0.01482884947393659,42.72620399550234,0.010435008920997262,-1.4057950105766726,0.00990729628618133,0.01542671878573465,1
2017-08-23,0.013768137188508112,49.19592405017276,0.010405999655634901,-0.6531405391644641,0.002106064450647044,0.007855913790915992,1
2017-08-28,0.011259227734321975,53.40633193607592,0.009846949577009758,-0.06592191111157908,-0.011480087052064452,0.009407029480803741,1
2017-08-29,0.00969713893917179,45.5010143549223,0.010600858738884718,-0.9195600248319089,0.00893729585476452,0.03031834320175486,1
2017-08-30,0.008106682692497147,51.367649257365116,0.010337010786889098,-0.13566371180785292,0.003298086690814302,0.019717879320970688,1
2017-08-31,0.006571285388917936,53.4153366673653,0.01017713648226068,0.2574953742746601,0.009013965240012412,0.0170095697784447,1
2017-09-04,0.004286569951964081,52.360727678370694,0.009709999700796447,0.3473758737470115,0.00592669040085483,0.024236219600546116,1
2017-09-05,0.003049150588188221,54.75721935417499,0.009345403266963679,0.9109757021802145,-0.0016931125762960537,0.019628786151931532,1
2017-09-06,0.0016375660242000656,52.17150724026476,0.008943894977727912,0.6546259626299707,0.0038825158759602314,0.022685120397109015,1
2017-09-07,0.0005405442614967448,53.07955737192221,0.008820775816231658,0.9083571778416285,0.002024150150990075,0.019335541389848165,1
2017-09-11,-0.0002989290722446025,58.17485212647113,0.007892741786445742,1.6706974599817417,0.010178861518836957,-0.013336950936420844,0
2017-09-12,0.00047690328538130267,63.12458715601902,0.007935458979276552,2.4095760151312122,-0.00015850557744758947,-0.021950729360773136,0
2017-09-13,0.0009786645441196562,61.87820759151098,0.007779388009047284,1.9258007071866554,0.0034873647965262137,-0.0340846895463639,0
2017-09-14,0.0009776280906419466,62.303750287038255,0.007940173950625627,1.736155734387743,0.001521859815941667,-0.03149222001111851,0
2017-09-18,0.0016124825479755245,66.22777530069129,0.0076071124150076325,1.858627603075309,0.0015512888901884731,-0.028917239135908934,0
2017-09-19,0.002619791050798348,65.60799280155348,0.00715795867825621,1.640984675983349,0.0019709383740359175,-0.022926659000484184,0
2017-09-20,0.0037620213402842495,64.8543158746174,0.006942017339350374,1.4610489760730505,-0.00022683724591307072,-0.024893644763012035,0
2017-09-21,0.004438110096587788,62.52743428688023,0.007143638632097773,1.1629629649798798,-0.013727697888994882,-0.014048764542694658,0
2017-09-25,0.004514670449366376,41.2839778319871,0.008250119399219921,-1.1816817751347535,-0.0005722514432403818,0.014621334972444888,1
2017-09-26,0.004923666536737148,41.21432219943956,0.00831398453384925,-1.3058943591203986,-0.013356632730588094,0.011477465905637363,1
2017-09-27,0.004540661111059885,33.66313338261537,0.009589113587716112,-2.274416357791519,0.0031892766350819684,0.03704392477467078,1
2017-09-28,0.003909588279203513,36.71693054704428,0.009931989586117356,-1.7664345246579374,0.003234718578324006,0.040792510150293726,1
2017-10-03,0.0029592793416204355,44.65149444768495,0.00988786422449704,-0.8693881243736901,0.007196105279172446,0.038029331640803354,1
2017-10-04,0.0027724725700697395,48.936400100028386,0.009968410583784107,-0.4379468249452732,-0.000625360858981703,0.029848935147128053,1
2017-10-05,0.002790906237999602,47.08009614067145,0.010052248235004772,-0.6197779930224127,0.011599077980124255,0.026075177149897488,1
2017-10-09,0.0033463549116710123,54.26432114255039,0.009945479959597403,0.08488342352673209,0.00470028782380185,0.021919679170316675,1
2017-10-10,0.003408427632683786,56.194865614382124,0.009890740581892309,0.29089457677571584,-0.0024408821882674066,0.027792832013158852,1
2017-10-11,0.002924040308038167,53.426034649009246,0.010456260628861853,0.09353311997476366,0.012679292303193245,0.03595465177293411,1
2017-10-12,0.0029710931642104033,60.67017314899984,0.010532050421634367,0.9304822394885864,0.009508300548791622,0.022448536636181293,1
2017-10-16,0.0037008974192689337,67.4723367545007,0.009371166976410767,1.6793897329076426,0.0022334792805537734,0.010209337376710925,1
2017-10-17,0.003664241484421016,67.640079044743,0.009094984975505701,1.6110493550957443,0.00029799399374642,0.020132962763536932,1
2017-10-18,0.003690903016300817,65.26433363339208,0.008095039073595699,1.398226624660795,-0.006336359054353029,0.02085528662737146,1
2017-10-23,0.003438584594313898,61.47566277066071,0.008126580148576668,1.1830737378440512,0.0033825134338054644,0.026210519109361785,1
2017-10-24,0.00405575467705388,62.82614219989113,0.007748357752782453,1.2001173594064583,0.008052725208881702,0.013955170370101078,1
2017-10-25,0.005218175466864761,67.52827147229165,0.007995988621011032,1.520679019126147,0.004793464282170855,0.0007576994998690356,1
2017-10-26,0.006308242499517114,69.80213486972508,0.008094574210145217,1.578740593004981,0.0012616442273550583,-0.0033691303034700804,0
2017-10-30,0.010211620984202252,69.62102862144799,0.007798911799033166,1.4592105079283477,0.0004679441309007274,-0.013383334065183106,0
2017-10-31,0.012070716654286162,66.52685659553505,0.007809938171193452,1.2131651700388422,0.013739339738175385,-0.014387603467976628,0
2017-11-01,0.013749950608700656,71.575118450768,0.007764769920707137,1.6893237097929488,0.0013888223744073559,-0.03088455488841535,0
2017-11-02,0.014932030064366497,69.77607521464753,0.0071817294077875455,1.4448830692297199,0.006043880014288895,-0.0200550479292102,0
2017-11-06,0.017483029937009453,71.03659328371373,0.006915100984201486,1.380850130101407,-0.004008860241344159,-0.014643392291044388,0
2017-11-07,0.01828030686947435,60.079628977738864,0.0077124739307429515,0.6283665375949278,0.0004588927885822564,-0.0022463441711010335,0
2017-11-08,0.018910874437981562,55.7943783610856,0.008011443600205607,0.20462285929527865,0.005692395738333149,0.003799751782534555,1
2017-11-09,0.019480905554357664,56.20945617121191,0.008096313727039834,0.1456479296415339,0.0024299084012347053,0.0038607039449658487,1
2017-11-13,0.019378496019694547,48.53630901765036,0.008538315471350845,-0.9045125918335197,0.0008459507892239669,0.017075839592357367,1
2017-11-14,0.018732120749902048,45.5995166943828,0.008146939093242055,-1.2655301283109057,-0.003165885635214273,0.018028625612808158,1
2017-11-15,0.017743898788129098,40.84247024514946,0.008264250119553378,-1.783220026533181,0.013130019902743775,0.024041194172349956,1
2017-11-16,0.017235358170582415,48.93535381588738,0.008601028132899553,-0.8371090038014617,0.009212168677647556,0.0011551731258718778,1
2017-11-20,0.016995590517951964,54.80012524038991,0.009030235660534392,-0.15034488156943135,0.0051608204879232565,-0.016603956790872676,0
2017-11-21,0.01679699977565252,56.70622970667501,0.008615512575229432,0.09756703931536839,0.003006672689821651,-0.020204551485208277,0
2017-11-22,0.016354792966995157,57.75572803619056,0.00873183625698494,0.24686233392272186,0.002354427523118529,-0.02883306430329402,0
2017-11-23,0.015867563296472875,58.212663000075395,0.00878781890066088,0.3175264103278462,0.0058557796835366945,-0.017591477684502976,0
2017-11-27,0.015126590006471208,61.77201813779134,0.008065259682362248,0.8158004395993326,-0.0021154574092798247,-0.007432995287224631,0
2017-11-28,0.01473007872768739,58.488498491448496,0.007782224467225959,0.46827362787801796,-0.0009209035462018054,-0.012545465092451913,0
2017-11-29,0.01392618111764743,57.483322375536815,0.007413578900720572,0.4298952014108615,-0.012512889997531602,-0.01624792376906592,0
2017-11-30,0.01280040675301164,44.95640511257092,0.007924747914875864,-1.013456503894979,-0.007069813971312225,0.0024983797248794293,1
2017-12-04,0.009612467945681047,38.5996539074829,0.00840617831532529,-1.7077351670234255,0.0018710967391573378,0.025770778307126374,1
2017-12-05,0.00816922081721283,37.98892217423565,0.008317011274712242,-1.5883258351860676,-0.004902033454401736,0.03409188301460242,1
2017-12-06,0.006558747273276211,33.52958985719515,0.008170046029989456,-1.9799801863695043,0.015815294232718713,0.039834390487730076,1
2017-12-07,0.005278295957505952,45.02100356338823,0.008139681056471193,-0.7645320397924857,0.012290104191831042,0.026911348236780652,1
2017-12-11,0.003348429478632786,55.762924373988334,0.008428057088017216,0.6512393098622137,-0.00559471045556928,0.020271743079270488,1
2017-12-12,0.0027241964780155836,49.95146114316247,0.008751965459840425,-0.13234428431130632,-0.0024365258002306002,0.02447225868913283,1
2017-12-14,0.0019588549199367478,50.93714315308646,0.009706723837737397,-0.07632951922089122,0.010475940999128418,0.027174978448583742,1
2017-12-21,-6.684870808704169e-05,60.78270628495356,0.010865863357948424,1.249647574206383,0.006240260962932262,0.017556948374720216,1
2017-12-26,-0.0004017703625761593,65.56292616937165,0.010540822526044316,1.6768932264261833,-0.002972036272135904,0.009561809363575868,1
2017-12-27,-0.00032131253362888135,61.78317664643867,0.010569851767798842,1.291496009080808,-9.055596597009057e-05,0.015294444659581075,1
2017-12-28,-0.00022794246383051053,60.59685682752767,0.010143446047091834,1.127692724618133,0.007539641190489248,0.019407476860244355,1
2018-01-02,0.0016051177889890855,55.79527716455836,0.01030912071500736,0.6797361184055818,0.002604796324409641,0.024731377982575742,1
2018-01-03,0.0026312943612036843,55.86179975619472,0.010158688330751361,0.610000226569782,0.007947736626245636,0.03306932768846216,1
2018-01-04,0.003925215840102636,59.868178491495755,0.009724116998228581,0.9476080574617783,0.006511327829586898,0.029719766308462958,1
2018-01-11,0.011091324538225367,67.68045647250167,0.006500272182029914,1.438482531749402,0.0033000792439306027,0.039286670763793996,1
2018-01-15,0.014715563740552273,72.4181000788534,0.007023137698213227,2.038732904302411,-0.002979067757386029,0.0286830663674853,1
2018-01-16,0.01599984827118006,67.45610326929746,0.007096840037982902,1.5251704055986486,0.008537005735283595,0.03058282539769741,1
2018-01-17,0.017265889331272488,71.90064225023117,0.007390447655621371,2.0505644352452466,0.0020623898221086043,0.021166013048230514,1
2018-01-18,0.0180540264966893,73.17472406553044,0.00757571399888073,1.954136368784659,0.007770176573911368,-0.00521405108856432,0
2018-01-22,0.020299297310771847,78.80290000556327,0.007601603002875503,2.218381354165665,0.010874304915432242,-0.04267204564736338,0
2018-01-23,0.021639777048899633,82.1093756983733,0.007860321100995377,2.375620140974985,-4.512891035349496e-05,-0.054765104550257626,0
2018-01-24,0.022609163655078035,82.16800659721967,0.0078097188820842245,1.999277986903326,-0.0018807504961212667,-0.04592733092413859,0
2018-01-29,0.02478329674545643,81.92695289078556,0.008129267606979006,1.7158000806225466,-0.0052379419049565674,-0.05306641000286905,0
2018-01-30,0.025624316496250188,72.65007602836704,0.008453384880293891,1.216866501825618,0.0005203431033327401,-0.04966220473958005,0
2018-01-31,0.026956122963548212,70.31914661370244,0.008576439542494926,1.0243836960424861,0.00032643294827959025,-0.04372626991777184,0
2018-02-01,0.02827882232396206,69.1436868220429,0.00979273017807386,0.8952043166411107,-0.023695448027028044,-0.051248587707841575,0
2018-02-05,0.028524060484344194,43.32176247991055,0.01185479645256472,-1.002689734632983,-0.014367326595161435,-0.028701822020083756,0
2018-02-06,0.027638766614039634,35.98603022765292,0.01419316059479301,-1.7852998350299771,-0.003114804848427188,-0.009601581662419978,0
2018-02-07,0.026710007812955183,35.1649385925098,0.014436091823497527,-1.747269245133178,0.00912021943037475,-0.008972290725858256,0
2018-02-08,0.02610308544785167,41.80995610595939,0.014677584702460302,-1.228815307725952,-0.010130578889958414,-0.00811203788049042,0
2018-02-14,0.022323224763570515,40.380406792239185,0.01532621285903231,-1.269189666894314,0.004790028236046048,-0.00076667532787833,0
2018-02-15,0.020771798860482082,43.0995884243225,0.015622076338417877,-1.0252889653481116,-0.008738324403774088,-0.00826422555829498,0
2018-02-19,0.015985983254578562,36.20943941021332,0.017092834004732795,-1.3951489046246974,-0.003338702432053049,-0.012444151869652642,0
2018-02-20,0.012858134956323042,35.5233087933905,0.017020488572088387,-1.3061833765852435,0.0031369066975836316,-0.019902724560634577,0
2018-02-21,0.009734506121219066,38.12237151181212,0.01694128868600449,-1.0619843952459371,-0.0015051955064479493,-0.014888246808557826,0
2018-02-22,0.00620582960958882,37.474717345110335,0.015715678425254384,-1.012974857711083,0.011735849287308812,-0.015010602541317919,0
2018-02-26,0.00013888840069475883,50.24593984209924,0.013823876516467224,-0.12910410249542528,-0.0017528405174252126,-0.014717555775428104,0
2018-02-27,-0.003253977374540251,48.66928527078389,0.011858715176185294,-0.14583592237617432,-0.0033066906695222217,-0.01358682401638922,0
2018-02-28,-0.006325904298300267,45.34220892449033,0.011418636410376508,-0.3493990011834572,-0.0034594615120155992,-0.0126466330587105,0
2018-03-05,-0.012278881984226109,38.76376033934537,0.01069097126424506,-1.341578049882782,-0.01064786279696319,-0.025543339207814264,0
2018-03-06,-0.014287888370052015,34.29850768204821,0.011675737270845603,-2.2887233275553553,-0.007581042515306069,-0.012186295643583644,0
2018-03-07,-0.016162296227247297,30.966962885511947,0.011600734197631399,-2.662524896422938,0.008740206316640324,0.00010338625074424179,1
2018-03-08,-0.01700003753900292,37.090712820897835,0.01154762837758858,-1.6165007129618851,-0.0025579698247809217,-0.012487040536116156,0
2018-03-12,-0.018213374285956707,48.03104603117943,0.010843393783808799,0.07639440118163775,0.0004797444861150562,-0.02789932150208485,0
2018-03-13,-0.01822754786764791,48.31478639614438,0.01096823322365216,0.13393001778782554,-0.00014382190509886186,-0.0232763708926792,0
2018-03-14,-0.018711091506053323,47.497382542769344,0.011081431139725284,0.056286818022618625,-0.0037076899381114354,-0.028547021310484144,0
2018-03-15,-0.019059256420261184,44.89463311859653,0.01125223497196221,-0.32690171419006336,-0.012321287414950276,-0.014319346760809926,0
2018-03-19,-0.021300321636637976,34.05704364362062,0.012333035692172702,-2.035042642725165,0.004849295390940459,0.003383152846917703,1
2018-03-20,-0.021797078757873734,36.02697437337834,0.012382092224894626,-1.5866327575557677,0.005511503728923909,0.019833449949620663,1
2018-03-21,-0.02202045424763044,38.07226729270595,0.012416160701097603,-1.2400147018892034,-0.002698111814086274,0.017365363666576483,1
2018-03-22,-0.022416428749798767,36.42837210296364,0.012636062841836358,-1.350283093970743,-0.010959242690130785,0.026159777490793124,1
2018-03-26,-0.023835360708290287,40.698146481553906,0.012530925821791857,-0.9260031440244926,0.004767671127975914,0.028280513980141864,1
2018-03-27,-0.024861446984594582,43.78364348242788,0.012251529075551928,-0.5358753964631761,-0.0062744940102046586,0.026953647527896862,1
2018-04-02,-0.026258743803727724,46.307706794943556,0.012112739522857815,-0.15022227774668928,0.007168197253426284,0.030998434237047512,1
2018-04-03,-0.02642997662357427,48.075611695148844,0.011219404718329499,0.19994224881145714,-0.009604685212298647,0.029643747712298607,1
2018-04-04,-0.02630298092191008,42.75158409563535,0.011826709046980943,-0.6887667252815095,0.022096244297584545,0.039275679213443215,1
2018-04-05,-0.025026338172570828,52.3422974433133,0.012382030873977401,0.9320210705325007,0.0026827318079696905,0.023258684375246474,1
2018-04-09,-0.021378507866107843,54.743921411903294,0.011457841644433222,1.1845164777237975,0.004060985727557366,0.0197845331033093,1
2018-04-10,-0.019260655458303466,55.766886848091296,0.010720202832148265,1.2394042486637347,0.0021870268451536926,0.020389781958230158,1
2018-04-11,-0.018022629053301986,56.45656453862632,0.010471736933001888,1.3563362934816448,0.004593349196346695,0.014725659927167234,1
2018-04-12,-0.01671756329160967,58.40195472572168,0.010236908192052977,1.6261539717258064,0.0030357271912884267,0.015217012532052765,1
2018-04-16,-0.013356021516850558,61.663097028167414,0.009809240330999384,1.8197775165699561,0.002170367766345214,0.020041127795767277,1
2018-04-17,-0.010742414683284962,62.606097257063084,0.008976740176035409,1.691667401306602,-0.0009337828481348577,0.01605407360522526,1
2018-04-18,-0.00772359319246807,60.82468305431117,0.00904512513769883,1.390244276841258,0.004930535589719474,0.014577928641413607,1
2018-04-19,-0.005222884172052189,62.80531486287594,0.008732773430500097,1.440961045060691,0.0019119377287843543,0.005011707787885733,1
2018-04-23,-0.000953493516702042,63.814826021844524,0.008633086015285577,1.263662549660522,0.003136584322171201,0.012574716989522727,1
2018-04-24,0.001753141175716566,65.41828406172044,0.007930980395290669,1.3476787393247869,-0.0042677706163918305,0.01199796413574128,1
2018-04-25,0.0038865991327430294,61.11022582761506,0.007115799493520504,0.9968696706028009,0.003940210876640588,0.013811958951771564,1
2018-04-26,0.0056618492715061475,63.874083134659536,0.007145684032281908,1.1740482011883082,0.009983254277002168,0.01777206189451741,1
2018-05-02,0.012174772169221582,67.71124150480325,0.007587334454805662,1.3994603280784383,-0.0010776031925554903,0.0021505595801036836,1
2018-05-03,0.014385074880616244,63.727594436551264,0.007604576272563598,1.1535324113927268,-0.001957029477607914,0.0002855715848317786,1
2018-05-07,0.016479356469672135,63.57988310197652,0.0075391390538239,1.3487212480375008,0.001824459894545217,-0.01855254581564092,0
2018-05-08,0.017479726685601937,63.70524802012134,0.007566509208327492,1.2750002704741255,0.004805108907704669,-0.01689708827140013,0
2018-05-09,0.018408062624273747,65.05160626291013,0.007495814063357446,1.403575490953542,-0.001564016404016907,-0.02898522396606895,0
2018-05-10,0.019404144163390313,62.42729272421927,0.007743689162351356,1.0765968063541906,0.009662643033414235,-0.018914687936581687,0
2018-05-14,0.021704229580702616,67.48547813121789,0.007529126714560095,1.6959898422245716,0.001110468700495734,-0.010914554347666972,0
2018-05-15,0.022409734426616534,66.93427198888979,0.008061447499806852,1.4796124674117388,-0.003758579395491983,-0.01560379108974208,0
2018-05-16,0.022777412891764826,60.16579810793407,0.008268304886253285,0.7305886691479754,-0.004180168791639376,-0.011800467792829172,0
2018-05-17,0.022892337624951464,54.464156845230654,0.008607706089808112,-0.025280178233472502,-0.008017654127379094,0.005003434930800799,1
2018-05-21,0.021426691183221047,41.86958063098541,0.009020689311551103,-2.021800651459352,0.0034373714203256495,0.010630692385557472,1
2018-05-22,0.02062339844155603,43.626251904897025,0.008821883683103965,-1.6770276737949181,-0.010449210214928608,0.00535748329800767,1
2018-05-23,0.019347920546604724,37.19031882605664,0.009225143358341644,-2.366921221177267,0.007176211098209378,0.02438084923073225,1
2018-05-24,0.018897199768189932,44.15611144104181,0.009263975182394545,-1.4693614659298628,0.008422261485083536,0.024206167051606498,1
2018-05-28,0.017932731986949557,55.65176930239514,0.009395148386675068,0.18806317370319917,-0.006839066482061849,0.009196652626389357,1
2018-05-29,0.01689675514307787,51.869548630315755,0.009610310580260616,-0.28589341789193884,-0.0027084541220970862,0.019706940322995914,1
2018-05-30,0.0155903026038966,50.60158111820319,0.00969274505702657,-0.417897481390422,0.010613028095994018,0.022832353828203145,1
2018-05-31,0.014618306728443553,57.75047083978488,0.009941717115148583,0.7072294808246898,-0.004866771489213335,0.006696945501553753,1
2018-06-04,0.012560991161070234,50.463159514374446,0.01022588567463491,-0.30347313910504,-0.0030154772545513734,0.01612171137742857,1
2018-06-05,0.011050187591338911,48.25137532070116,0.010125829920156405,-0.5784653993485871,0.008788661157628207,0.01107317468005653,1
2018-06-06,0.009464055727238518,53.88550602137174,0.010026411072898065,0.3189704626735766,0.00753881563084901,0.00817990396196655,1
2018-06-07,0.008490528163777933,58.3523761649958,0.010212141779896312,1.0746768851766906,-0.0018804747347142394,-0.002530564198647167,0
2018-06-11,0.005820584732223466,59.353557793625555,0.00999157290790057,1.3278425755119838,0.004829892021763426,-0.0022712629201390167,0
2018-06-12,0.004816591314812602,62.31876745964584,0.009615287374751912,1.7924637196574007,0.00018448938213352844,-0.006797034119727874,0
2018-06-13,0.004202997550451615,63.03826740325702,0.00917700990250335,1.738658304541019,-0.003942283985237044,-0.017067783152702853,0
2018-06-14,0.0035083535312563363,58.79182284062411,0.009013115573049967,1.2056063489499365,0.0006106740283188833,-0.020258066836215005,0
2018-06-18,0.0040661592968913585,57.744615396851,0.008462083567476927,0.9202870669590849,-0.007407474387935417,-0.01319923978976123,0
2018-06-19,0.004257505595044675,50.29040981798917,0.008588732161631767,0.09983959576552952,0.007487995670116613,-0.0009850010499201645,0
2018-06-20,0.005163364533250281,54.63582118112989,0.008021739255158642,0.5885053738001267,-0.003239848062372825,-0.00019953621654855702,0
2018-06-21,0.00561801557551278,52.16826404493925,0.008047841000832785,0.16457505189819047,0.00864440271496593,0.0008053542876977904,1
2018-06-25,0.005763277348940665,52.8407899316446,0.007835091011379665,0.2586948093150272,0.0004134564719693396,0.008404238223735927,1
2018-06-26,0.005945653490162739,53.30534858784407,0.007577182570449471,0.2718264889374483,-0.008886531170398596,0.016537944305248464,1
2018-06-27,0.005981577012529993,46.16099154417404,0.007644916178686988,-1.1479451571101775,-0.007590418095094673,0.02594780477975145,1
2018-06-28,0.005175329358592551,41.159142751044776,0.008015298171476611,-1.9687250276943902,0.00998199984174462,0.04099504225582806,1
2018-07-02,0.004939204466563041,46.58634265141177,0.008721039408494594,-1.1710304052217755,0.006253947672860376,0.026230828616132573,1
2018-07-03,0.0052217445930664574,49.38997255389216,0.008902942943472308,-0.7629777865862335,0.006677595750106498,0.02879927876080912,1
2018-07-04,0.00532784820304566,53.69126014685174,0.008952851323325023,0.20338661129482852,-0.001685288625398948,0.019549837700521433,1
2018-07-05,0.004904311978852327,52.31296768954185,0.008844714879166625,-0.08521750736307715,0.0026651782599595,0.01928878433219383,1
2018-07-09,0.0046435600649656905,58.53253137614842,0.008941636451023792,1.3455471526603247,0.00874877737355999,0.021362916918990393,1
2018-07-10,0.004740887137115513,63.320771196141635,0.009077609490152452,2.2990574875976013,-0.0007901527780949222,0.017086465065427436,1
2018-07-11,0.004736515864590007,63.37145172756062,0.008880695391933983,2.052408240912332,0.0062064609596649166,0.01677887878388651,1
2018-07-12,0.005095865399990407,66.8869025712253,0.008842709596145377,2.338734147390713,-0.00029031454167555165,0.013072393390467285,1
2018-07-16,0.005506267552859434,59.303799218322105,0.009004935982290171,1.1551746734387736,0.007945651053893027,0.03499181290601738,1
2018-07-17,0.006348017116223348,63.038091407534466,0.00868584894772052,1.5311347943275586,-0.002675297187968679,0.03165412598007333,1
2018-07-18,0.00687041780392228,60.712471298803436,0.008729800796151673,1.1889584498652783,-0.0006284073229935861,0.03330919893941475,1
2018-07-19,0.007424320267578999,58.738072227604384,0.008338361525373728,0.9203214147456363,0.006183241281025909,0.026247875458887515,1
2018-07-23,0.008894628313965924,65.61665564004335,0.007937544855303135,1.515345275355674,0.005164753377387853,0.027276177575046745,1
2018-07-24,0.009967089538280849,67.92064006001098,0.007640802523863322,1.611509324230954,0.00018862392331266863,0.02291571047131158,1
2018-07-25,0.011371405826450909,67.6939070814677,0.007540362344239259,1.434593575274772,0.002685950413223108,0.028566295364714334,1
2018-07-26,0.013142861108834003,69.38332456644119,0.007381244604355642,1.5387738619978155,0.012482891813649274,0.027168643802116588,1
2018-07-30,0.01603007929343714,75.46648758089687,0.007225494205077629,1.9577424945161412,0.004598256663082664,0.0031980242975306883,1
2018-07-31,0.0175229031961599,76.74072097076728,0.007482501466277965,1.9307255945496755,0.0015673843173512325,0.006921112083388303,1
2018-08-01,0.018460797837243748,75.56259147375765,0.007155639087843125,1.6691572714400802,-0.005631858614560676,0.00342401938148873,1
2018-08-02,0.01936831529279104,64.97629956289236,0.007472096446824385,1.0124638161412192,0.013432977497298423,0.020102786269191153,1
2018-08-06,0.0217981581388067,71.16630169519908,0.007403746480912854,1.5706626040045684,0.002744367898500854,0.01614114107675646,1
2018-08-07,0.022408379143530333,71.26217404971807,0.007084566175923078,1.4177539059959752,0.00686598592087298,0.016971829313328524,1
2018-08-08,0.02314031801239924,73.6890668372565,0.00710699299165627,1.5830316864357261,0.0032794759825326876,0.009353677674672545,1
2018-08-09,0.023811550771559054,74.4824483267679,0.0068522493237483375,1.5062198637165436,-0.002741785137523873,0.019288273273013745,1
2018-08-13,0.024866070170710186,62.63088350169415,0.00696217829191316,0.6655834041144838,0.009484182022323557,0.02960177800893815,1
2018-08-16,0.02577219492151639,62.10912583319617,0.007422645149521241,0.657773645633509,0.00908210302865152,0.025950716104101268,1
2018-08-20,0.027790502765149494,69.80506182034064,0.007397152449072342,1.6786086484729759,0.0030125305689613496,-0.002722548125825064,0
2018-08-23,0.029183277940535435,71.06290274835973,0.007012898934530104,1.649092233184352,-0.0009626384062506431,-0.003958439004122516,0
2018-08-27,0.03052436553410165,73.92503459827506,0.006836825726892402,2.2954695231950586,0.0051744836128156035,-0.02171156921616657,0
2018-08-28,0.030886997527639792,75.51497385693455,0.006818229249067476,2.242650655034308,-0.002674958469991876,-0.03842058184606212,0
2018-08-29,0.0309072555272234,70.85708450692518,0.006876564880043851,1.6453334448454646,-0.0012872493026939913,-0.027540433055535773,0
2018-08-30,0.03055659975028635,69.36399314079131,0.006753628683231178,1.3657859822200984,0.0050099510388981,-0.01383937483540032,0
2018-09-03,0.030336113843372203,60.04790259962317,0.007842605434526601,0.47265568899033067,-0.0007985952494054234,-0.026199279851160884,0
2018-09-04,0.029762977712481264,54.944883984014744,0.007987150593268683,-0.08856782730496898,-0.0001779298041068301,-0.024821419595013494,0
2018-09-05,0.02885119997095731,51.64293985732255,0.00834157491446213,-0.5050486336742168,0.007859213741673263,-0.029088789291239925,0
2018-09-06,0.028100751027853477,55.61544465281379,0.008561982464506176,-0.0531501602812715,0.00832542590495551,-0.04936334550160293,0
2018-09-10,0.025348108990767004,48.07773886766383,0.009163307671053252,-0.9979467977905548,-0.008904417066933137,-0.03359822154132286,0
2018-09-11,0.023675724362389072,40.208644855985966,0.010318630359120392,-2.0746042842243377,0.01150387596899228,-0.02745959648394236,0
2018-09-17,0.020196050393521237,46.493673410402245,0.01112667007309065,-1.4058038817280016,-0.0059370262134428396,-0.04565929116037881,0
2018-09-18,0.018396055121237653,42.32248714936782,0.011694406128660701,-1.9383304925985811,-0.0005408674971605707,-0.06025856839643018,0
2018-09-24,0.011012301254550882,31.613222640705644,0.015980147180807733,-2.4300567170183167,0.01087765606487557,-0.06075738663713792,0
2018-09-25,0.008641984207531817,37.33062426435466,0.015921850345341458,-1.6844410187417393,-0.00045179289034587674,-0.05487719169450045,0
2018-09-26,0.005775305240529827,36.87761930513003,0.016243928068075432,-1.546812866308108,-0.007201125956138992,-0.07410568569507925,0
2018-09-27,0.0024949375776461835,34.368734630637945,0.01627412084451936,-1.6697089723947516,-0.0021179411709499035,-0.046007516583695174,0
2018-10-03,-0.007206398891880794,32.810214489727045,0.017478153183803625,-1.6573130036855945,-0.020905762899178046,-0.03731726524186674,0
2018-10-04,-0.01091602362030697,26.45161375007214,0.018616881953827595,-2.250791349185793,-0.023784701747765206,-0.027898218771375327,0
2018-10-08,-0.018729193502053043,23.25632454720082,0.02081792688114475,-2.0528056521987614,-0.003251801578328077,-0.01944810894791371,0
2018-10-09,-0.022753967969609157,22.47007753366634,0.020704543092184675,-1.8824608327076093,0.01598868061365484,-0.007406993086547353,0
2018-10-10,-0.026595370186004552,30.974545852824292,0.020654673689989626,-1.3387199383462132,-0.019889830608164915,-0.032045509246352966,0
2018-10-11,-0.03032746682929699,26.53185835237666,0.022507920792861978,-1.6896344850420597,0.024612429322035348,-0.019995835989909394,0
2018-10-15,-0.03499003784523569,38.390093897413195,0.01965074661330049,-0.8101102563530597,0.007357907253269951,-0.029878678656361513,0
2018-10-16,-0.03781135883583919,41.2199566916842,0.01880568758582934,-0.5530913037669106,-0.013302156404260778,-0.018720365679397277,0
2018-10-22,-0.04567519573179013,33.06364618075895,0.02074863144331694,-1.2379716383280996,-0.009501964324931101,0.027207730411654252,1
2018-10-23,-0.04802474391569678,30.972196066876876,0.020448731822045242,-1.4100811428631066,0.008056746647818287,0.037765620953265744,1
2018-10-24,-0.049371862841602776,34.50477374990412,0.020288648506512557,-1.0550089230531203,-0.010107826597227351,0.036543718978459205,1
2018-10-25,-0.05135206821873173,32.22949304302999,0.0193208194866776,-1.2657287452756587,-0.006992699966762755,0.04546215635994866,1
2018-10-29,-0.054783438426215136,39.74029098704146,0.01798213589928644,-0.6330090860097637,-0.0021071043082366457,0.032353453934363285,1
2018-10-30,-0.056121814592739905,38.397045724694124,0.018015082842862018,-0.7619912452187249,0.01961088030617543,0.03705477325737161,1
2018-10-31,-0.05715020998419562,45.51368839842654,0.018442382337539844,0.17549910786528639,0.002585099227351117,0.022153601235365805,1
2018-11-01,-0.05760151071542485,45.329418510300975,0.016929151366764664,0.33727499502237873,0.01893942950338299,0.02906906678635779,1
2018-11-05,-0.05350542848079631,50.296530487254884,0.016252657615925505,1.2017916159428386,0.002931394906879548,0.012561782146759848,1
2018-11-06,-0.050863143952177725,50.509880114111276,0.01635463964565527,1.1388236258742717,0.008029439696106293,0.006652403104226101,1
2018-11-12,-0.04222609296968427,48.26554536135548,0.014254786537515081,0.5853289132707731,0.012759707141188913,0.0194042672599839,1
2018-11-13,-0.03966976397549349,52.2530338577721,0.014206075879146839,1.0954099776996842,0.002126151665485471,0.013829398476258081,1
2018-11-14,-0.03738863291220418,51.98628759751839,0.013910147004289634,1.0267720404709622,0.005129411638695714,0.026701246734688544,1
2018-11-15,-0.035345353214059405,53.646760514962864,0.013477420065020066,1.2254908652124632,0.006645172547930594,0.024494409741580236,1
2018-11-19,-0.028869619464999774,59.374734058602506,0.011911400310871829,1.6114793712576696,-0.00849642188398503,0.009857443328728399,1
2018-11-20,-0.025386216848818033,53.954995254260886,0.012117031391131738,0.9968379342397581,-0.003246954325024762,0.011889809968870013,1
2018-11-21,-0.021670478382501135,51.31291934110695,0.010955143786504857,0.6547610331325239,-0.007108438740936714,0.0001038283741849888,1
2018-11-26,-0.014274068077264612,52.57837746052581,0.01062867330582147,0.6798455211439117,0.005292361429758298,-0.013186065823655668,0
2018-11-27,-0.009800934531414618,54.96438855970594,0.010685621077828975,1.0214706730018162,0.003022796268415384,-0.012769448953551144,0
2018-11-28,-0.006512890172238217,56.742871392694056,0.010398879158972373,1.2596387278687293,0.01179999675961305,0.0008155580811155527,1
2018-11-29,-0.002448955022331778,61.64073189323759,0.010720186967424994,2.254838601067489,0.003863243660195038,-0.006184017370144179,0
2018-12-03,0.004368177294931996,62.54082728002944,0.010216757811859095,1.9689986510475161,0.002205122315378431,0.00042261255311815127,1
2018-12-04,0.006638543709941214,61.60715863698617,0.009585493617872422,1.6171088608565232,-0.0038502231013386413,0.0036064396073876015,1
2018-12-05,0.008720471100592597,56.123623780032396,0.009680033452436046,0.8496642290729794,-0.014523030441898002,0.0171010959373068,1
2018-12-06,0.010091092368522903,46.72396138660525,0.010557844087159615,-0.6364441467130919,0.01264010078505259,0.0330671475991422,1
2018-12-10,0.011716171180227164,42.63917366281788,0.011713252397597055,-1.4992656873887078,0.008833507616683677,0.016689768405034,1
2018-12-11,0.013001915314513113,45.540786087928915,0.012395745044951282,-1.0883789058508764,0.022229241284056275,0.017129267482107968,1
2018-12-12,0.014198841556633646,53.41890656838536,0.012804163346958808,0.3914078724349853,0.008135001657980903,0.003930133069560027,1
2018-12-13,0.015487522258977648,55.40772108398262,0.012520071889395417,0.7558415760798017,0.0026641396122743296,0.0063337136161676355,1
2018-12-17,0.017694904031187786,59.01197071455323,0.011829504499108173,1.3267918612640572,0.004289023800704349,-0.008802951118732638,0
2018-12-18,0.017786594442205983,59.75605219623708,0.011965243225967334,1.359504472840047,0.007131904195234076,-0.021675377549939756,0
2018-12-19,0.018005141221700383,61.90082603895973,0.01139493602920258,1.576199226084052,0.000993881402589351,-0.021878693897831036,0
2018-12-20,0.018506020245693477,60.96929826176236,0.011410510947986445,1.31433033575202,-0.016819324125704298,-0.01642670885950659,0
2018-12-26,0.017737543673062683,49.736309371311584,0.013616899368134013,-0.3561308672385804,0.005014086178616388,0.008550912020224066,1
2018-12-27,0.01738761015337631,51.98086225204393,0.012955462888674012,0.005414038342041537,0.011869440771698004,0.0014054426705041312,1
2018-12-31,0.016127032855449253,55.5322978202451,0.011937485080318952,0.6462064802242715,0.009021840826930836,0.002232440857443674,1
2019-01-02,0.015047250385641364,51.7816565594422,0.011531820315860883,0.14564082781000628,-0.006856613388927496,0.009061830408848781,1
2019-01-03,0.013414016188201705,46.03387497703549,0.011325436064994997,-0.7186627962748199,0.00987139544144865,0.021827655397175016,1
2019-01-07,0.011846506601749462,51.04492086461567,0.011594427988580725,0.016592232835951046,0.006763047646020849,0.017643273002975635,1
2019-01-08,0.011258785681020234,52.55105430142031,0.011497715853999082,0.2227101581413437,0.006993941635969902,0.011164407549784316,1
2019-01-09,0.01159295909553193,55.14618115166829,0.011604103230395976,0.6070390656182356,0.0002394816544637779,-0.002178725284674554,0
2019-01-10,0.011369007620606997,53.163921754046044,0.011515326967423911,0.17258871527393913,0.0005544827790340799,0.002605917454945317,1
2019-01-14,0.009338408831783163,48.24275214903001,0.01103432304867245,-0.8332206450785374,0.01776937095497692,-0.007082570355957496,0
2019-01-15,0.008775774204418552,56.181289692725954,0.011055661190487062,0.8815805972423804,0.003201142295047465,-0.021548996361078432,0
2019-01-16,0.007825978201053019,56.35042438193403,0.009991529901826722,0.9203524746737354,0.003264390875373195,-0.02190022352711929,0
2019-01-17,0.007148342794986995,57.109437245252245,0.009857682396899773,1.0990406108734314,0.002012783286356775,-0.006808678306695848,0
2019-01-21,0.005388253780943764,60.15749719352744,0.009764715384009002,1.87716428883242,-0.0023398979450568935,-0.00452474820787363,0
2019-01-22,0.00556632294242454,57.13288996810333,0.009390297415371587,1.2523790801164927,-0.006211805635027842,0.0010619678537913124,1
2019-01-23,0.005886569394101704,50.72327882113334,0.009337843986784576,0.07701205519207406,0.0034251950330056193,0.02132208792064816,1
2019-01-24,0.005756782273465655,51.888982840355986,0.009029460907623263,0.2494784721622092,-0.005884883208620483,0.020240058792847515,1
2019-01-28,0.004311009432257151,40.703149484142024,0.010226997624989844,-1.9610869363826844,0.0006096857803582524,0.021314912387323526,1
2019-01-29,0.00326882998968947,40.2268106254933,0.01014007981222336,-1.780020521355495,-0.0008730774057919897,0.01682283397108497,1
2019-01-30,0.002672563463955724,40.2051113924775,0.010407356046430208,-1.5846084034209722,0.01709102674201464,0.008848269938243059,1
2019-01-31,0.0032831741010468374,52.540897855974805,0.010733123885644607,0.20640433025178878,0.007672439000177826,-0.009837530665925631,0
2019-02-04,0.0036825575375427633,56.956990852968595,0.010710427317104303,0.9210743295193137,0.003615203097436434,-0.02821603158147956,0
2019-02-05,0.003536941979972008,58.16304510530846,0.010811264540508339,1.0573192130491793,0.014262429517644927,-0.01819032875004889,0
2019-02-06,0.003690329564830508,64.3913630079322,0.01102344299043013,2.0240242665255566,0.002833893408241797,-0.024641971816786956,0
2019-02-07,0.004123698550155153,64.69843151880642,0.011006842458110585,1.7916780930478187,-0.010131568708995608,-0.025091693334648446,0
2019-02-11,0.005055116879227883,51.88539187285389,0.011393088437385046,0.14689486278097158,-0.0026035747920808514,-0.0049133055028680594,0
2019-02-12,0.004883301855348021,48.430646468688124,0.011151768691695738,-0.32532332762816113,-0.0007386293864572686,-0.002285023090958904,0
2019-02-14,0.0044722369130909545,43.764322497772994,0.011537468638710873,-0.9744736694084244,4.6546900637021414e-05,0.004322536760646534,1
2019-02-18,0.002938770880059227,38.539334352900376,0.01130303587979028,-1.5249937698506097,-0.002236660718794146,0.032562881475813876,1
2019-02-19,0.0012789374685104882,36.86409163385573,0.011547489265441822,-1.587269727468097,0.013909423591108267,0.04230814780270542,1
2019-02-20,0.00033515094886249486,45.93035491514572,0.011745801818275454,-0.5648004945376094,0.006427285622137079,0.030063946469699454,1
2019-02-21,-0.0004149895659022462,49.190740973928754,0.01103186430926822,-0.14953337280998832,0.0017563164743773449,0.02275757217567209,1
2019-02-26,-0.0002130098031554173,51.598126486182856,0.010642131594184739,0.10881063709736814,-0.0023857027635097177,0.04673616787289303,1
2019-02-27,0.0004982822567163314,49.792455153864566,0.011002481601640648,-0.17491718859598548,-0.001105836701756031,0.049654572876764114,1
2019-02-28,0.0013256234756089391,48.88255027470971,0.011058937723369404,-0.3623444144789669,0.011540421589066414,0.058776892228399324,1
2019-03-05,0.0019558082608031047,60.20089868845491,0.01107627826658923,1.1776297133615368,0.009042116498501554,0.04959751221852993,1
2019-03-06,0.0024184890945537774,63.227896049944974,0.010931420071393028,1.5513682417746244,0.004089387496607322,0.042345951749525046,1
2019-03-07,0.0024271520885712494,63.46529419882021,0.010598790169892885,1.466172618857561,0.001614169066595999,0.03605470947085099,1
2019-03-11,0.0012596872324486252,67.5940881109817,0.009841531530382513,2.1171769433162537,0.01511456326436249,0.028223387325887694,1
2019-03-12,0.001944945176611368,72.27954298529802,0.009821342236300237,2.414207764209516,0.005791402997590189,0.01272870198641951,1
2019-03-13,0.0031405274123730287,73.53305524349166,0.009328728441152423,2.164915352128745,0.003531199379088904,0.020129239951330646,1
2019-03-14,0.0046070566040850025,73.58228527069184,0.009216315319683512,1.8488939773314372,0.011213717409031867,0.02873077738963703,1
2019-03-18,0.008487772713291486,77.17216803189163,0.009863493591385534,1.7557855555030613,0.009470241562513606,0.015856467074648384,1
2019-03-19,0.011082671601750693,79.07490407016849,0.009389397926644127,1.7732364939566947,0.0018035802322567027,0.005688287533645475,1
2019-03-25,0.01762099980988685,63.00406764744076,0.009422223604911944,0.7566391610715106,0.013778981438668405,0.027980729269876825,1
2019-03-26,0.01954555650515455,68.22057630769257,0.009107372957428677,1.1247336864652344,-0.0021901465177540883,0.008799756574793705,1
2019-03-27,0.020910428210838106,65.28495764993917,0.009501936764345773,0.8879242461282159,0.010869345038721516,0.013250304123874512,1
2019-03-28,0.02270481014659742,69.85440935976797,0.009902469151284109,1.246874804364857,0.009498703543647333,0.006348331487683767,1
2019-04-01,0.025166924965431603,72.90243636870635,0.010545825683395448,1.5006869173280983,0.00945652474096614,0.0018166891367714655,1
2019-04-02,0.02781028244737138,74.1528176440993,0.010067100944555658,1.5717575698077513,0.00140438175846108,0.006313406590804593,1
2019-04-03,0.029967976808589647,68.77962405045027,0.010001211902137016,1.2129635761616175,0.0030573649054107662,0.009348168581038818,1
2019-04-04,0.031440916508719274,65.39358290855273,0.010211120143867169,0.9287833711974328,0.014032591826176928,-0.00030607041623553766,0
2019-04-08,0.03408989949741836,63.41917504115545,0.010447919776349077,0.7910515161140517,0.011874703778706473,0.010483035945107577,1
2019-04-09,0.0353906359373628,66.07110406068934,0.010366428959824902,1.1779228775928772,-0.001632134732733095,-0.002583149355547154,0
2019-04-10,0.03589445440827643,59.98541961835117,0.010541671667995745,0.5154658338863884,0.007303004647571949,0.014705298447867277,1
2019-04-11,0.03570284213541974,60.53919041585375,0.01054980389989566,0.5396123095333352,0.009239680502459774,0.013059766378518356,1
2019-04-15,0.034861746361613655,64.66906934821813,0.009586351570650518,1.2165902489770615,0.011471033382736457,0.00187337345389893,1
2019-04-22,0.03295334921609294,54.97170225811095,0.009580320037227247,-0.07258958922543901,-0.0006943145364283822,-0.020268317690045223,0
2019-04-23,0.03197816357596528,53.85928673160562,0.009059116813331443,-0.2722674579034279,0.01402043045703676,-0.023682754849447485,0
2019-04-24,0.0317224271733334,60.79583641620253,0.009499828239419188,1.0327099716282866,-0.006280866965844402,-0.038141247135767053,0
2019-04-25,0.0319373616650116,55.72893739211102,0.009817765155796057,0.10634623490307378,0.014748595422794159,-0.04239890890206299,0
2019-05-02,0.03091804582344504,58.57538795364232,0.009474161134261163,0.8470630479639012,0.003373206251732384,-0.039885745165142095,0
2019-05-06,0.027454510074714777,50.69459892435931,0.009515607727150956,-1.004038769523089,-0.004858491582781917,0.01983057788890563,1
2019-05-07,0.025414212758350763,45.435233740387254,0.010322075738061164,-2.086042112566375,-0.0068969453492272815,0.01836850308098037,1
2019-05-08,0.023072071313025466,39.366948852028955,0.01090313818049372,-2.830357988457105,-0.002170016584312565,0.033315890188828634,1
2019-05-09,0.02022255384142113,37.14242621726839,0.011232105752751706,-2.5674787475530327,0.00047781728625744717,0.031433046606670345,1
2019-05-13,0.014890662662631726,31.67127982614555,0.011586122334494079,-2.4200678852536437,0.008382501484570811,0.06965696624411333,1
2019-05-14,0.012540564633819473,36.56176040289767,0.011621904932881797,-1.743245435881796,-0.003974301082576709,0.06297425226337072,1
2019-05-15,0.01012653100898575,34.23725947347873,0.012129486693171487,-1.780904398441166,0.01149502554450121,0.06310832745137573,1
2019-05-16,0.007692728934196369,40.50556347316494,0.011852217765846926,-1.1910211098095402,0.014986132883154403,0.06118812173220545,1
2019-05-20,0.0037627324421127817,63.25040722254275,0.013173378192266699,1.3826177625342444,-0.009561854035888688,0.02200662014139887,1
2019-05-21,0.0020948640577984623,58.15961918519621,0.013919897559449732,0.8759776441898098,0.006196069129594857,0.02669298167040557,1
2019-05-22,0.001410880572233264,59.018248450004236,0.013962718305454884,0.9510462632881459,-0.0038763653729197846,0.00901776347152694,1
2019-05-23,0.0007124065471535435,55.5706317303553,0.01623543329017794,0.5771704498230075,0.01821646118618366,0.018323725944072722,1
2019-05-27,-0.0004551608730326562,63.376074643720315,0.016069829303474465,1.5049998875571635,0.0013417472064403866,0.003425615578942942,1
2019-05-28,-0.0010174360641584945,63.484725425197524,0.015721327384694842,1.4277374157774645,-0.005574766844807713,-0.0018903744891543006,0
2019-05-29,-0.001495974582981341,60.23027392951642,0.015754990551557522,1.1260927127303704,0.0070651451707533005,0.004464189413825315,1
2019-05-30,-0.0015830023271707905,62.80431430572025,0.015729249006641667,1.3425156209248852,-0.0024611280576282953,-0.010262984114091211,0
2019-06-03,-0.000699712179012546,66.46287030788808,0.015730941662634675,1.5539999276028313,-0.0026802060802145924,-0.03284511468311435,0
2019-06-06,0.0021378024139220297,54.86545598206521,0.016121525160196003,0.5901221109773254,0.004812664907651715,-0.0010131926121371704,0
2019-06-10,0.005940879932883059,57.61800993719346,0.013769946531153673,0.6868793492462839,0.004550127387152572,-0.018707994081340162,0
2019-06-11,0.008391593830065158,59.113521399053404,0.013095273655698585,0.7603111427191879,-0.00408668273812928,-0.014136309051321794,0
2019-06-12,0.010592570647817823,56.158637335780575,0.013141711093818668,0.4700430929725552,0.0018561593392491433,-0.00492603766633215,0
2019-06-13,0.013022649925375829,56.46831484251738,0.011260410125261374,0.4346646122986843,-0.006379006797302386,-0.006085252385924722,0
2019-06-17,0.01613603698749988,45.33099870218159,0.01122420447767691,-1.7770968321654788,0.0024288248888371276,0.016573571473631477,1
2019-06-18,0.015588415344101048,46.26903347297771,0.011159198857075654,-1.453706436580309,0.0014626010349399448,0.018714433963777033,1
2019-06-19,0.015430277427653571,46.2668329278989,0.011662054632867055,-1.4311769238892638,0.013514132297364465,0.0192704755119113,1
2019-06-20,0.015425600420346353,53.04201301764135,0.012123248366607402,-0.29958498085883556,-0.006617786886977774,0.009719610370401588,1
2019-06-24,0.014828188384582663,46.95345334463559,0.011147156101824719,-1.3992499000485825,0.009457514171847687,-0.012055982575601143,0
2019-06-25,0.01406337837291427,51.60793737400906,0.011504062557598012,-0.5128244919254675,0.005760190867800258,-0.020391711125359202,0
2019-06-26,0.013259830521557658,53.90713304183604,0.010880184654289615,-0.03904600498507605,-0.0003165046570234389,-0.02942797623222959,0
2019-06-27,0.012752267976819498,53.585200401315056,0.010657087176331723,-0.08269486932089623,-4.205926447253105e-06,-0.02184253060862973,0
2019-07-01,0.011282593789365247,54.53290131319333,0.010584929907742523,0.22501150017884688,0.0064683111812031775,-0.023365865116579898,0
2019-07-02,0.010308846568245711,56.63721426820297,0.010566194154830795,0.808176815935832,0.0032660970714768153,-0.0207971419170333,0
2019-07-03,0.009578282301196062,56.946860671095926,0.010223917405797362,1.0142615562139976,0.005278284767239359,-0.019237627708897143,0
2019-07-04,0.00941076436223387,58.433565362712216,0.00981649246544936,1.2378402338414503,-0.010530060476698622,-0.02928408222947665,0
2019-07-08,0.007487458404038527,38.820229025912155,0.011378065974523597,-2.3321121102182425,-0.0005190602302837314,-0.018375877808781138,0
2019-07-09,0.005887370724330321,38.72040699861547,0.011035503686503302,-2.025198200228418,-0.005508042512778831,-0.019457643137865355,0
2019-07-10,0.004588254419714444,36.581223795505565,0.010528659827454871,-2.097287150675533,0.007231092239288442,-0.0197932478937779,0
2019-07-11,0.0034580446202863158,41.69349829882591,0.01028857386394637,-1.3003680781529037,-0.0033282156735286836,-0.02855502411707722,0
2019-07-15,0.002451193076664193,42.64231548668447,0.009912985315527098,-1.0460796242127657,0.005997436474368567,-0.034444025898182073,0
2019-07-16,0.002217570326259688,47.041618171397054,0.009738405618138357,-0.504009051403943,0.0011318566243488388,-0.04949147172008006,0
2019-07-17,0.0018762015002680155,48.46904805233703,0.009506195091673032,-0.3256529058802885,-0.007114438502673765,-0.04872727272727273,0
2019-07-18,0.00046785669613358394,43.83899936012845,0.00963527527211452,-0.8781334760000842,-0.015094584305174455,-0.053195282346626516,0
2019-07-22,-0.00265604849323664,33.95619951780496,0.010858573038195225,-1.9377963740566633,-0.0010928941054313204,-0.04262225041096068,0
2019-07-23,-0.004952058110581525,33.439438149586195,0.011107593956806596,-1.7432884435136977,-0.004699459062078433,-0.033783260270300874,0
2019-07-24,-0.007493115497647307,31.40928950378614,0.01165729413818037,-1.7752153540149065,-0.002142592700573625,-0.03689013795148788,0
2019-07-25,-0.010167313580139892,30.764640996882505,0.011284834518362276,-1.637399755538251,0.0066520271038469905,-0.019525174094326747,0
2019-07-29,-0.014882250135711095,29.840625670553422,0.010369695537216778,-1.5624546460827324,-0.008400975375512439,-0.02353614032643958,0
2019-07-30,-0.017155029423713497,26.63698912834927,0.010961330931290716,-1.7915740380371237,0.004221733787313581,-0.005051689431746609,0
2019-07-31,-0.019576245188164143,29.207520913594678,0.011223435582661964,-1.5188014191800336,-0.009232775679078938,-0.00631410283436773,0
2019-08-01,-0.022442176906567357,25.18467373937071,0.012249544626593807,-1.9481357640309287,0.0040118397085609535,0.006730454519580986,1
2019-08-05,-0.02616839228473089,23.028202215986227,0.014116260492741147,-1.9430205498515183,0.01068348229689346,0.005164563544170608,1
2019-08-06,-0.027145619858490844,29.441664725015073,0.014979562943849474,-1.41863515514074,-0.0067590710844198845,-0.018898033076062415,0
2019-08-07,-0.028118116484343814,26.834197842324514,0.01533554676447752,-1.5615032196474354,0.01920224770853491,-0.002408953122840951,0
2019-08-08,-0.029103032021269848,38.0979542938202,0.01492156679685409,-0.8236277119469845,0.008203055811296801,0.0023022459755397406,1
2019-08-13,-0.030805562132543485,36.04035055961545,0.016243590589925572,-1.069899196717454,0.009363152000300287,0.011006009079314039,1
2019-08-19,-0.03394346134999382,42.517982054630686,0.016418262643082184,-0.3212149798425001,-0.002334053113675729,-0.023159246144204282,0
2019-08-20,-0.03425870157487998,41.04910478191912,0.016035295796917752,-0.4691899300825634,-0.007656349278387979,-0.01564396926341105,0
2019-08-21,-0.034431729529936894,37.34757188483905,0.015739719865176933,-1.0473865153286916,-0.017089964187551265,-0.006484270418734894,0
2019-08-22,-0.03494268406499257,31.779665758672976,0.016362022991040056,-2.0556994170209566,0.009435535971805869,0.019071214827483862,1
2019-08-26,-0.034460313481911475,47.620818266391225,0.016352004864433906,0.4192224229315869,0.004164497822972513,-0.002003048951192188,0
2019-08-27,-0.034028365783438375,49.55247218729279,0.015494155218438227,0.9767947247805311,-0.005051584267787608,-0.011035204563397571,0
2019-08-28,-0.03359389859999895,47.21354527150054,0.01517149705976786,0.5579770617686999,-0.009179675447516317,0.0026978555602292786,1
2019-08-29,-0.03293255935283468,43.55876556376209,0.015202304133037617,-0.32386606871615575,0.010102042991656688,0.005041896577299365,1
2019-09-03,-0.031247442984218443,39.30551266227583,0.015772916697620848,-1.6146784673611851,0.008186740586322686,0.003959103015723109,1
2019-09-04,-0.03041545640964549,41.43545029793642,0.01483615617857173,-1.0640383528706812,0.003407173863985751,-0.012895813225883068,0
2019-09-05,-0.029017159982351992,41.58891177241694,0.014514328153785314,-1.0202031868436028,0.011592068957756588,0.039297909211621906,1
2019-09-11,-0.024033561309184437,50.135297152333,0.013979614329756364,0.6492578434116415,-0.003556656543566769,0.03665376848238533,1
2019-09-12,-0.02319660130475587,47.79454680986598,0.013977034834133208,0.22385197398626158,0.011176584977913285,0.053574716929090105,1
2019-09-16,-0.01967891813119882,48.72149986363439,0.012786179995894162,0.3591160428077115,-0.015449629663288953,0.04280003592606896,1
2019-09-17,-0.018779602226948522,41.420630322445945,0.012301040562593865,-1.2857295549521623,0.003498963909904554,0.05013134159448995,1
2019-09-18,-0.01778842531699487,42.56980036279968,0.012196151632577354,-0.9677306027670319,-0.01193197695378711,0.04366431831288953,1
2019-09-19,-0.0172377716343447,37.85635047195813,0.012570791027811667,-1.8964782346792532,0.05518087270103264,0.04390088594713504,1
2019-09-23,-0.01135075333090041,65.6271746555148,0.016649958956820747,3.1249895868725903,0.0011766869931275914,-0.02473236545873858,0
2019-09-24,-0.00809662906885722,65.18673262998712,0.01583692131024551,2.408801728403206,-0.010277712958452031,-0.030518146447629846,0
2019-09-25,-0.006121848743911196,59.851591644973084,0.01641454791697242,1.5719616601115554,0.011341567671225223,-0.011813638600518206,0
2019-09-26,-0.004059648355201784,62.75711435483147,0.01663952472634521,1.8131546192547898,0.0007172812281704586,-0.019881239698946174,0
2019-09-30,0.0008805659132222754,59.244132964812266,0.01657596247019062,1.1706118752027197,-0.003886913495055261,-0.000910736038295723,0
2019-10-03,0.005823977680440073,53.52689051997387,0.018394413763605143,0.5090991365452576,-0.008736963054622624,0.0307450600472865,1
2019-10-09,0.011098526243923823,53.4376156742307,0.01928703294495026,0.3744577128458575,-0.005219503213645375,0.023803824643268134,1
2019-10-10,0.012209584502937076,50.771766085679786,0.01957767446321649,0.0456561973150141,0.006867226248826686,0.03109609125518653,1
2019-10-14,0.01483949173538135,54.190068931782264,0.01585439333389148,0.3357318876315932,0.008663107885088648,0.04434728413140143,1
2019-10-15,0.015990311400772672,56.95225134178429,0.013861883411706574,0.6041248937473038,0.004134490354647404,0.039301593264185586,1
2019-10-16,0.017371389859554442,58.067656517917285,0.013532731150620576,0.6646634672398469,0.011919923237962284,0.037212108284630174,1
2019-10-17,0.019973167329695674,61.727678523197866,0.01331183384118622,1.0700382922777645,0.007219736452395237,0.030635204985122844,1
2019-10-22,0.025295609330985735,60.356764334909265,0.013357306042030311,1.0956462935046434,0.0031368047953604355,0.03259309634625973,1
2019-10-23,0.025411278642007318,60.84785671452046,0.013188974811256403,1.0808467646744777,0.0006075775684744722,0.03515569574936395,1
2019-10-24,0.024167126544750506,59.75956797581778,0.012218425947153595,0.9551563835572684,0.002274997972274948,0.028106883793729498,1
2019-10-29,0.022982928886090548,66.38134498676334,0.01216819336224453,1.9237249996832795,0.004526263793386063,0.004547490441794366,1
2019-10-30,0.022859660083704325,67.9729125398591,0.01197851467492255,1.9553371719725339,0.002942426336689661,0.002364046311957413,1
2019-10-31,0.022751476945689797,68.89668308080442,0.01115978619214177,1.8364454098752436,0.004276995807361787,0.0015154767819698378,1
2019-11-04,0.023993239640916375,70.74283329798443,0.01047354422302727,1.6333304439466196,0.0012310381242358146,-0.00010050792896343363,0
2019-11-05,0.025099649582982053,69.05196854022404,0.01041470448338951,1.370100808811506,0.00762341852100748,0.006872370415889728,1
2019-11-06,0.026879321112038612,70.58661118420204,0.010559928518002446,1.4165756804589142,0.0068443802799832655,0.00019643792027168594,1
2019-11-07,0.02880750533317622,71.994903240837,0.010546846368566403,1.482109437603417,-0.00555274126997635,-0.008129288144009705,0
2019-11-13,0.031271238073808494,59.64609398623722,0.010192972512000876,0.513439156888323,0.00499979339560384,0.021979738583168817,1
2019-11-14,0.03221302359634359,61.062854409531575,0.010140534794623828,0.6013185071176037,0.005938325396910296,0.02350475403943242,1
2019-11-18,0.03287092288172366,61.27967854552652,0.009403027390117981,0.5213010711643148,0.007122722874332083,0.01377426019710537,1
2019-11-19,0.03276156020702392,63.945150683328556,0.008471474646379948,0.8176644208005055,0.006536829103478908,0.004530999548364001,1
2019-11-20,0.032068841368468215,66.5746671137477,0.008423867276313725,1.1219345590346448,-0.002045954294422217,0.0036753245971092863,1
2019-11-21,0.03170411612883117,63.96078507259318,0.008268815526525893,0.8313196583071266,-0.004503558442715608,0.004177667722343736,1
2019-11-25,0.031253570580682455,66.83021423726689,0.008678815926670906,1.7381866867179303,0.00012009524795533513,-0.011284812092349106,0
2019-11-26,0.03137035953932554,64.01771417894795,0.008758511713948348,1.6136517532607817,0.005885659514521578,-0.015027819906616613,0
2019-11-27,0.03082854964745052,66.65846595947693,0.008267541290149342,2.201166589660087,0.0037394368885388415,-0.01574700650474048,0
2019-11-28,0.030075944045059755,68.64309356613843,0.008140918600102232,2.348880107038704,-0.004221854637284345,-0.01475996758923126,0
2019-12-02,0.027937560741819745,60.661406695724274,0.008347429217271924,0.9032673637966997,-0.00014526612142286673,0.00047724970591356275,1
2019-12-03,0.026091449969665836,56.67582351915162,0.008317118531072037,0.23220204178594808,0.00797050267052079,0.01424019958865208,1
2019-12-04,0.02451985937607315,59.28961881692804,0.008439860273757076,0.7379048020018569,0.0003736386188491792,0.014817506345361275,1
2019-12-05,0.022446680654079953,57.40203851870752,0.00834375591352239,0.4112810995725915,-0.005217032931762612,0.02007753085641295,1
2019-12-09,0.02047107041584484,51.636659236905196,0.009036953066566942,-0.509331654486536,-0.003292146596858578,0.02724607329842943,1
2019-12-10,0.019763187002985294,46.445948403638894,0.009158703422106963,-1.378226067812865,0.006861058350697498,0.03017255970355226,1
2019-12-11,0.019244278171508533,50.022715373325006,0.009235228035885038,-0.8531609660507387,0.009949463733747296,0.018169326747782932,1
2019-12-12,0.018973838898959317,53.8577682220434,0.00925001498301073,-0.18109739412770645,0.01424599459520884,0.022887118434165243,1
2019-12-16,0.0185089816135231,57.65414150772068,0.008708175431755819,0.6570465555290522,0.011050303222531808,0.009498960767610143,1
2019-12-17,0.01807219614381772,62.97505024802597,0.008931656336239798,1.8207635939413251,0.006424167694204655,0.0014385532264693524,1
2019-12-18,0.017450085319359543,65.36588086152362,0.008980262380630101,2.074760300443663,0.0038701491094266104,0.004954306722269486,1
2019-12-19,0.01681567669367512,66.9113746425405,0.008622909535316825,2.056080455194285,0.002471496382846714,-0.002695808556569479,0
2019-12-23,0.015529772290440391,66.60195100742854,0.007976545503295403,1.5864976460429527,-0.0019816109763306985,-0.017108707646123378,0
2019-12-26,0.013310413893115935,55.32677750421193,0.007962761663299458,0.3781898220100464,0.015890768472167742,0.00736817869687556,1
2019-12-30,0.011605404196674662,62.097262292803244,0.007543346932661186,1.1892330237127435,-0.0007832675563884912,0.006013470927068498,1
2019-12-31,0.010916938099979845,55.53801485950855,0.007571404162855239,0.5037626758579163,0.006192226904665751,0.01593050933056972,1
2020-01-01,0.010696733320352037,56.33646337729996,0.007363323048283545,0.5420234373088229,0.012870921403652721,0.013199245203160181,1
2020-01-02,0.010647560719586835,61.605566938217514,0.007373634339518738,1.1498803557846144,-0.002096545806371633,0.005967970194417971,1
2020-01-06,0.010083714440395575,43.9937225849767,0.008313164452425774,-1.0458957584187085,0.009476338142786698,0.019302846546132013,1
2020-01-07,0.009773527347814559,47.39545054173048,0.008451419376973213,-0.6789700878625703,0.0008752881673403838,0.009698821630239829,1
2020-01-08,0.009732985959242324,46.00876874715952,0.008762466370044696,-1.0836360954129771,0.02032376592481475,0.006781572586165963,1
2020-01-09,0.010283050338710131,55.655077770188626,0.009336222388547092,0.5178384099406786,0.006065832808514646,-0.0029102055610475963,0
2020-01-13,0.011022716415493239,60.42072576876112,0.009620351794168999,1.4751219707170187,0.005470612989199046,-0.017076844493336796,0
2020-01-14,0.011509950290182314,61.73071240753537,0.009502125337979606,1.6299293609089807,0.0012740505861641666,-0.024793121412876817,0
2020-01-15,0.011574748858723227,60.48005545837941,0.009405931882257957,1.2828874062970315,0.0025155506067112395,-0.017321122233967534,0
2020-01-16,0.011394758701366747,61.026075912987984,0.009057579502983056,1.2762756872684475,0.0023592731981708255,-0.025875132152685,0
2020-01-20,0.010581051318717893,52.08364232253518,0.009744455536969784,0.00651745713582563,-0.001754649866883009,-0.0422632671400619,0
2020-01-21,0.009760101857801073,48.857483620486754,0.009851933916841702,-0.45530765570623505,-0.0020213568913826003,-0.01562872384252645,0
2020-01-22,0.008992710994699893,45.374269466192004,0.010078672528724821,-0.9609083467371745,0.007772394778094168,-0.0014661060574797657,0
2020-01-23,0.008648489285079553,49.865518423313695,0.010041645770516507,-0.3296516913298727,0.007491606854598537,-0.003480968561843767,0
2020-01-27,0.0070963540171047335,46.45372524286651,0.00922135138853689,-0.8149650296541331,-0.004208268008911626,-0.007220067662348395,0
2020-01-28,0.006347389422517891,43.386001308663126,0.009362707748485341,-1.2751981761622,0.005453822755661095,0.004321620031981777,1
2020-01-29,0.005814698849130107,47.72163540266118,0.008805854868664354,-0.6130356106168894,-0.007090152108495816,0.00591122431365676,1
2020-01-30,0.004738321230496778,43.192704156751454,0.009121886687261924,-1.263438301229541,-0.0034480304891194753,0.011536465227962811,1
2020-01-31,0.0036584180575789382,39.978868028542436,0.009636380621319218,-1.6309010576482208,-0.025681077687585905,0.012652510084340207,1
2020-02-03,0.0028245770105532753,31.32212058898112,0.01156635732868395,-2.774594499783815,0.021895438193193867,0.028860803627358322,1
2020-02-04,0.002677970851823863,45.02645688211944,0.012464880979456723,-1.0687639435080558,0.008902564423621312,0.0010726197306272223,1
2020-02-05,0.0028559499173101965,49.40730498042388,0.012774734484541752,-0.4372535397033288,0.003904294995916597,0.003039915859471831,1
2020-02-06,0.002472960853526329,51.271023842240005,0.012793399382312432,-0.11787015464035505,-0.003464357213192351,-0.004704302210726818,0
2020-02-10,0.0007185050546190119,47.006666938162404,0.012385340972506693,-0.6461450777886387,0.007925030129244098,-0.019415667986119822,0
2020-02-11,-0.00042892224492496744,50.289577519090656,0.012328724822826927,-0.092449531050718,0.00995627693372344,-0.035464479948768,0
2020-02-12,-0.0013557287574159638,54.03447459028354,0.012403925106945086,0.6081133405843223,-0.002180129404213775,-0.04654463344050186,0
2020-02-13,-0.0023173372680959092,52.81515851822284,0.012215953097252466,0.5247961975158444,-0.0036962367855468427,-0.07991197770854885,0
2020-02-17,-0.004398323049289221,47.04292005684501,0.012333577159523445,-0.3405997467116597,-0.0032957383761309782,-0.06163974265212868,0
2020-02-18,-0.005219020416949438,44.78587390536177,0.01253104269967837,-0.7295584295965267,0.012524494475714049,-0.06183031061079847,0
2020-02-19,-0.005581643715184437,51.108476761586054,0.012407911673164365,0.42797608460656217,-0.0038677862355904306,-0.070666949506488,0
2020-02-24,-0.007761957215224657,39.55845452721791,0.01176909448643854,-1.9030563630556931,-0.001086309550836142,-0.11648521056101446,0
2020-02-25,-0.00861239522652113,38.55075180041504,0.01074039803777699,-1.8501834994230757,-0.008666829456048967,-0.11353715115821883,0
2020-02-26,-0.009553769125584477,34.91961628285023,0.010932776633954948,-2.240572534337821,-0.0040287708181700795,-0.17882002049706724,0
2020-02-27,-0.01073166565382555,33.62829673962082,0.01137957823003505,-2.0989948665607967,-0.04161758166779283,-0.14424966583417975,0
2020-03-02,-0.014100818336881149,23.26100535508391,0.016135140708559367,-2.5391089100926783,0.014551660640901843,-0.19453416229705145,0
2020-03-03,-0.014194786801894455,31.51642678642213,0.016325820576281867,-1.7628198989591835,-0.0049719821342961695,-0.25076747931825427,0
2020-03-04,-0.015564096950125617,30.435161457934512,0.017357813482055562,-1.6687127457184783,0.00038663229935120114,-0.26553637940516395,0
2020-03-05,-0.017426925467750376,31.30864456818354,0.017704375071308138,-1.4338709272609698,-0.02920401100363833,-0.22393733292106666,0
2020-03-11,-0.02795042070922238,19.326485250023026,0.0254409163088658,-2.0405307233435006,-0.08718354208759739,-0.204672865954607,0
2020-03-12,-0.03433115911870199,12.941799398503932,0.03376379527462884,-2.6831506622628156,0.03206932079768536,-0.09892443357717484,0
2020-03-16,-0.04780631197918239,18.800759467584115,0.05109789975774101,-2.3131958855060084,-0.030639134826862764,-0.09962606196681345,0
2020-03-17,-0.05594531899995292,17.509175937427287,0.055477719122743734,-2.1376940499341837,-0.059478849376825384,-0.04118409206274842,0
2020-03-18,-0.06560063970231811,15.093782594855512,0.06348344155922778,-2.1807492035327676,-0.03104333680694456,-0.025387304571894198,0
2020-03-19,-0.07560710670500759,14.222934085683406,0.0702568902690792,-1.9982214570345698,0.055624441827971556,-0.021740361033083744,0
2020-03-23,-0.09725652852637923,19.00521042615337,0.08578233578743659,-2.0057813546157868,0.031490424099076854,0.14960086725140442,1
2020-03-24,-0.10795314883456308,22.431626180258675,0.0865808414743573,-1.6408599859127464,0.07193265129205001,0.16803515151894488,1
2020-03-25,-0.1170751483987329,30.952079103487335,0.08452949838639358,-1.151437594195994,0.03756384225471428,0.08127100533749543,1
2020-03-26,-0.12479830822690385,35.71383527227813,0.08383761625710152,-0.8310438905700039,0.0011514045053337048,0.032847450712494064,1
2020-03-30,-0.13924448244799736,32.91846367439098,0.08572317906986249,-0.9339779219010248,0.04103928302471539,0.11902409548475301,1
2020-03-31,-0.14493038139831693,37.70050757930671,0.08411213209332176,-0.6086317044378395,-0.0395975691314589,0.07724109323660255,1
2020-04-07,-0.16738627277946505,43.42192178528463,0.06674301401383834,-0.12281864357034193,-0.004737175495015029,0.05933670568495941,1
2020-04-08,-0.17255094398447968,42.99561125465259,0.06698957631702489,-0.05768427092015842,0.038628375482211826,0.04636666845263604,1
2020-04-15,-0.17427689569228189,45.520959838279815,0.05604613809350673,0.5795389276084634,0.012341344013413497,0.0703673622658203,1
2020-04-16,-0.1739221996438346,46.485126357991,0.04823858959337028,0.9710914097938277,0.03541724515500511,0.09642164896026295,1
2020-04-20,-0.16334891804969753,50.257917678030196,0.041465025393236446,1.4696557737298923,-0.031338190708819554,-0.006073300946612514,0
2020-04-21,-0.15637257145586758,46.315871798248,0.0420302742965936,0.7870272799522662,0.023030780128965814,0.03222755668829147,1
2020-04-22,-0.14718690927077438,49.45053833393438,0.03912543496415169,1.1100622759487597,0.011913206016925327,0.0012789394326726544,1
2020-04-23,-0.13968786596653826,51.33268382562022,0.03673157041730811,1.2596415446708258,-0.01885895095053869,-0.006699705602156714,0
2020-04-27,-0.11454761583722872,50.903035287929825,0.03376855446770729,1.147996531932327,0.012437671454459854,-0.009238012324994771,0
2020-04-28,-0.10447123129642177,52.47619025346477,0.032223134743142465,1.2761990570842616,0.01793533694730875,0.0002824264145420141,1
2020-04-29,-0.09522753958048613,55.18105121836375,0.02777856553620331,1.5219002237481676,0.030256444330410085,-0.042979648622098576,0
2020-05-04,-0.07425092288810331,49.84069880924161,0.029102889512351182,0.5814905789378284,-0.009135417227094166,-0.05059988163770379,0
2020-05-05,-0.06558483323936415,48.51475276188723,0.02985022308911662,0.30643945263487404,0.008158120471426798,-0.03546754300148924,0
2020-05-06,-0.05495655601075111,49.58772934722986,0.028432657002952454,0.38955875140122165,-0.007189203617417655,-0.022042150959160844,0
2020-05-07,-0.04365784246459292,48.39268564549091,0.027646087039906054,0.04044348897171519,0.004087399906601218,-0.010087977199581322,0
2020-05-11,-0.027140224607811958,49.12158588946843,0.02684794099384889,0.01393606711137923,-0.0029061168439798563,-0.022745517597033915,0
2020-05-12,-0.02126599301875165,48.27897172455771,0.02576431448438582,-0.21201272955910808,0.021421098074420025,0.012874435863398537,1
2020-05-13,-0.014160160350805806,52.15425103883805,0.02619819856251631,0.6140470500336388,-0.025539354474122856,0.011354957015763167,1
2020-05-14,-0.007644696674755536,47.24524903612645,0.02759407336804728,-0.6830523407564061,-0.0006179759919061154,0.047857570718602194,1
2020-05-18,0.001201485834393834,41.27489229073824,0.029310955151972667,-2.1018990551492687,0.006896551724137973,0.1310004374096847,1
2020-05-19,0.004026534505970014,42.64120276566172,0.029630977491439833,-1.6083190991664749,0.0211226812262557,0.13317230883005404,1
2020-05-20,0.009397389487177055,47.09067251059836,0.02901442795829431,-0.8002719373839736,0.0009430484028312318,0.10616494977944657,1
2020-05-21,0.013704370894007223,48.01051853864299,0.027215221774193547,-0.594682332148276,-0.008614962251201178,0.11375707789979406,1
2020-05-26,0.0208985830639854,46.30743569416868,0.02343665224052282,-0.8275975883840586,0.031049800519092684,0.11270295412582665,1
2020-05-27,0.023656606676665914,53.34428480066009,0.023479148725295686,0.4231920199380793,0.01814285649885121,0.08601228976142927,1
2020-05-28,0.026470268798652663,57.05734198873356,0.02375596019547745,1.1417096122927197,0.0004215330491419175,0.04340316831006663,1
2020-06-01,0.026749845351953017,63.41239368803375,0.024177090940057426,2.615039338827232,0.01392199426395096,-0.0012670470955113977,0
2020-06-02,0.028775369331237588,65.93188351876714,0.02362508186403989,2.5242104787048354,0.00928945438503396,-0.006523595506937485,0
2020-06-03,0.03102320817084081,67.24146403684995,0.022076611909434826,2.2579072532721396,-0.004363125516413805,-0.017929585159778827,0
2020-06-04,0.03165685409320318,66.16347901831529,0.021548358177472013,1.8459569968379301,0.011606265283893608,0.006236928905515082,1
2020-06-08,0.034382046713283154,68.51371709753256,0.020362942333799667,1.647424531176837,-0.013125237178346303,0.014138254649752158,1
2020-06-09,0.033287796643545864,64.0697842922632,0.021052854853037012,1.237184131047135,0.007171505583814641,0.04223791939360999,1
2020-06-10,0.033085556748188916,65.4579500187699,0.02015588580881278,1.2435967113367072,-0.021905604609275656,0.018697766122357296,1
2020-06-11,0.03234906758750089,58.019624859698034,0.021375551836569813,0.7348305108219573,0.005387800444354713,0.039072954011815764,1
2020-06-15,0.0349359927333075,54.52070428085516,0.024131360866447706,0.4073516310374879,0.008574727474117702,0.05081673429872091,1
2020-06-16,0.03715943492748708,57.02963226806176,0.023800048722585666,0.5426822403053624,-0.0059965705063547235,0.03914662188571727,1
2020-06-17,0.03966996456384586,55.941151714652165,0.023687608895714054,0.39032705346931656,0.019304392892954884,0.055550152802378516,1
2020-06-18,0.04105871324443289,61.06886509130843,0.023506368460378825,0.8343827712961397,0.014259274133067467,0.04558717225429043,1
2020-06-22,0.04569680770159801,65.66264689261882,0.021801557428443735,1.2932752651037471,0.015177651652874121,0.043879488977256464,1
2020-06-23,0.04949546644389757,68.70821862425097,0.0213723121981459,1.8296267443209655,-0.016746251551905296,0.031386724345812134,1
2020-06-25,0.05339442798652705,61.92150994168561,0.022515615347991028,1.101839509104136,0.0028282526091432344,0.050982105450788184,1
2020-06-29,0.05401253100586856,61.28632987291298,0.021095631253797556,1.0333518361863443,-0.006996469094682543,0.04754468272326107,1
2020-06-30,0.05342279710416453,60.875628106166765,0.02126787093856155,0.8852565538680491,0.010308616170664473,0.029629882409816677,1
2020-07-01,0.052781444810067635,64.0943348171824,0.020434101560169185,1.3997118552671426,0.010512911957833744,0.01803926099570896,1
2020-07-02,0.05206515762076558,66.8838640795486,0.018279057965901235,1.7424702909619534,0.0019664892200707755,0.017840726756397807,1
2020-07-06,0.05131387892747785,71.30418671915004,0.01605735895524897,2.0086561129148808,0.00027867956187171007,0.024020643118685125,1
2020-07-07,0.05162676509937847,72.00086846262525,0.01570157293916617,1.8328321485750412,-0.009569790399392698,0.03357512477346192,1
2020-07-08,0.0515799370643375,67.40410833390607,0.015206450409659695,1.342589336251329,0.011003432734745279,0.03987106082012004,1
2020-07-09,0.053151670330902956,69.78668182991093,0.014601524424767016,1.523491090778363,-0.0043279614246327855,0.03717592375597767,1
2020-07-13,0.05758613637584542,68.38004392344493,0.014035513323614487,1.2711103973700775,-0.01748175843984316,0.030464569359964555,1
2020-07-14,0.058281140837981305,59.14459578163409,0.014082552473395866,0.5172091394782128,0.0019703687909492294,0.06535093315863127,1
2020-07-15,0.058981887777725284,59.47201694375834,0.01462246866787475,0.4900126240410511,0.009008099576962754,0.055061065275506804,1
2020-07-16,0.059112607408940754,63.05025433480586,0.014717084647876598,0.9658125395442819,0.015372492580045468,0.033724569362582724,1
2020-07-20,0.05859792203138792,69.90243034092997,0.014577399348927125,1.864225255426442,0.013459182564166198,-0.011848867161117438,0
2020-07-21,0.05798642240061813,72.72100820308526,0.014457848100101426,2.0676753177616165,-0.004631682680463233,-0.006002374073327488,0
2020-07-22,0.05802589937690694,71.20075542787717,0.014582327727219443,1.7208933820441519,0.006732514709491748,-0.0027800531624201374,0
2020-07-23,0.05877208556818081,72.90523259921966,0.014837942223530309,1.8057716413156661,-0.0040301721754683936,-0.0013641721394201944,0
2020-07-27,0.05836534199053833,68.26060982487678,0.014590757071498522,1.2146588505280855,0.015662354549269054,0.01242841125109373,1
2020-07-28,0.05812035090945544,72.18207637413265,0.014465476991584724,1.717658486095849,-0.006911150876491271,0.001942400652346521,1
2020-07-29,0.05709873239268881,67.01926861135269,0.014977698072026228,1.2344290181998216,-0.008462097830508102,0.00942177971948066,1
2020-07-30,0.05560035085178705,62.0898831605892,0.015812253281952723,0.741077733096304,-0.0005674928192577792,0.017861387002553242,1
2020-08-03,0.050716898625296825,52.76962346905626,0.015705751429858975,-0.31046099411042744,0.01932226653317783,0.03263983370211321,1
2020-08-04,0.047981902737030735,59.210152288112056,0.015230460790814603,0.5592892087368125,0.002050426984520403,0.02614628867082769,1
2020-08-05,0.046301787739210676,59.39754741976465,0.015231337391392423,0.5161988529624955,0.008813969629022993,0.027631026847957818,1
2020-08-06,0.044741337914160795,62.27033554269719,0.014852805483145444,0.8939779622863632,0.002325826749326987,0.010004312511847191,1
2020-08-10,0.04298368981705458,64.32143247125646,0.014250677834758222,1.0353936058169653,0.0065837284156139405,0.017417673933685096,1
2020-08-11,0.04371131339530354,65.83863071211414,0.013692088238889063,1.2502212906734658,-0.0004151026716715149,0.013225877677191411,1
2020-08-12,0.044507468526246985,65.03645391956522,0.013350388645924785,1.1970739283169365,0.000791412495654103,0.021329207528764327,1
2020-08-13,0.04464475774346033,64.55881440288866,0.013070595483224059,1.1633347488076347,-0.010065987933797859,0.022901725171520226,1
2020-08-17,0.04286093947158909,60.182191827272945,0.013477439186020304,0.6309909369627237,0.01346572857759329,0.012483253060902033,1
2020-08-18,0.04130117775233266,64.87112073929632,0.013081345017397706,1.7111970431258245,0.0031136848530157104,0.007456985822823725,1
2020-08-19,0.040083354538607896,65.59852945241121,0.01217836696002542,1.664041150874696,-0.009028469119092476,0.011097051737335217,1
2020-08-20,0.03781584454016884,60.01335081425236,0.012249418212309321,0.8132201599251804,0.005745991369073813,0.01902812859422287,1
2020-08-24,0.03434289956645209,65.34875453121458,0.01096397237598066,1.6655390934376557,0.00045347989996287805,-0.00971533375434197,0
2020-08-25,0.032172288428124585,65.5402025982678,0.010590773387957898,1.542050371323675,0.006620322953213252,-0.013502180533461194,0
2020-08-26,0.030607189826401537,68.07364435020557,0.010178157265955392,1.7769079043917,0.0009481186357413343,-0.023515932894724645,0
2020-08-27,0.02993232923257194,68.38592860295921,0.010088706883633702,1.6134767171478062,0.010035253152237385,-0.009516188334018238,0
2020-08-31,0.030152911345704192,55.64857181566873,0.012552305894229262,0.31798156989558757,0.010840834248079098,0.004614691959385242,1
2020-09-01,0.029986280065276594,58.731681481041235,0.013126822941802861,0.7936490277233781,0.007955362786338571,0.00449421805867356,1
2020-09-02,0.02965477293314378,61.015342010201664,0.013269869167595516,1.1714108501483782,0.0006762028608581944,0.006029458577156532,1
2020-09-03,0.02882961252028693,60.59429832352545,0.012178701017223265,1.015394115176269,-0.015241895851690288,-0.000984657122363064,0
2020-09-07,0.026060531964217093,51.80512564329858,0.012841995485188978,-0.4358184654404106,-0.003099925169237808,-0.009202953910150247,0
2020-09-08,0.02416678144418727,50.030091034922734,0.013337933439692301,-0.7490960965567987,-0.0009233265504446533,-0.014464448338186497,0
2020-09-09,0.02247339235518364,48.1747034250002,0.013470596446067564,-1.0530681458825466,0.01572530590530239,-0.012958892589554849,0
2020-09-10,0.021496485043432045,55.8487013785331,0.01376664980589808,0.30927404077095294,0.0015590540865122488,-0.05622204033561151,0
2020-09-14,0.020837801360825248,55.13464420971933,0.013969709645989465,0.036351497903263835,0.007635473341795099,-0.018575093957451938,0
2020-09-15,0.020131635959454997,58.64954771575366,0.013845793411245214,0.8050492501311807,0.008210539752132538,-0.025985472681159805,0
2020-09-16,0.01937239965887394,61.903093532845745,0.013898477536081288,1.463841524852278,-0.007079103116461878,-0.030763795753265266,0
2020-09-17,0.01900525157620092,56.762061609019,0.013876523939542034,0.53411098036199,-7.37757924834509e-05,-0.008609634982818748,0
2020-09-21,0.01649729827095947,44.059537501111244,0.012932372687490559,-1.924467303799883,-0.007866264869173559,0.036607151924780146,1
2020-09-22,0.014101357948044901,40.488247597458766,0.013641584099616251,-2.2619725684798966,-0.0005379754981421943,0.052467057712502596,1
2020-09-23,0.011329614714331138,39.7084116033535,0.014681157009344343,-2.0319167993566,-0.02880470188035555,0.06312967068906139,1
2020-09-24,0.007875945852604316,30.301156174801704,0.015903518494372822,-2.9712410875565123,0.021900800939332186,0.10260009075559129,1
2020-09-28,0.0038947630050096826,48.01012473731544,0.01645026942841305,-0.5963173185820599,0.0006368437848759774,0.06296566994673669,1
2020-09-29,0.002691639653553013,47.84348006419633,0.01640817951122798,-0.5611539053035296,0.0030697184359755134,0.06671027480786629,1
2020-09-30,0.001216566405741526,48.77859465030309,0.0158939316111221,-0.3724305093423196,0.016714768867629178,0.03847947439246968,1
2020-10-05,0.0005735790844194621,57.36841912828583,0.016057113362628148,0.9256314638851398,0.01445669272621847,0.032138482082749276,1
2020-10-06,0.0009928741199614066,61.86351371904305,0.016334532695705395,1.5498542384018785,0.00758845575617018,0.020098728067244664,1
2020-10-07,0.002077944507575813,63.837257113043115,0.016425001004824177,1.6692820755926085,0.007918185658564557,0.016935286494447643,1
2020-10-08,0.0034145630980255692,66.19695422344721,0.016659078978870902,1.7911002393539535,0.008044242624785083,0.00522625082208128,1
2020-10-12,0.004562650344822172,68.45724325984143,0.015527732464373011,1.6593634702225346,0.00126979028824146,-0.01367872572099238,0
2020-10-13,0.004893211603191672,68.54592523371409,0.014815381801260451,1.4880617663023856,0.004001005488290251,-0.0037789274267878703,0
2020-10-14,0.005318837413209598,69.49684898423362,0.01441154683012991,1.4426405643092863,-0.023849186942293706,-0.02016950887782254,0
2020-10-15,0.004632552552491509,55.20228844602238,0.014907820681832825,0.5723937095649241,0.007260090105259888,-0.0008175957918105103,0
2020-10-19,0.005172284719003439,61.1574996585086,0.013471990424743273,1.0009028736316237,0.0019245430355626354,-0.01717329729232675,0
2020-10-20,0.006891257071639512,61.851731006431926,0.013370643677728788,0.9661857624356514,0.0025763395043786595,-0.007001866556977654,0
2020-10-21,0.009226574705414547,63.07422305656227,0.014115005422870164,0.9775442723808688,-0.0032670072710144498,-0.0024418867759683494,0
2020-10-22,0.01152020109213403,60.95269024009592,0.013773915549983695,0.7788122648195442,0.003185807872539477,0.018816504562277014,1
2020-10-26,0.017376514680262467,54.00864102366369,0.013749739897100733,0.19660885112940035,0.009458052728856347,0.058915239080325366,1
2020-10-27,0.019113114063579628,58.37080195116168,0.013863480777574919,0.6019925490058775,-0.014121855191065177,0.06238323165017157,1
2020-10-28,0.02070306568386515,51.46537330679066,0.014525516078744714,-0.2380093980550698,-0.005187697057141264,0.08692119212962002,1
2020-10-29,0.02207245059102081,49.160774326799086,0.014625020499055582,-0.8276103873617701,-0.0027761426148777907,0.08739760916731032,1
2020-11-02,0.022654924764724305,49.21437647741627,0.015408149516638698,-1.3009780539370488,0.013351409842156992,0.10326799847019186,1
2020-11-03,0.02269442868927296,55.102579334414415,0.015171505936383313,-0.0995336284235323,0.009256359250010612,0.09520887120667032,1
2020-11-04,0.022656358747860095,58.51182996710608,0.013905432522312994,0.7084493659916692,0.019717008859218146,0.07248605578473355,1
2020-11-05,0.02288191728355482,64.90939896342613,0.01425588865915887,2.1888606598592806,0.011645767644948122,0.0609514625796872,1
2020-11-09,0.02399477887174961,72.56575955979193,0.01456997056844707,2.784155835418949,0.015893540144426628,0.04767660793025774,1
2020-11-10,0.024799200425765333,75.5246347510992,0.01403423792266559,2.677639442055287,0.009813111641760892,0.01799532806164339,1
2020-11-11,0.02588751232253328,77.35089304014515,0.014366788052994165,2.439978671025053,-0.0033845698970443035,0.01865611449292337,1
2020-11-12,0.02818157446150793,74.39598770720472,0.01469288209513331,1.9172148445719006,0.0049327226239419125,0.021917483129964888,1
2020-11-17,0.0317363730364304,77.49437002679376,0.014123775264428647,1.8212138996588867,0.006450870999950619,0.018606965951540877,1
2020-11-18,0.03338463164636263,78.48482101264273,0.013418692429148346,1.7067552808242616,-0.011187757231464843,0.015121858877746197,1
2020-11-19,0.03437134048340029,69.87357882788031,0.014038579318788302,1.20427855457754,0.007798476566499317,0.03811940477225462,1
2020-11-23,0.03729381643036356,72.94354844482473,0.013448344506196227,1.2422448885294854,0.010521048132519641,0.03608879413538957,1
2020-11-24,0.03993118721270372,75.29322762609576,0.013236979350501358,1.3439998550932681,-0.015013261797868655,0.036303619994323855,1
2020-11-25,0.041520625022777535,65.87482174892432,0.014211386703127799,0.8668921975372966,0.009239065962016315,0.048209683571097006,1
2020-11-26,0.044227243681123074,68.63639784806404,0.014098163023944274,1.0201677188007778,0.002340802340802313,0.04056746048933557,1
2020-12-01,0.05059445955428621,70.76049063817396,0.01350920515449105,1.1300717744934958,0.004073536687106492,0.03499870787915116,1
2020-12-02,0.0537851326031209,70.85708984624678,0.013297925645451203,1.098265674746178,0.0059555809741683625,0.04338577411590894,1
2020-12-03,0.05596436233072,71.29492876437547,0.012788325153399909,1.119277740586375,0.013529842932404348,0.046201035993895134,1
2020-12-07,0.059075426296216316,75.75862160506092,0.012673765822171295,1.79153042582235,0.005420886135185193,-0.002047777876570067,0
2020-12-08,0.0592116849047839,76.44763929307192,0.012160170720480515,1.8627287818912552,0.013047894760981246,0.005476732781450444,1
2020-12-09,0.059284223365218214,78.82036124654324,0.012177444563783673,2.1526755951408836,-0.0003510661841611685,0.005321861918298421,1
2020-12-10,0.058851890743243596,75.75382623662587,0.011759897039359927,1.7299825598109266,0.0029714575200776925,0.020102698355045412,1
2020-12-14,0.057573843030472416,77.31179928938644,0.011670618689819692,1.621817832619094,0.0019766419904540776,0.027618016319461924,1
2020-12-15,0.057324846595300016,77.50707179879299,0.011609373220195219,1.4983972892143451,0.009699428753549021,0.030520723464635635,1
2020-12-16,0.05687172334066659,79.73161729413962,0.010532069021472234,1.6823541515899392,0.005240179472182178,0.021856051833244905,1
2020-12-17,0.05656795726377917,80.76614266838087,0.009822750551689591,1.6481931907455853,0.0024270818963706246,0.020217296115831784,1
2020-12-21,0.056458685151885346,56.612739380262035,0.012665220428475907,0.04376998805252867,0.011936887001602106,0.06535665074915653,1
2020-12-22,0.05599949071005317,60.693663070546194,0.01335343497657538,0.4564000276984172,0.010853032936458696,0.05049272667134708,1
2020-12-23,0.05536990615400872,64.23499072475894,0.013633613033642874,0.8639611104125945,0.011958620648060539,0.03942695924602835,1
2020-12-28,0.05618590594772099,70.263105698386,0.013550794510134887,1.6572968124562137,0.004458221882244385,0.044081379644051566,1
2020-12-29,0.05623333855065615,71.44054276368817,0.013407400588095147,1.748898942535792,0.0032190970732282934,0.0452787422035017,1
2020-12-30,0.05598076413491637,72.41770642127621,0.013237979741878427,1.7502323218401843,0.000346861819685582,0.041689421426913675,1
2020-12-31,0.05589261193190387,72.40688352524103,0.013026667096648948,1.6035409434874444,0.005156722155667235,0.043903632190176456,1
2021-01-04,0.05564439138790234,75.55085477841092,0.012688975814827022,1.8732013336505882,0.006017845383769776,0.010500280194498446,1
2021-01-05,0.05514954538850403,76.8259299513916,0.012754458508662277,1.8709657662811978,-0.0007077714004013714,0.02265223357336521,1
2021-01-06,0.054452524859927465,73.52424742749261,0.013205150634633107,1.48899458158943,0.0031704515330918345,0.03523550024299715,1
2021-01-07,0.05295925615189456,72.95984931553407,0.013382470339765558,1.3020566096262902,0.016520097265623517,0.03204278118011583,1
2021-01-12,0.05081455005051705,80.92099110700667,0.01043683816193362,1.9011992422901012,0.002931984118793726,-0.04092094849229588,0
2021-01-13,0.049945965050191,80.9428202254787,0.01058491942047747,1.6712378828283225,0.004342673788014111,-0.05130844634375653,0
2021-01-14,0.048764370817524716,81.44518658396966,0.010443451177006494,1.5490518133308393,-0.009393215287088212,-0.06584176229270733,0
2021-01-18,0.04549661938146854,62.6025515157873,0.01193468895862029,0.5219547160269847,0.02021526046373881,0.025666417602072,1
2021-01-19,0.0461942389398573,68.7676842330876,0.012390303222076219,1.1257944554192516,0.00853924145397289,0.01851091665995286,1
2021-01-20,0.0468644523198809,71.38458066389174,0.012580862178256127,1.427961718618666,-0.003144495598977177,0.017135905273965468,1
2021-01-21,0.047222907382030055,68.6591953697381,0.013451168732665667,1.1830817719803302,-0.014406756178065605,0.02288501643651175,1
2021-01-27,0.04406816992302365,45.41789716282567,0.015474459203763839,-1.478459226486316,-0.011025595131555396,0.08154644710936099,1
2021-01-28,0.04179987811063968,41.526064803446175,0.016268403892456214,-1.9652811743175995,-0.007848700111123092,0.0981179745442331,1
2021-02-01,0.03831060987222168,54.7519256941663,0.019196075463024972,-0.06055821936999766,0.029045164202911266,0.07236786725664857,1
2021-02-02,0.03735367710269122,61.31994865918894,0.020142894115769562,1.1547914684075085,0.0117901531781475,0.04544015699830095,1
2021-02-03,0.036592607592301096,63.52950834023562,0.020321477571864484,1.4677516843296046,0.00712644757390093,0.028326680602702936,1
2021-02-04,0.036350981788473735,65.125361801552,0.0204297479727414,1.59437022360106,0.002349652983063273,0.014990940229641758,1
2021-02-08,0.035795613890749145,68.43113265641932,0.01961051648031958,1.7740121602510845,-0.0006648543125308854,-0.029115204955183493,0
2021-02-09,0.034886459329172004,68.22358071133417,0.01927881141305355,1.5548426060836016,0.0006784030659924597,-0.026573038141412653,0
2021-02-10,0.03367039189733356,68.12772984115436,0.019481680994995056,1.3972590805439877,0.0051931287856221316,-0.008241485453281738,0
2021-02-11,0.032801090223528284,69.23819640159336,0.018863021847486682,1.4020550723046794,-0.0007809642490447927,-0.005005516024209622,0
2021-02-15,0.031746937689105525,71.45141394913,0.01777797124285285,1.4094671512180503,0.0010153515569478442,-0.03611891735199013,0
2021-02-16,0.032394229831590904,71.39842512228317,0.017219453519516023,1.2602343406929344,-0.006948153025963424,-0.025751909655095995,0
2021-02-17,0.03212236337865404,66.9277067042764,0.016817921117508235,0.9605863947522391,-0.006101715984819207,0.0024130093437013667,1
2021-02-18,0.03128858581179106,63.257709642230296,0.01598537767398569,0.7287342890830444,-0.00872747073096451,-0.0025266433726558457,0
2021-02-22,0.029901391226726304,48.41937395773434,0.013882030357234473,-0.19074744249076836,0.0024428002896209272,0.01911322773475521,1
2021-02-23,0.02982149305775006,49.3666013426861,0.013404696960011831,-0.1792302641499999,0.019442078292455766,0.026557377114489356,1
2021-02-24,0.031307790482639986,56.68417240383049,0.014615157236302611,0.2902431968982741,0.007912828727806652,0.012868762827893399,1
2021-02-25,0.033556360182075196,59.345921080083386,0.014714501408927156,0.46926845975969195,-0.03437024529476208,-0.0043980841525500525,0
2021-03-01,0.03564036845188423,50.1539334829705,0.017366055176093624,-0.9534999512241167,0.013318397994367072,0.010087043203127477,1
2021-03-02,0.03492018817781872,53.47283485676185,0.017217375864579748,-0.34716904709420937,0.02545397514380622,-0.013258159665560876,0
2021-03-03,0.03375678931498349,59.49221716006579,0.017930699009332484,1.0463317463826818,-0.009140316743548055,-0.045111377552974785,0
2021-03-04,0.03209982070309225,55.5822687688978,0.018614075291999498,0.25044414112034963,-0.008467748619929428,-0.022329791290220946,0
2021-03-08,0.028006751885052417,52.74716398684588,0.01903223403180733,-0.2915997366156303,0.011938179641608449,-0.009457629174877802,0
2021-03-09,0.026248218576456983,55.68102262237438,0.019126663078720553,0.3697834545944433,0.0073451230928979604,-0.036361467824160276,0
2021-03-15,0.020678433214074143,50.918172832718575,0.01939902979270428,-0.34669718756782975,0.0020228406845507704,-0.0056532630446431975,0
2021-03-16,0.018067841127463735,50.43347397750248,0.019224044639937345,-0.3621860470912024,-0.009332393957913245,-0.014737985582023883,0
2021-03-17,0.01524426467732165,45.77416985677097,0.018288119389235698,-1.2053198197801764,-0.009798713877260298,0.009920985689116701,1
2021-03-18,0.012541451906166401,42.150352738283715,0.01948506490605436,-1.79784514572315,0.013642151550810468,0.0054918959501417675,1
2021-03-22,0.008798142492858263,47.08706523560246,0.017780079427424562,-0.7584299884691739,0.006548384056963513,0.005608521204071071,1
2021-03-23,0.008630242444315428,49.27020923718001,0.017557313664530765,-0.4167254677681006,-0.017512951619163383,0.0039858792546279,1
2021-03-24,0.008005750632759101,42.82568125412535,0.017512750155331137,-1.633845199743162,-0.014797887531071715,0.01961931152392582,1
2021-03-30,0.004916956518150384,51.73195567384935,0.018324950417571997,0.01176285321402912,-0.00625119479268403,-0.017760029976221947,0
2021-03-31,0.004327592789042267,48.279205786145795,0.01838845637537239,-0.6218984480713612,0.017878644393771407,-0.004958959407581176,0
2021-04-05,0.001143291047188022,47.19111151067945,0.01893117162635887,-0.7615324276654906,0.007764158331780588,-0.02332313726227986,0
2021-04-06,-0.0002522361072747614,48.2573929224715,0.01839867996724944,-0.4825678010513134,0.013927197194129465,-0.01888852176763034,0
2021-04-07,-0.0009636845489889856,51.392372791989644,0.018562975501649835,0.18652501255176812,0.007109105961650503,-0.03223554827121211,0
2021-04-08,-0.001919376712130716,52.64051293179068,0.018036508366610502,0.4740846490266384,0.001048837251902719,-0.026139911104959834,0
2021-04-12,-0.006987590625729401,40.346211216582596,0.01816808732143039,-2.123424125719013,0.01609624887890951,0.03869455289414492,1
2021-04-15,-0.012114472034375323,46.93476203746971,0.018618064217189017,-0.5354510533137924,0.004406269872125278,0.00340497093207226,1
2021-04-19,-0.01438117945672368,42.43562212847572,0.018777566637762148,-1.5769893270602593,-0.004404778348209089,0.009544223687076636,1
2021-04-26,-0.01592726481468576,46.82183911261714,0.01867719723913901,-0.45819656274708076,0.011025198481187486,0.031574015144977485,1
2021-04-27,-0.014970599902686343,51.1228352763811,0.01736547028749357,0.3532295321236798,0.013802600687796719,0.013492085125463404,1
2021-04-28,-0.012825222980563655,55.95146850738013,0.01727216016752015,1.2717050947446722,0.002462247144609644,-0.011305408296624408,0
2021-05-03,-0.010435551045260727,49.70556830664793,0.018778234085263544,0.09538110090739368,-0.005798108421747394,0.03238652098680239,1
2021-05-04,-0.010596470128587665,46.25683809977795,0.017358869874994458,-0.5128199551112895,0.012596143896802702,0.03681236095781748,1
2021-05-05,-0.009870714194304187,49.578213927650836,0.01666455972741404,0.1158034324437493,0.010405113931905059,0.01971563554243061,1
2021-05-06,-0.0092007744218221,52.37195069837589,0.016000465762456506,0.6510767082951039,0.009830367626894284,0.030594643456992143,1
2021-05-10,-0.009099559942754465,57.719976020713524,0.01441397789618549,1.6935912770187251,-0.0042897945136274405,0.017808483464377245,1
2021-05-11,-0.009237840121022023,54.83486482619339,0.013787666259941175,1.229048689563369,-0.009474268976314376,0.03034864874248777,1
2021-05-17,-0.005763469384044706,56.35717476082851,0.013441483900095226,1.3794199982781723,0.01485608625336083,0.04420309363610686,1
2021-05-18,-0.004567876961055872,60.57250953260257,0.013425388119535647,1.9407161660957726,-0.003220101179688465,0.030894024534387388,1
2021-05-19,-0.0024428951903974205,58.028579837135204,0.012959665021529733,1.4386451092633032,-0.006447067268564475,0.036330295472498886,1
2021-05-20,8.571934825907235e-05,54.130771305358856,0.012851924626683133,0.8184780320499102,0.020136132593499896,0.05261620717521431,1
2021-05-24,0.005118649873880443,60.829197267734145,0.01187186295506357,1.814686076703352,0.001335715563974684,0.0364496067295339,1
2021-05-25,0.007227777133700153,61.07079000092043,0.011246092950612815,1.6763441309490403,0.006216925687578727,0.03495750107570883,1
2021-05-26,0.0091483942865902,63.18618460982044,0.011100949806208097,1.818352224831361,0.0020978276096557725,0.021821422793297574,1
2021-05-27,0.010529360334327276,64.01048948817967,0.010979832348608453,1.7149227777729608,0.003214296128895775,0.02607278078802966,1
2021-05-31,0.014132793726620463,69.23371841831984,0.01118379909439162,1.9851079941054581,0.00226853939956707,0.014698886436222969,1
2021-06-01,0.016402144889774428,68.8740772832657,0.011012945639935292,1.7144785088527352,0.002690259724869434,0.01890229427626644,1
2021-06-02,0.018874708439580612,68.90362953058339,0.010721028424820688,1.5675361114142616,0.008744096954306455,0.012284742554386607,1
2021-06-03,0.02093486468295902,71.37715938535877,0.010511692410454824,1.718854358067463,0.0006692260457170674,6.696990673638048e-05,1
2021-06-21,0.0364131445606275,63.00738776717296,0.009953454615481446,0.642210970952111,0.0016987902073476646,0.0055789927523577365,1
2021-06-22,0.037047693311627494,63.95895932214014,0.00998964505917756,0.7445604618711447,-0.004872327273303664,0.002884722068123846,1
2021-06-23,0.03715364546484601,58.64857906327726,0.010317943965363258,0.06932039593972986,0.006661575601784397,0.012284108313806108,1
2021-06-24,0.03662133062453066,62.674528099783586,0.010355260799293395,0.8807924219182843,0.0061777722282078005,-0.003961242644371699,0
2021-06-28,0.03524994218243904,62.24774377989372,0.010429714082608725,0.9812629647088569,-0.001840072524493697,-0.007720701905793326,0
2021-06-29,0.03428222656730573,58.20494459441718,0.009921611210130857,0.08431839529071065,0.00023493135144186296,0.004057504914453114,1
2021-06-30,0.032910877572249975,56.59468851841999,0.010004267217095787,-0.4446717232521878,-0.0006933180676143903,0.008424781052221553,1
2021-07-05,0.027666934635071083,61.29297871890449,0.009529459125940618,1.2312420137780054,0.00019580157704520354,-0.005175407943593724,0
2021-07-06,0.02613711828512133,60.21345674422216,0.009426043691622019,0.8987187457790541,0.004308314763011056,-0.011768077418488176,0
2021-07-07,0.0252947339710623,62.8973553517592,0.009215294725161974,1.695240381299034,-0.009083977737328691,-0.003501373428871246,0
2021-07-08,0.024113158478441754,53.32342652079164,0.008814859356138445,-0.6795864833805101,-0.0003465427990787703,0.00814790346325478,1
2021-07-12,0.020908982954209288,51.36767713553596,0.00807818911741429,-1.0036471310229085,0.008997896724558243,0.0034315911498390417,1
2021-07-13,0.019168975997504,57.47597574564589,0.007742362597639754,0.8739893470250758,0.0035858295589026264,-0.006510684451914828,0
2021-07-14,0.017661379775280484,59.38449150302434,0.007626077938429238,1.3844131558902364,0.005257352499577241,-0.004762220082053958,0
2021-07-15,0.016697830965034965,62.44934992159655,0.007591984126599624,2.0447782306287032,0.0007409982631952486,-0.010119842042204175,0
2021-07-19,0.01470702177686567,51.44294245092841,0.00794775944985567,-0.42274361421349704,-0.0073131959427314005,0.02401853685741595,1
2021-07-22,0.012530743264606237,54.567371850758896,0.008623624177530055,0.469969388667724,0.001835825573798114,0.029736370303138804,1
2021-07-26,0.009638875972729721,54.21007461698482,0.008630626316173621,0.45539675456947926,-0.005674775060374664,0.02741326234613828,1
2021-07-27,0.00835873702011547,50.18604632718097,0.008978887363493516,-0.4414276577720072,-0.0023719755785731487,0.03389014079004049,1
2021-07-28,0.0074599454376240715,48.350122727182224,0.009637535397856552,-0.8496270677859162,0.00456093852046435,0.03646540256984365,1
2021-07-29,0.006679930850835847,51.88302142798702,0.009165748297406124,-0.06774245275499256,-7.606547523004235e-05,0.037136105768269756,1
2021-08-02,0.005454884176270047,56.98138712741388,0.009127793517990878,1.0936544215103399,0.016452447911934263,0.04267510057853019,1
2021-08-03,0.005204221092385941,65.93121591001137,0.009580189670737567,2.8973977147903422,0.008062241371293912,0.029995481262495627,1
2021-08-04,0.0052620719956615325,69.49466130155028,0.009708148515762974,2.8566175281560326,0.0025740027440668773,0.019069661254953907,1
2021-08-05,0.005311529240962898,70.42600481036764,0.00986545426618855,2.431785669141961,-0.0026327501382922744,0.009567611009926535,1
2021-08-09,0.006532398875908729,67.56917751986697,0.009710017071003513,1.6723480395075034,0.001150185290544845,0.022533151438500543,1
2021-08-10,0.0075020085893990895,68.25851847137949,0.009623053637409978,1.567541333221444,0.0001996542222093411,0.021778170266589125,1
2021-08-11,0.008085662939242955,68.32986689287105,0.009505529924951142,1.4004990399637878,0.0046891553685762324,0.021781411698321707,1
2021-08-12,0.008693355419610027,71.0107117774807,0.009291294080064195,1.5439021773460269,0.009346484180539962,0.020825622692551615,1
2021-08-16,0.010411866233804856,76.30308520852054,0.009227081127726649,1.7295501193586407,0.001980264335549131,0.034362536528856014,1
2021-08-17,0.01202636756671005,77.52206279399034,0.00867868887835561,1.6638299179357392,-0.0025459301078271327,0.0277858270123168,1
2021-08-23,0.015885673208577478,66.95249771788028,0.009606187404303761,0.9529113524266389,0.007504692652845984,0.05342674358662891,1
2021-08-24,0.017341375367911027,70.96856026843076,0.009059726616334828,1.236552848400823,0.00046620013757371447,0.04436197065366354,1
2021-08-25,0.019072671493862048,71.26351814251518,0.008777287861585851,1.1682258608912652,-1.5052352716691936e-05,0.043213989623739346,1
2021-08-26,0.020993628286577914,71.33373314901627,0.008523428558816762,1.1063879301786264,0.004883698733977281,0.0440195945266153,1
2021-08-30,0.02475148366073676,78.98868777135212,0.00899804758948312,2.067870778744223,0.011292814676436991,0.02651632344326682,1
2021-08-31,0.02678381679366537,82.49014701223274,0.009228654233958801,2.5347099471067374,-0.00205748358981382,0.0226036362906743,1
2021-09-01,0.028024359858055403,78.56817396219641,0.00923588117764857,1.9969755918483354,0.010013908205841447,0.03239879950223257,1
2021-09-02,0.029185305664792383,81.27411723998533,0.009534846936144663,2.149363768902157,0.005523893387096416,0.020366539228469094,1
2021-09-06,0.03178376905077518,83.38858026284954,0.00923407885271834,1.9097849341293816,-0.00011513431850130863,0.010599685257569824,1
2021-09-07,0.03327596108836084,82.24455910758738,0.009309692697229194,1.6494777586247895,0.000506873639882213,0.010629519781717445,1
2021-09-08,0.034621765955704875,81.58437388223662,0.009162838863557784,1.4602883309608294,0.0006223528394847882,0.027052134655833227,1
2021-09-13,0.03686192613923578,80.6721667346897,0.008324555663523832,1.2067913997725386,0.0017083667476413087,0.02879805048754691,1
2021-09-14,0.03730791527171018,81.19734395298786,0.008031002447908105,1.15129983884,0.008944188722669777,0.021208262909953923,1
2021-09-15,0.03795079606701046,83.86331053903336,0.008202530841600055,1.3725384905048361,0.005239935348638198,0.010950775912217159,1
2021-09-16,0.03877164444719661,85.59870702474124,0.008369514888295997,1.4815310489162075,-0.0014946538472445925,-0.0006437850974219117,0
2021-09-20,0.04058551576770819,67.93416683231888,0.008947411496727427,0.6747003407373173,0.00933497380156954,0.016919658258986336,1
2021-09-21,0.041499763015653945,72.35521725520086,0.008922677132648412,1.062693296776308,0.0003701172987131306,0.01482181877064126,1
2021-09-22,0.04194806943475071,71.3699941996635,0.008587519287511551,0.9404859088229577,0.016325030874727278,0.005662027062901975,1
2021-09-23,0.04285273876343143,77.34888583357895,0.00890104410867998,1.705371212467399,0.0017197367772194222,-0.0018290805284181255,0
2021-09-27,0.04489092465066191,77.92909097005312,0.009025024847765004,1.710448639651329,-0.0059870631759943,0.005088160321844226,1
2021-09-28,0.045055478418160044,70.97617320833706,0.009832759850064253,1.2150514762478717,-0.002287482408108122,0.013710918874211275,1
2021-09-29,0.04455334577193559,68.66551130855231,0.010032523121414328,0.9609146795611891,-0.005056138019224572,0.025432870477072322,1
2021-09-30,0.043845797498411,63.13730736333007,0.010409298028389358,0.455460079998142,-0.004992033140538951,0.04088967199464588,1
2021-10-04,0.04115634737930196,63.800891163961296,0.011140077255200815,0.7302545032990437,0.007828728891401116,0.04112202359923689,1
2021-10-05,0.040049304864926194,67.50855949264313,0.0112178721964478,1.326832311056575,-0.010947003063445971,0.02492937548177987,1
2021-10-06,0.03865095570070243,58.78543553031125,0.011885716398192225,0.26990252443383594,0.009189051343080666,0.03015412044514343,1
2021-10-07,0.037437271412257056,63.000943477147835,0.011613627365847314,1.019427392909489,0.00616909689999365,0.018243080567622583,1
2021-10-11,0.0354167876363618,67.01558811456495,0.010880677751933736,1.6504075554686561,0.003153958620971832,0.017967908408996314,1
2021-10-12,0.034507815787499174,68.17074259780718,0.011080151083199322,1.7600530106671561,0.01004898241162117,0.012172110833426064,1
2021-10-13,0.033634534639259694,72.06045261346065,0.010617096689667649,2.2903850428307044,0.01064049444574449,-0.016766005478546897,0
2021-10-18,0.032970778023629244,77.6953735119196,0.01091818020514408,2.4371683678981975,-0.002413847414180347,-0.029625961258951894,0
2021-10-19,0.033387613621678414,74.57540184507342,0.010526155533472296,1.9439706104549697,-0.00554054971157105,-0.028764209365456428,0
2021-10-20,0.03300153779861459,67.0124025407508,0.010908482473889753,1.263574247227859,-0.0034872176944364553,-0.023945364762936627,0
2021-10-21,0.032535775696578506,63.00963556216134,0.011666514121982137,0.8635549466231897,-0.0018456059816999886,-0.01437437541547193,0
2021-10-25,0.029799151782241573,60.552294733820084,0.012365251783615926,0.5665220330936694,0.010413541511205921,-0.004477164028165337,0
2021-10-26,0.02873823775057205,64.60034804169436,0.012341183585587103,0.9798408254303101,-0.0029094167791656124,-0.013750583877278677,0
2021-10-27,0.02808256985927904,61.854095472077645,0.011998483116744944,0.7031080385664731,-0.018022081924872205,-0.018524548354001524,0
2021-10-28,0.026981725022001912,48.253587778907225,0.01303592959692242,-0.5741190667682957,-0.00794915230508621,0.013747917512494823,1
2021-11-01,0.025440911568716862,51.023795606407454,0.013902954389868253,-0.43892635374222877,-0.0007473871677947917,0.0038789840632567074,1
2021-11-02,0.02432771709637427,49.82215095465212,0.014018234459079246,-0.6685773244130485,-0.0023365944102623644,0.0005422997044919331,1
2021-11-03,0.02280014435632327,48.033747715867754,0.014165166271908307,-0.9193674388886894,0.004907723570556154,-0.003611964660323874,0
2021-11-08,0.021200648119081622,55.29429054190579,0.013884436821908677,-0.04310019050672749,0.00010234460817523986,-0.03128093551705968,0
2021-11-09,0.01999983370931191,54.44032246941564,0.013518362411155909,-0.1951561891923932,-0.001180431439378155,-0.0348697905842581,0
2021-11-10,0.018693167344519868,53.45072359555968,0.013131503408155297,-0.3440332964195487,-0.006679685187959589,-0.02669389470087502,0
2021-11-11,0.017279955953246162,48.41904542058222,0.01276863895165613,-0.9841926852216175,0.01453822376600094,-0.047396742074307996,0
2021-11-15,0.014183120196591403,55.79539154136975,0.011953312899340084,0.2016650305713561,-0.00582288381475572,-0.0621912895525234,0
2021-11-16,0.011972903638683308,51.78899173867563,0.011878512390416674,-0.25308284887284094,-0.005002956945784183,-0.04624088094196899,0
2021-11-17,0.009863137366788122,48.37722003379023,0.01182252727149236,-0.7555586806072279,-0.005908288519920404,-0.027767456716195738,0
2021-11-22,0.0058251679435727954,35.595971106899825,0.012427228321121454,-2.7327884851639377,0.004518645496370303,-0.028955261439762903,0
2021-11-23,0.003943729347872793,38.79473458321619,0.0125906624537188,-1.9376962448678567,-0.00544179322819357,-0.018662164552209037,0
2021-11-24,0.0019030444390273349,36.79276584998178,0.012990618586633437,-1.9770216310393838,0.006405334107328505,0.0031409164082882857,1
2021-11-25,-0.00034979721774741623,41.27253202355407,0.012826905746260298,-1.3477492433924485,-0.027605673961080535,-0.0011063021241713988,0
2021-11-29,-0.005002420070150948,32.19940078055636,0.015530120618728441,-2.133152605181655,-0.0011932261840928004,0.018429794601735994,1
2021-11-30,-0.006211709676084198,31.003561547665342,0.016703901469325662,-1.9868687670226142,0.014055112830948135,0.02011995310622927,1
2021-12-01,-0.007885240478406552,37.49458010615234,0.016873006773003962,-1.3299922281763803,0.01548034900465373,0.003174714057859962,1
2021-12-02,-0.009257704295705493,44.65944558237084,0.01685903310401256,-0.6567130920012685,-0.00934683705130788,-0.008806635954631159,0
2021-12-06,-0.012743030215053963,35.19646014535171,0.018385028524336756,-1.567395944063256,0.01851616431876311,-0.01762336656861152,0
2021-12-07,-0.014532521214293825,42.50449565243549,0.01879041196180262,-0.8519181380837373,0.0196167364264135,-0.023627916179144393,0
2021-12-08,-0.015722989631632323,49.3245081473966,0.01914779859266937,-0.07933857280169099,0.005246211308118402,-0.029439504357532287,0
2021-12-09,-0.01675589296336155,50.34399622876676,0.01871525517307642,0.10761129222923298,0.0024262576646346488,-0.025361295547244866,0
2021-12-13,-0.019200798953508347,46.90070775881205,0.017025740087104755,-0.15926333303053133,-0.0007600074849222418,-0.01623652354151972,0
2021-12-14,-0.02108602182426622,45.911562893683865,0.0166717147850021,-0.19612265542574112,-0.003699899519173414,-0.005290096252131726,0
2021-12-15,-0.022934321453660145,43.54995361820298,0.01654938743467653,-0.47831024484476936,0.005580243603610469,-0.00045297020410994815,0
2021-12-16,-0.02427911551655515,44.35408562703296,0.015048602058029223,-0.28445393393674145,-0.01303891291549794,-0.002577118507705811,0
2021-12-20,-0.02668686912641205,32.221108346986526,0.01620409439604711,-2.4978129002598566,0.011240432282721313,0.06088165831420089,1
2021-12-21,-0.027635716593676363,36.94916328011329,0.016446063231693293,-1.6389146952739198,0.012074545735106926,0.061678472749929325,1
2021-12-22,-0.027902034937615783,42.07687948047313,0.015968334163535516,-0.8373700040173565,0.0072543510739887474,0.05719699718586968,1
2021-12-23,-0.02825352435945727,45.12681688905975,0.015248766032442497,-0.3116192781212209,-0.004029826209783606,0.039437507857928766,1
2021-12-27,-0.025948201095556622,45.922045401611165,0.0146529915188696,-0.2576820684520669,0.009393518179822957,0.05367185785353712,1
2021-12-28,-0.024012645589928217,49.77291503380786,0.013931561197622537,0.29484642447203235,-0.001006774694268263,0.047727503517908776,1
2021-12-29,-0.022475114158998055,49.26785759335544,0.01372193079337106,0.20385086553262208,-0.0006912911677414884,0.058020984725126956,1
2021-12-30,-0.0216843931549473,49.004863937164785,0.013682303141243687,0.2102288210141512,0.011974040299159189,0.061256374864873564,1
2022-01-03,-0.017559694870323495,59.645545448399844,0.013579834234666412,1.6855010850087082,0.012541390755996161,0.038716216710374285,1
2022-01-04,-0.01541604255222151,63.25271106381476,0.013743963395126237,2.0017388286848363,0.008744611842012931,0.017287080004493083,1
2022-01-05,-0.013888961547256384,65.47397330024033,0.013657729731304804,2.080538388562052,-0.007620535278447918,0.0007336238336983492,1
2022-01-06,-0.012644583675570753,59.66867189263426,0.013546199608759612,1.430613128712239,0.006108431073594091,0.0006254745676845808,1
2022-01-10,-0.009680962341261257,64.77141278387374,0.011400493430101716,1.7758801102305337,0.004457472533790963,-0.047446919998394343,0
2022-01-11,-0.008026331477054227,65.74054247644203,0.011037838720253343,1.6704036883187743,0.010270966312670519,-0.04307773320133479,0
2022-01-12,-0.0055145136425902574,68.5246945929737,0.010978219636428572,1.7551632580684773,0.004112615463215369,-0.060519331244477725,0
2022-01-13,-0.003049764795487242,69.30439501549513,0.010412761130508702,1.6175398720595198,0.002037442471614766,-0.06330727212704668,0
2022-01-17,0.00448112348091767,70.20577668750678,0.009671151629271471,1.414800777924467,-0.010036520081030642,-0.03994133829300062,0
2022-01-18,0.008261124137276976,62.21871031700397,0.010389492617161676,0.9450286280054735,-0.007671307441694939,-0.018387337686634364,0
2022-01-19,0.01118895677781806,56.067806828530244,0.010994742719718197,0.5042155883169858,-0.007486753985889945,-0.021083327589936918,0
2022-01-20,0.013443775837880478,50.485219831710005,0.011502875312251104,0.0269551891209967,-0.00783916202061163,-0.013555173663907238,0
2022-02-08,0.01284231552334636,43.586744755414635,0.01910773202366646,-0.9521220041846903,0.012359013711323872,-0.01010906981626536,0
2022-02-09,0.010589049227808012,48.52370532547436,0.01875348436790375,-0.4252612827249996,0.008809606836283977,-0.022936059925743768,0
2022-02-10,0.008344701978613589,51.79849402216256,0.018265635478265114,-0.011755603896189303,-0.014202643719156327,-0.07712774130135858,0
2022-02-14,0.0022084988735706634,37.325282762138,0.018997716177949202,-1.8021347106620473,0.03074602766343288,-0.0029033407958750646,0
2022-02-15,-0.0010324363499771838,48.006038389270095,0.01870072311542322,-0.30937268836943044,-0.002022724187665415,-0.04301986368548927,0
2022-02-16,-0.0034624531069609166,47.48874178948528,0.017998160262264105,-0.32314151639370914,-0.0018472953893384672,-0.0475775868348125,0
2022-02-17,-0.005088424750397724,47.17026746319774,0.017647654934074563,-0.305053481514538,-0.0015342515847992877,-0.06121204904539579,0
2022-02-21,-0.0070198008384697586,45.251900252985244,0.016735436093242538,-0.5906602203909261,-0.0077324980518865905,-0.06934529197865336,0
2022-02-22,-0.006868661933714826,43.00471151007801,0.017453871908789324,-1.1008763641103916,-0.0006757011547893233,-0.0436953489610461,0
2022-02-23,-0.007186131283067776,42.43074744968529,0.017160524144935546,-1.1435134657322192,-0.04692834014622068,-0.02744785485619683,0
2022-02-24,-0.008550935761995615,30.204253427014464,0.02111980866542515,-3.157083834918529,0.02511700243918985,0.023541370993853228,1
2022-03-02,-0.013282153860907142,39.68449951681555,0.022321185988468727,-1.5004481834299914,-0.006042967940471346,0.02224506324564124,1
2022-03-03,-0.016655905613188415,38.17224238685023,0.022959439168053777,-1.61072763876507,-0.014492668523104366,0.04782383146115032,1
2022-03-07,-0.02302791326717646,30.472915807870166,0.02401434837881925,-2.319782382041739,0.009314014286992987,0.09155492910369989,1
2022-03-08,-0.025371968909864484,33.96773397063882,0.022992969838038373,-1.727899062002716,0.02199712119444517,0.07694782700065428,1
2022-03-09,-0.02719699509021256,41.018251018161074,0.0233788875791708,-0.9818039248191173,0.01630741446313999,0.05367890021280175,1
2022-03-10,-0.028988562256724637,45.71185953518096,0.02390926271371118,-0.4358099235714539,0.0031846897619738934,0.03363078995582813,1
2022-03-14,-0.03223483352821377,50.70457434642905,0.023784268879576808,0.28839328842241035,-0.01199082298828007,0.02690960263743003,1
2022-03-15,-0.03198112241898077,47.152503320453135,0.024124030780075186,-0.1543231593959715,0.02074956490427894,0.05012602772609975,1
2022-03-16,-0.03234378340455746,52.52342292558986,0.024235785006860577,0.608614029582507,0.020423755539828562,0.028830062525175837,1
2022-03-21,-0.03149998503251816,54.08066748672609,0.020968817712985557,0.9984134500625713,0.014324461152293072,0.05466892570249615,1
2022-03-22,-0.030902621817763043,57.02661212371857,0.020186705494818845,1.4593920069663948,-0.0024977621206433544,0.03707085505038843,1
2022-03-23,-0.030151392125866816,55.66909538840648,0.01996839475455857,1.2801321886791648,-0.00016528171222526022,0.03258792723210435,1
2022-03-24,-0.028892376472676506,55.20510344380155,0.019474868069279214,1.1898188801160168,-0.001666400545789768,0.02420059405437569,1
2022-03-28,-0.023653819615076066,55.01145563228468,0.01761513269598064,1.0553013115601113,0.008480432005574223,0.026300616580536618,1
2022-03-29,-0.02064840200525031,56.92602513188967,0.016538570839463432,1.1720217745749,0.010972347386645834,0.011832406408889495,1
2022-03-30,-0.017727804345201603,59.99558954324387,0.015432761388383736,1.396789451950472,-0.001785892875001786,-0.0012915354035403226,0
2022-03-31,-0.014252199920698816,59.116802545056416,0.014287140947684417,1.1937857922697581,0.014214346039880331,-0.016667837179175193,0
2022-04-04,-0.005167748048160892,68.33339139883812,0.014692723890945615,1.8880517561565175,-0.0019885666881704353,-0.05078542488046256,0
2022-04-05,0.0007160473089173891,65.66685397201613,0.01398030554174723,1.6245575708353253,-0.005009098681786901,-0.03145225750743219,0
2022-04-06,0.005732563010937053,61.626996948797505,0.013506833682271797,1.2850200845756832,-0.00434085288790805,-0.03569820599182871,0
2022-04-07,0.008933738835777527,57.36099529271451,0.012885211439707119,0.8510030644022215,0.013560391742189792,-0.03886729152018775,0
2022-04-11,0.014185073661925562,57.12904102858249,0.012012972733775724,0.7607967240036291,-0.00555301277165095,-0.03601418144102697,0
2022-04-12,0.015598688592986854,53.56003151032042,0.012070530365805712,0.29048533429123496,-0.0006303817252137315,-0.016271825769532566,0
2022-04-18,0.018861369117755933,45.5175772117253,0.013132668283369831,-1.105765453984229,-0.011896154048677263,-0.006087860115463473,0
2022-04-19,0.01887985168351869,41.4337950935432,0.014224741728761444,-1.6925854366803963,0.012032184441269127,-0.01657270919420384,0
2022-04-20,0.019439053446224763,45.769411657246096,0.01452139831778611,-1.1047200372718584,0.01596582779361648,-0.026487266686224697,0
2022-04-21,0.019811330495723922,51.351581945518035,0.014640063731693152,-0.259086009409994,-0.012352932523047979,-0.05642340026306536,0
2022-04-25,0.019233412077010348,42.89428098055957,0.015528836863329586,-1.5738441491495876,0.014748822119477601,-0.04210814865913204,0
2022-04-26,0.01968623227446442,48.25183347609464,0.01458217317864568,-0.8073039515330751,-0.008546159165464041,-0.060096107444125635,0
2022-04-27,0.01982608869318714,45.24445514637691,0.015008132152642926,-1.2559888379506738,0.012782867193028291,-0.07221337463709332,0
2022-04-28,0.019746159297054033,49.55311714301168,0.015269609736307949,-0.6021135986493144,-0.006367089470642959,-0.08483015847164488,0
2022-05-04,0.015323650346283246,39.346559743779466,0.01775522519822948,-1.8090028156578501,0.001001366564503171,-0.0262207880588331,0
2022-05-05,0.012049947486552748,39.470889608692275,0.01801209818550298,-1.6552565562738146,-0.015779890153002008,-0.05234480010986342,0
2022-05-09,0.005198011980020567,33.732550274179005,0.0184190454533388,-2.074476989883785,-0.0033584906428969744,-0.005345983195206405,0
2022-05-10,0.0020942172712490326,32.853021217802095,0.017417271222831612,-1.9203280304989727,-0.0038238678719799794,-0.007075065375066525,0
2022-05-11,-0.0016042624764239788,31.799025453996464,0.01792840052751947,-1.8632335030809488,-0.022041653604234584,-0.008739960048589235,0
2022-05-12,-0.006578906594617795,27.17694642775524,0.019027908528175153,-2.2584764482122774,-0.001353744939271232,0.022909311147836453,1
2022-05-16,-0.014405653534112273,28.860470809709042,0.01923198362628377,-1.655324825347582,0.026047366884851132,0.05170338877788061,1
2022-05-17,-0.016699011962891475,40.85516579430433,0.019494573937214727,-0.7833720733968019,-0.002044971498582917,0.02000399651089113,1
2022-05-18,-0.018518980135157848,40.51993095372746,0.019280972057590457,-0.7457374619367159,-0.02899267934398576,0.017391932335570237,1
2022-05-19,-0.021930750031165736,33.75520890512685,0.020624269745422814,-1.388403356613282,0.02807504386049983,0.05177929517557356,1
2022-05-23,-0.028773307369175383,43.51409162654604,0.020958495941531506,-0.506630383079965,-0.006783979597988446,0.021884498736528313,1
2022-05-24,-0.030965920341725073,42.01403065149892,0.019636583192858166,-0.6141876619414729,-0.006905386177963259,0.01805869785371428,1
2022-05-25,-0.03378334087427848,40.352016539634675,0.019413115359385835,-0.7410913641478112,0.008314729806716041,0.020619887889516963,1
2022-05-26,-0.035822366182315935,43.82886950722958,0.019058705173510652,-0.3519472002916272,0.009693763235861966,0.01904430146354974,1
2022-05-30,-0.039170947129954614,54.107178427936795,0.01878442455620338,1.2201434060291911,-0.005029612677224543,-0.05323682158788379,0
2022-05-31,-0.04015955768285051,52.44638774671701,0.01819398381837658,1.2419520445433743,-0.004609758941221033,-0.05140031726628114,0
2022-06-01,-0.039749395993954106,51.08832858095422,0.01730664291739528,1.09384666556562,0.005958451226339485,-0.0502700585178012,0
2022-06-02,-0.03935435957416511,53.30590158747173,0.01659827781479819,1.5137872583903267,-0.0014042578782775166,-0.07622085582300941,0
2022-06-06,-0.03644305194301012,51.87209607728346,0.015415729355107755,1.1345113178944042,-0.008467385935940007,-0.07359284549855549,0
2022-06-07,-0.03499685325952717,48.020467964295044,0.015706878539413417,0.5670671246251403,-0.0031401383743412683,-0.04736435463359401,0
2022-06-08,-0.03352077953485877,46.55991609568361,0.01469838350892516,0.3275974195711318,0.00728773404661831,-0.05765075706916312,0
2022-06-09,-0.03067223086579407,49.887822090015945,0.013615681792471131,0.6700037332280928,-0.01570263656057689,-0.05591962911947401,0
2022-06-13,-0.02632749610794649,35.497279904916354,0.016080295353087394,-2.110187151212687,-0.002342427585834548,0.003654618409252519,1
2022-06-14,-0.025886027671578105,34.82814589941229,0.01604248965284294,-1.9362807029082665,-0.0014905581554433066,0.007506981831409298,1
2022-06-15,-0.025218459317869035,34.172988615528325,0.01519116496253503,-1.7958113285828772,-0.021896322815659397,0.006815459709963889,1
2022-06-16,-0.023410474515938584,29.254474052509764,0.01704244388013752,-2.421347984098088,-0.0026919267754211356,0.027319922483291403,1
2022-06-20,-0.022915993849165983,30.292390730985147,0.01657243498897636,-1.7333972941362386,0.01877829220168723,0.03160875994064094,1
2022-06-21,-0.022019259511972256,39.26112666546808,0.016936818399414154,-1.019377700425484,-0.015052293502532255,0.011001471138209151,1
2022-06-22,-0.02106083803983816,35.426366481226566,0.017414001541764073,-1.3587514361043498,0.010357950428236519,0.03740276302318302,1
2022-06-23,-0.020402090893482328,39.47359686651968,0.01741424339523776,-0.9822176055167559,0.010005342118429258,0.03704203575515641,1
2022-06-27,-0.020772868266711986,46.64848818388435,0.017255469537754673,-0.3100473183859364,0.0009885135219740826,0.024251451962892467,1
2022-06-28,-0.021435472825458546,47.110564861941484,0.017059948517894788,-0.20678001341314775,-0.004435287532411784,0.013129147065066293,1
2022-06-29,-0.022264334978415734,45.90510463000779,0.016775363855164312,-0.24858134098642848,-0.0008069832895688668,0.01060508417521322,1
2022-06-30,-0.023240877718697428,45.44318702380941,0.016142010307018038,-0.21152182235682807,-0.0016476291566990384,0.010037888539471851,1
2022-07-04,-0.02448653605833717,47.38822462771508,0.01499019635534077,0.13056129517165074,-0.0037447616148552597,0.027984882023863955,1
2022-07-05,-0.024979777773859957,46.67419749216781,0.015625797158917897,0.1631553358899802,0.011359313070595976,0.03350232330325986,1
2022-07-06,-0.02465186380201323,52.32471647898597,0.014032152106595927,0.8785049052793651,0.009903200618314081,0.0332117857117773,1
2022-07-07,-0.02462682974669772,56.311410298832165,0.013658417461060182,1.6836979653751418,0.005721203698042852,0.02927865405091623,1
2022-07-11,-0.020877738744945806,58.42386707902512,0.012386566405148795,1.748146918319157,-0.01059139121854958,0.02559200789343863,1
2022-07-12,-0.01863014217931147,52.69317388761262,0.012205739110160069,1.0635822939238422,-0.004882198342355961,0.026500302638718942,1
2022-07-13,-0.016905495904657508,49.64543124972406,0.011957724382792502,0.675235084920734,-0.0021357260158350534,0.04228503625415514,1
2022-07-14,-0.014190621875703857,48.7183254315592,0.012068583529938831,0.5003416679063131,0.008134290306741294,0.0621727181702203,1
2022-07-18,-0.008462557597607279,59.195540072183874,0.01167731340144099,1.6990006678591738,0.0042049328869368015,0.06521183040513567,1
2022-07-19,-0.006397836014793157,60.80743090353746,0.01162707178195512,1.7207210570579856,0.01095741559816645,0.061497282898904215,1
2022-07-20,-0.003382815978923648,65.11918633297577,0.01187330082514612,2.2097727859083895,0.004639615542623402,0.052497347397789884,1
2022-07-21,-0.0011064715993971408,66.9520445325058,0.011211371101168521,2.196301400135971,0.007067042049953993,0.046777374625494916,1
2022-07-25,0.0024043664867796632,65.42151188149114,0.010641471129914445,1.6470801242009927,-0.008399975948529897,0.05376102515633452,1
2022-07-26,0.004093594679065671,59.45610385776688,0.010573318543649589,1.0554253324454523,0.0102797826139245,0.06375333526625426,1
2022-07-27,0.006210059906693655,63.32217038233032,0.010704734913599499,1.4013283466417201,0.016936221173104993,0.06112314599367519,1
2022-07-28,0.00837644636674617,69.1032336568945,0.011211533911813275,1.982124689756899,0.0160813248338275,0.04539686696573764,1
2022-08-01,0.0148646382716906,75.28909822507714,0.011468272142085904,2.2422362782839365,0.00036039218274704397,0.034844143559448426,1
2022-08-02,0.01807493918326264,75.36186290679396,0.011400672778358748,1.9512118042229545,0.003557174015608915,0.03522830533495025,1
2022-08-03,0.02067642961750127,75.96475148473812,0.011245334919705476,1.7771933676458591,-1.7275593910403136e-05,0.0212960447089674,1
2022-08-04,0.022999287608640673,75.67751233971684,0.012029262106119631,1.5527136329642732,0.001964676101714501,0.006253550727764345,1
2022-08-10,0.0315683738181709,78.06122211302959,0.011025642894313943,1.3372359312249664,0.008565847816478749,-0.0007015087896889982,0
2022-08-11,0.035317498467733355,79.92197760329584,0.011115936177829194,1.4268646142536092,0.0030607622175660722,-0.0056684755294750255,0
2022-08-16,0.04319624907578801,82.22244563590854,0.01087421822875656,1.5123145524869923,0.008350514018036131,-0.003699764028554986,0
2022-08-17,0.04652772805196581,83.68780758044639,0.010674329060343643,1.5841217717994207,0.0020117865054264483,-0.022372025509564297,0
2022-08-18,0.049484873320429834,83.83551711166223,0.01027601953978066,1.4697459979553849,-0.010970957591958343,-0.023225616420237793,0
2022-08-22,0.052852609128513084,60.43505126470984,0.010645645120128099,0.33603677466272724,0.0054229267831853965,0.00942789013535994,1
2022-08-23,0.05369724331762615,62.59586928459447,0.010913705503179796,0.45681183508953443,0.00226141373915517,0.00266820598065709,1
2022-08-24,0.0543093463190607,63.27885996687172,0.010694228226773562,0.4450555397460163,-0.0041720778536397905,0.011008312426348477,1
2022-08-25,0.05516501369756632,59.74764122404834,0.010978566430200239,0.12090475396978098,0.0074932893005334456,0.0177429756961327,1
2022-08-29,0.0542293966805667,51.1694473873332,0.011540943120594086,-1.1124173064707188,0.029723477739966527,0.04373330716065338,1
2022-09-01,0.05076264960024668,55.8172093241231,0.013194475348699938,-0.24681359163605054,0.0011371741034260625,0.01907332891408231,1
2022-09-05,0.046976239235698714,58.7739493032975,0.013101596592108914,0.3063723016445548,0.0009707580744487078,-0.002465259389555885,0
2022-09-06,0.04518128475442018,58.423094586240374,0.013255015762353698,0.1771754756874277,-0.000257686483362758,0.00909911836354138,1
2022-09-07,0.043471671664965905,57.296547784015516,0.013402494965198838,-0.08629645717767828,0.011345044650787572,0.005330633477889757,1
2022-09-08,0.04185670017201781,61.73680250100334,0.013539492891756042,0.9380507841766443,0.003803637895919698,-0.009492195730037234,0
2022-09-12,0.03850511768197218,65.00732023838489,0.012299071507463682,1.5020390195293785,0.009430591748534395,-0.05129521046155938,0
2022-09-13,0.0368083718873351,67.92831577993591,0.01170051996614984,1.9380953706929047,-0.00274768354837816,-0.05880727196005653,0
2022-09-14,0.03460180732126128,65.02942584214517,0.012521224186925342,1.467934916283872,-0.006218148996736832,-0.06360621485107265,0
2022-09-15,0.03194410446415019,59.792598575174104,0.012592137079244307,0.8734050016693642,-0.01741027128240747,-0.05925362514146648,0
2022-09-19,0.026295805667780003,50.978447267739384,0.013011370315125156,-0.2820755397080515,0.011542226446679706,-0.041702982912227404,0
2022-09-20,0.025236837784640587,56.164240449290766,0.012197353815236891,0.6536462052573254,-0.004759699712341221,-0.030418815337121985,0
2022-09-21,0.02386769547634926,53.11087382484292,0.011798113981695071,0.09965691970268478,-0.003993013510556703,-0.021816299861273314,0
2022-09-22,0.02226747994243894,50.43986071561275,0.01195015491442728,-0.38121060856309663,-0.016673516898876695,-0.017876004076017415,0
2022-09-26,0.017412460377955297,36.29094741100884,0.013971273802552314,-2.5875464818999037,0.00013805695962955844,-0.0019246251239333212,0
2022-09-27,0.015282681733698622,36.12684034553584,0.014242339325664152,-2.287336651401811,-0.008743275704085117,0.006832273956109969,1
2022-09-28,0.011749756549801038,33.40697761083375,0.014511888132813469,-2.2599762563498618,-0.00264551092074091,0.0092386084021705,1
2022-09-29,0.009041336594633798,32.68568888379458,0.014960937482502384,-2.0056079055090175,0.016951997981155716,0.02185738091181766,1
2022-10-03,0.0042350207455059685,37.73223866307198,0.016588711425985028,-1.4957126103225984,0.02402096243686478,0.03550584450754379,1
2022-10-06,0.0008307901318742594,49.4704686766539,0.016160844664311357,-0.338994969874685,-0.00017025243292628244,0.013394363368816498,1
2022-10-10,-0.0038963023946941844,47.250408439816596,0.015221410484869951,-0.4428209694260016,-0.015242735340177442,0.028406124934748478,1
2022-10-11,-0.0070087402930353315,41.48773218550059,0.015512917682330688,-0.9854396137206554,0.007728019920009875,0.03961473291367179,1
2022-10-12,-0.009933437580594062,45.38955005852542,0.015416072622335953,-0.5556400207893987,-0.006584457237208009,0.035818964666704645,1
2022-10-13,-0.012598266147054393,42.98169547258476,0.015415772423844771,-0.7911699391310276,0.010646918323882633,0.045399982344865863,1
2022-10-17,-0.014989485176007067,50.87239576383443,0.014592453724359097,0.2867019041854064,0.010986680193085416,0.04815210271353476,1
2022-10-18,-0.015487478473532379,54.9916415839771,0.014372365322314827,0.9421458432834406,0.00044037305499489073,0.034076864018456554,1
2022-10-19,-0.016502856628135887,55.57116290368908,0.014015308862877619,1.2010529817414781,0.0016245770817570973,0.030861209653242794,1
2022-10-20,-0.017131127251032607,56.79533264918324,0.013671890699664875,1.520965786009483,2.851188213788103e-05,0.03149640009687804,1
2022-10-24,-0.016409247631970603,60.81404902169317,0.012141956392345018,1.9580467809246873,-0.004275058866658165,0.02404015622576594,1
2022-10-27,-0.012537763927401246,60.19604034616178,0.01112871816309357,1.5588647342258544,0.005257430694531385,0.03454652727720808,1
2022-10-31,-0.006509127251314029,66.45821190981891,0.010882714625978469,2.045378454931691,0.011048111273544468,0.021718678942201253,1
2022-11-01,-0.003722034371821392,69.03068411858794,0.010220631442919504,2.0729391459841775,7.437749214381012e-05,0.014562919214311076,1
2022-11-02,-0.0006783718057028487,66.45323566377542,0.01004979514166666,1.70088841821308,0.0019880932154830782,0.01443637407207432,1
2022-11-03,0.0009013637706263289,65.18974515796592,0.009989231366488186,1.4288669019659506,0.007827127652093232,0.014122606751803657,1
2022-11-09,0.006253901131334283,66.37364193328179,0.008780772026137106,1.2118103580883635,-0.003544087679682687,0.006072038332323615,1
2022-11-10,0.008688962898656394,60.580643366343665,0.009052898062444522,0.8151898451014532,0.021954537801998127,0.025288182424279215,1
2022-11-14,0.014064712304018956,67.19263452734944,0.009331365047397558,1.4006199912369457,0.007250723931152576,0.012744704713344657,1
2022-11-15,0.016529459344954756,68.76208152882481,0.00907907962406319,1.5142590348725546,0.002632644421499387,0.011663626616217337,1
2022-11-16,0.01863855346754395,68.89696115804011,0.008779180938059482,1.4275197178776047,-0.0016975004935950665,0.018941110306340825,1
2022-11-17,0.020283299778039998,65.68386728191423,0.008714275112644717,1.1161965078740737,0.0006541471071841452,0.025545254792949335,1
2022-11-21,0.022848208009145887,57.156608686469355,0.00883361328920291,0.31146018019104443,0.006665810558821169,0.029796424867824856,1
2022-11-22,0.024221296798559555,59.769462559984404,0.008638363679991852,0.5666373152199026,0.0023322909786179895,0.021845342537172074,1
2022-11-23,0.025235066266970918,60.47961706865547,0.008436260650402847,0.5913079824251032,0.01964718279981943,0.016053319465163085,1
2022-11-24,0.026938400549932018,66.47507672709301,0.008783029960913106,1.5404051816701942,0.008764310626352237,0.006776094191597748,1
2022-11-28,0.030155129725228713,68.43682730608525,0.008860300342275331,1.8417363468557568,0.009203916445569678,-0.003533938095109823,0
2022-11-29,0.03100257898950165,69.8102384154632,0.008630834425368501,1.903290386557221,0.013774224904804037,-0.0005398406830064983,0
2022-11-30,0.03130298937144649,73.01799617475643,0.008611596695965375,2.2097539005402305,0.010126178186276385,-0.00522694321018502,0
2022-12-01,0.031973823679583235,74.1592424066651,0.007809014594209776,2.086307077518191,2.6578073089314233e-06,-0.021134862956810663,0
2022-12-05,0.03325985473725779,67.67765640935602,0.008147945336938103,1.2891751769246635,0.003759105280890514,-0.015004588019264409,0
2022-12-06,0.03331951711735215,64.35725345981443,0.008269788308170354,0.926699919765888,0.0014751042630513202,-0.013809616003540248,0
2022-12-07,0.03302237583530454,59.892819016726314,0.00844209224562916,0.47947828286931365,0.008601600172409227,-0.01947147925028958,0
2022-12-08,0.03280699660683828,61.59673046472552,0.008048582110186098,0.6471535259013986,-0.0013810052427652615,-0.02590095893287847,0
2022-12-12,0.030086976575144808,55.73562406759453,0.00860713387817172,-0.040417179687216344,0.011174673125854084,-0.026087844400863647,0
2022-12-13,0.02860667109410886,60.0808917307205,0.008731858441261823,0.5212115939700737,0.007572012037833268,-0.025564231446152164,0
2022-12-14,0.027515084574861737,61.97743307025278,0.00804000321897085,0.7389420972127321,-0.010358931697619256,-0.02882058481020766,0
2022-12-15,0.02597360165587781,49.979083139594124,0.008856201964141792,-0.6541372313928341,-0.004683728328441488,-0.012158653366324379,0
2022-12-19,0.02422492642773566,50.56209836299245,0.008846937596194059,-0.7583752151340499,0.00019004863607980393,-0.012106110841912043,0
2022-12-20,0.02340413024807564,49.21217671069444,0.008934943509407187,-1.0981872169643023,-0.005950448271239024,-0.008308267665426472,0
2022-12-21,0.022135490631783217,42.707201342086925,0.009738128325833182,-2.2157424772204126,-0.0015797270190329369,-0.008580116268200544,0
2022-12-22,0.019866513103925287,40.48641594487699,0.010079489233700169,-2.199999597342457,-0.014533266862065106,-0.007458300394894923,0
2022-12-26,0.014534596030246982,40.672809854223615,0.011717879804365647,-1.7009922298679099,0.006850021277230111,0.004807190348540047,1
2022-12-27,0.012147309801692874,44.80030829048567,0.011806874404623285,-1.1330199051888006,-0.0005487875681111148,-0.01203103749804224,0
2022-12-28,0.009503929269980782,44.522543180029395,0.011879078456634412,-1.0597501963697422,0.009366809215064147,-0.012514872741067773,0
2022-12-29,0.007022240046240968,46.99608468284092,0.011764841400182193,-0.7274653228672675,0.0008713099884557498,-0.018294804092683248,0
2023-01-02,0.0026760257660565223,47.76082561521785,0.011802660786721696,-0.5235631247854292,0.006586130825770313,-0.01662868272017004,0
2023-01-03,0.0008348484959979086,49.04793859266263,0.011834976390556393,-0.3064315734916871,-0.007102724287112739,-0.009831317743227541,0
2023-01-04,-0.0009213344498469889,42.899402156335235,0.011760605623393957,-1.0299635911299958,0.0012775506360149774,0.006783835011728634,1
2023-01-05,-0.002974303919932031,41.40189909388509,0.011960162066583258,-1.1468103006657706,-0.0027206525936169026,0.00643053866481047,1
2023-01-09,-0.0062714366225054,46.99808764444993,0.012396766764139696,-0.4223105020424325,-0.00635036482173682,0.0009585863505676695,1
2023-01-10,-0.008060031749476004,41.7997498924426,0.012370702810239467,-1.193064377040209,0.002724081706969424,0.011396040904727345,1
2023-01-11,-0.009878210358338468,41.314306692455816,0.011991701792127392,-1.2769249849849307,0.0012824746867646868,-0.0002095475540888625,0
2023-01-12,-0.011156331602909408,40.29017480839068,0.011362124734308685,-1.3698338580076552,0.009354290385259397,-0.014214737234450436,0
2023-01-16,-0.013102795074860119,42.326440578838394,0.01105724551225357,-1.0231960635415012,0.010838335882040041,-0.013003697925915492,0
2023-01-17,-0.013849135048363714,48.370975068385995,0.011278111705124166,0.14018385034662834,0.008078811765075071,-0.02420609977616195,0
2023-01-18,-0.01395041169918343,52.18714193129692,0.010871963865294767,1.021167902679522,-0.002873581323645911,-0.0305498782398107,0
2023-01-19,-0.01408960236240231,50.13902600131105,0.010577704429775016,0.5874844467229973,-0.002874422446498176,-0.014015956262062201,0
2023-01-23,-0.012626582736918412,50.69793136229359,0.010703131037111943,0.5924138906945848,0.0005353197872777577,-0.02191404743368819,0
2023-01-24,-0.012356794208557176,50.68837923743018,0.01030982972616572,0.5986540503940525,-0.012683351712971497,-0.013610634102906527,0
2023-01-30,-0.013773396388910841,37.15900091674362,0.01144462642375164,-2.0003719898148713,0.008482135644141431,0.006909826209111625,1
2023-01-31,-0.014703208852242189,37.72321721601946,0.011139024068552817,-1.6936628815872266,0.0008549134188674338,0.015156660589420223,1
2023-02-01,-0.01571564256177782,36.497545829895216,0.013060738153719552,-1.747626904698124,0.003913944227348028,0.02268063159720013,1
2023-02-02,-0.016193505408227615,36.33393668086774,0.013161651206297009,-1.561618021839314,0.016566892455796522,0.024158974771322672,1
2023-02-06,-0.015342187555681175,44.0231318378106,0.01313065013097172,-0.6771813522591785,0.0010160876699678407,0.0045033381983898835,1
2023-02-07,-0.015475377703617066,42.65821587394281,0.013055765343549602,-0.8167343273420036,0.010594475636938182,0.005936247989730026,1
2023-02-08,-0.014782252854118383,48.63504590163767,0.01304955007769448,-0.002225806721186148,0.0041490616164916,-0.017759835459126516,0
2023-02-09,-0.013848090110656575,49.45660793244901,0.013175399853441726,0.114836248338329,-0.0009136985580661333,-0.02135972858433044,0
2023-02-13,-0.0123146364154616,44.868064525609356,0.0132228451386318,-0.49067466535450094,0.009805333750389287,-0.02128204894303043,0
2023-02-14,-0.01137472747250845,51.316068469354775,0.013348836668625824,0.34928511474796226,0.005872909863669069,-0.03490829004487217,0
2023-02-15,-0.010791983469453759,54.42206815093775,0.012920945338852097,0.8260798744699225,0.0026088356443950728,-0.03135845552662775,0
2023-02-16,-0.010575615606456257,55.13887500929054,0.011859897090809266,1.0185497466109277,-0.004704497498742468,-0.03958500620779681,0
2023-02-20,-0.010091204408956389,47.18989904097693,0.011328347904375645,0.03632498514634319,-0.00025215524435961566,-0.007461663110392647,0
2023-02-21,-0.010164445794854093,46.49039776788902,0.00935955032086734,0.0174586845052614,-0.014573601964223613,-0.004055648622205754,0
2023-02-22,-0.010572551771022787,37.404125374166,0.009868144466403305,-1.688318249242768,0.003913526354941954,0.0020108364647997146,1
2023-02-23,-0.01036640195175964,36.19994509523007,0.009397004349244873,-1.7190009509001438,0.002741095010350489,-0.005616367156827784,0
2023-02-27,-0.009452138743486493,32.908997953162796,0.009586104750630276,-1.9793402867974175,0.0006152455760555901,-0.020088798932562213,0
2023-02-28,-0.009217061827472617,30.602875503976207,0.009668503432119984,-2.077531330283363,0.01321957076724045,-0.019174745830013995,0
2023-03-01,-0.008644211976287508,38.31125385948075,0.009696377561361694,-1.2862619808248859,-0.00295115950880481,-0.026663425429897525,0
2023-03-02,-0.008478142579763648,34.670563165503495,0.009984876217369787,-1.6792339636727753,0.020185406998659193,-0.012807463636903882,0
2023-03-08,-0.008275187827659458,51.811426770708294,0.010416730346857705,0.22165129142452503,-0.006156242296006585,-0.03393524910692802,0
2023-03-09,-0.008462457467250384,46.2416912834244,0.010776861929415125,-0.42638101669433737,-0.007791513872888572,-0.02914786181242801,0
2023-03-13,-0.009838909209996194,35.0378753228529,0.012484797339224106,-1.8580462429031448,-0.0016643512093017854,-0.009828530154040727,0
2023-03-14,-0.010702023737558353,32.79096842600228,0.013039487623354313,-1.9314234812234574,-0.0003491566173935123,-0.005374637441168395,0
2023-03-15,-0.012033271185233563,31.400923831710614,0.012989775611757095,-1.8798690414838612,0.004427818964915022,0.006395702702761907,1
2023-03-16,-0.013548660247919453,31.987825846432898,0.013179863542826104,-1.6489421885836388,0.011336096166939291,0.022027505606484032,1
2023-03-20,-0.016723279785549106,34.3118960383635,0.013659538602913914,-1.4436469066202093,0.01010981642920195,0.03347286251499049,1
2023-03-21,-0.01797145502273656,39.26317253207783,0.013372584210141751,-0.9393162354991287,0.004530176823030835,0.028738880059915317,1
2023-03-22,-0.018826181452931245,41.047178031927636,0.013071229628523926,-0.7017225817585782,-0.003754708758698272,0.027527584691610762,1
2023-03-23,-0.019247867686291498,38.9651817580898,0.013192211812469691,-0.904791056280354,-0.007135392714001836,0.03779376677627733,1
2023-03-27,-0.020188023782583775,37.37300606848302,0.012573807739329562,-1.015073676334699,-0.0008889371320866135,0.04958882000690368,1
2023-03-28,-0.020322080882020588,36.44503987292121,0.012530555153667466,-1.0367990744885256,0.006630649812714578,0.04454717965911881,1
2023-04-05,-0.017949711067053564,58.43137491681804,0.010700010663578096,1.280592362814386,0.00496377323480043,0.0038161306722170885,1
2023-04-10,-0.017607314887340353,60.323228549301675,0.009634969892470462,1.7291121794388098,0.009313932465777787,0.008238697252533678,1
2023-04-11,-0.01678378318747631,63.099962276455926,0.009327834372319505,2.002709516727373,0.007671081787181537,0.005151635177165881,1
2023-04-12,-0.015553180465528227,65.48543957848241,0.008626207386529403,2.034726955408554,0.003775437779312225,0.0057628611738946844,1
2023-04-17,-0.012050972403672477,59.92700547860638,0.009332743620057619,1.2595615248558683,0.00031063632132992923,0.024894365230086812,1
2023-04-18,-0.010083968733185289,57.755123244787164,0.00934246052061287,1.009475534949216,-0.0005945810422187992,0.024331571886166303,1
2023-04-19,-0.008278632711705258,55.82355226485184,0.00893549194243146,0.7962555417375998,0.002102873359347245,0.03615754700248308,1
2023-04-20,-0.006797031995435354,56.04150311223009,0.0086393831392844,0.7350748912624547,0.0018639323613614286,0.025223527596939466,1
2023-04-24,-0.002879774860138795,60.725021183246355,0.008250151547323769,0.9439918805612602,0.0021923424213293684,0.029450320492181215,1
2023-04-25,-0.0011708096694617032,61.68107018897525,0.007392785728857436,0.9303403564626325,0.0025690448386961437,0.030718775940177467,1
2023-04-26,0.0009999058637499836,63.33033951330277,0.007379392509619668,0.9784553036571803,0.010000808064151302,0.027136592335363474,1
2023-04-27,0.0037459710280045577,66.84570115918919,0.007182902282725603,1.2404089032065584,0.010946059888104815,0.022313640350848596,1
2023-05-02,0.00957005158875135,73.33085387580212,0.007433659835717308,1.9558967188710756,0.0001267166451580253,0.007651106693499443,1
2023-05-03,0.012265796031334819,69.51625028616402,0.007380615803545487,1.712228648813671,0.011321287630764182,0.005080218609300857,1
2023-05-04,0.01454524047037542,73.73992054312517,0.007674465628968532,2.1761379676188404,-0.006907436313586074,-0.00689378483080616,0
2023-05-08,0.01806730973413706,68.2750441687555,0.007736755417015844,1.8694814779818139,0.00229953398287083,0.002737565916790974,1
2023-05-09,0.019479032448362466,68.31275360885398,0.007572439826850196,1.6492345412237055,0.004355140830477132,0.004492007519969254,1
2023-05-10,0.020880479795709395,69.54969503691608,0.007663267938393131,1.6356873349747791,0.0020911920460097598,-0.0016215701461321785,0
2023-05-11,0.021653130748274574,68.48942841918696,0.007745799223526105,1.3889074901317062,0.0019893971689348778,0.0013199098554408373,1
2023-05-15,0.022686073480729485,71.30832687774925,0.00796671569852765,1.4360720011408479,-0.0038290225134022214,0.010859417055520293,1
2023-05-16,0.02329351081766906,64.38002205151983,0.008317994331786524,0.9355974046953666,-0.003390479315341919,0.01899486557706509,1
2023-05-17,0.023753699196591427,58.65762049448665,0.008668809014730234,0.48508006484607913,-0.00034650129937983265,0.019395844218790925,1
2023-05-18,0.024414203169232263,56.00648171699372,0.008924648931300133,0.2095185533569045,0.00526481238851382,0.01973534381883213,1
2023-05-22,0.026147939133767784,62.759604685499056,0.008815264798139016,0.8851967658428139,0.002806513359908323,0.015258442143322837,1
2023-05-23,0.02711818625507556,63.87915465490702,0.008799509702303093,1.000970835582446,-0.0028395465445824365,0.013679965118813975,1
2023-05-24,0.027959820025047932,60.24524557434696,0.008551896986146688,0.5854865777102504,0.007374714608061738,0.02411760150606823,1
2023-05-25,0.028543271965280725,61.589118717395465,0.008283149949751765,0.8089506313622947,0.013762760743671705,0.017105934067620954,1
2023-05-29,0.028759203104379738,70.23238311230047,0.00814708752553705,2.494417015426466,0.006148274577634949,0.00015321592240025161,1
2023-05-30,0.02828640531663562,71.16144266864212,0.008024935179933156,2.2537179407548305,-0.00023074187380140294,0.004416735294922258,1
2023-05-31,0.027731133739163027,64.98983959014198,0.008186311556796739,1.4273393588973244,0.0019207316462747216,0.011950750784041508,1
2023-06-01,0.026651787943436478,62.26202362331129,0.008081598614043662,1.005810125068881,0.008016118781355261,0.010836884389663348,1
2023-06-05,0.025386171065758134,65.91763274004524,0.007506697480627242,1.4580108352028796,0.004254115865555802,0.008691024869509567,1
2023-06-06,0.024609952179177386,66.09485784801419,0.007110972388108424,1.3318569284286292,0.010721006505726192,0.011704888367654265,1
2023-06-07,0.02395936170488633,70.21997118677244,0.006862722558582254,1.8392220267025248,-0.0008784598364795635,0.00696605946839135,1
2023-06-08,0.023125494371486477,64.1592942918283,0.0069141872508749185,1.1676870590285469,-0.00016103319501643688,0.00733579362093062,1
2023-06-12,0.020713004983676786,61.347100854009255,0.006670539002231003,0.8326931598985888,0.009426659140391825,0.004822149759428074,1
2023-06-13,0.019910481995177642,65.51436955542235,0.0066210900413772285,1.3236760557574234,0.00545516076992746,0.005409766318757336,1
2023-06-14,0.019609427866616347,66.84885618169159,0.006393791525157998,1.4115483355912077,-0.0005571788294537342,0.01152699759794329,1
2023-06-15,0.019654521409337322,62.41246684454721,0.0061786717933933945,0.9791163165532889,0.01129330402964712,0.02680589157517632,1
2023-06-19,0.01963384232526466,62.79212981467257,0.0065757898039453715,1.1625927102606006,0.005825015438221639,0.03377955781600983,1
2023-06-20,0.01955745906069728,64.93473572042606,0.0066646549736391605,1.4450623105786355,0.0042542414224399664,0.030919385726815518,1
2023-06-21,0.01974536795409576,66.30450581962575,0.00651902597502811,1.6546475663169145,-0.0014212135075668659,0.03396384789305351,1
2023-06-22,0.019806128866087125,60.84720503911501,0.006669762364558263,0.9868449621894437,-0.0034813877605379792,0.02986219784244515,1
2023-06-27,0.017869512305391577,61.151934139302185,0.0066549317666318025,1.2354337697582234,0.007912868211550753,0.030126392533340374,1
2023-07-03,0.018039123880343677,74.85037934108092,0.007301967298514402,2.8077898551531772,0.007030604824794938,0.020126661428023107,1
2023-07-04,0.01824592185672924,76.13611952610918,0.007301809107520464,2.4626000302253104,0.00401516323688682,0.018580122750012862,1
2023-07-05,0.018584535705256977,76.32248961998944,0.007306705070163746,2.0836506441255227,0.007093331958656522,0.022406391763538425,1
2023-07-06,0.01876469729515584,78.2269659017742,0.007321519121680161,2.0446499153410387,-0.005067408168879146,0.02471365727908248,1
2023-07-10,0.019527611878021878,68.93198601494427,0.0073375544010860815,1.2681333249046416,0.007488652372131687,0.016348979503080674,1
2023-07-11,0.02027192145564971,71.03754393644522,0.007233100817500173,1.386338718860758,0.0011265578636654222,0.012407749925575029,1
2023-07-12,0.020709929324599807,67.77346883003979,0.0074928029220535175,1.0903533909355767,0.0046686862616957085,0.020325726702564717,1
2023-07-13,0.02102385617384317,68.60381470150651,0.0076860032814555215,1.0707353193494857,0.009534479428240218,0.012679177934453723,1
2023-07-17,0.022508423733928584,75.68357814449871,0.008117095765335576,1.6296251324055442,0.002998297111192677,0.0021485768007212247,1
2023-07-18,0.02353769922153348,76.43740637287132,0.008069728913756218,1.5507720773186822,0.0049546185298175146,-0.0007949273390128742,0
2023-07-19,0.024534214056027404,78.06295074196608,0.00778493028285314,1.5886184846164049,0.006910128077271233,-0.015458946427387987,0
2023-07-20,0.02570289640366208,80.57439654289637,0.007741803938327169,1.7444182352536621,-0.010148098725966694,-0.02990617660500572,0
2023-07-24,0.027897934447831396,63.75569316105184,0.008274288344427637,0.7604084531778055,0.000955675910519707,-0.0038149397309020783,0
2023-07-25,0.02911982767141974,63.98594055848088,0.008384784071639395,0.734531753688855,0.004745810213043917,-0.005576557735960441,0
2023-07-26,0.03003482023527715,66.68507363269528,0.008364314076954883,1.0501869203854246,0.0016735117498758944,-0.007369187151717971,0
2023-07-27,0.030242352292613628,60.74364214001042,0.00857454887544093,0.4996475486635898,0.004674469735300512,-0.005941066787179539,0
2023-07-31,0.029256519052929697,63.46677071741972,0.00867843414288689,0.8282916544730893,0.0029740716432537437,-0.01616144677853726,0
2023-08-01,0.028628014951197933,62.39239638648354,0.008488442693978594,0.6432988178466789,-0.006942530655971614,-0.013608842332884397,0
2023-08-02,0.02769351996572511,52.59170956025398,0.009044097438415112,-0.546265856993906,-0.002990839596006725,-0.008260587497351812,0
2023-08-03,0.02621231164595783,47.02340692666681,0.009331366458531982,-1.2909241080759266,0.010040404478100007,-0.0036890563269361687,0
2023-08-07,0.024868569385399608,54.896510277043056,0.009091995546603353,-0.25736039689178675,0.0007117928589097391,-0.010248940134253925,0
2023-08-08,0.024172313637085274,53.79098027622814,0.009020525170930225,-0.48266591284116905,0.006067717702358394,-0.006481558639857665,0
2023-08-09,0.023753364584541137,56.016096708570984,0.00879043609557526,-0.1760335108490522,-0.0018209952261600355,-0.012522650023388704,0
2023-08-10,0.023015349001561658,52.09926520728827,0.008311671594557868,-0.9165521499231648,-0.0019827770491643464,-0.014189091478200133,0
2023-08-16,0.0183276308759317,49.14928301780554,0.008842801926993505,-1.0855520379011696,-0.003652709992293786,-0.006039084574878006,0
2023-08-17,0.016305914820105905,44.98187897889759,0.00842636738165012,-1.5610467593164756,-0.0017428125121028647,-0.005755113863750827,0
2023-08-21,0.012251946535581926,46.97475050215024,0.008200055819110631,-1.1511842072525171,-0.0003763927028519268,0.006971432565290314,1
2023-08-22,0.010666173681872282,47.115998336633034,0.008092790536007128,-1.0221177640454668,0.0017761385530656228,0.009200197926046094,1
2023-08-23,0.009174820093504454,49.53186702696235,0.007321578383526318,-0.6120445236763218,-0.0024891997531372896,0.008591379410100908,1
2023-08-24,0.007464801686480005,46.75976684047573,0.007248337805239434,-0.9509224333151904,-0.007035711299326352,0.01755593144865153,1
2023-08-28,0.00439937536084023,43.75928595872794,0.007328571321624018,-1.230351533054946,0.001608263600971851,0.035755568860070364,1
2023-08-29,0.0028045438088337704,45.821860606561295,0.0072059470724297895,-0.9051375609668727,-7.775078490427112e-06,0.03363286907363583,1
2023-08-30,0.0011982016514013871,46.10097561016112,0.006982834087030841,-0.8276284926006308,0.003452691902416884,0.037346048726142334,1
2023-08-31,4.516132419607466e-05,41.597233001374285,0.007118441740877287,-1.5316529619317498,0.013415492436253887,0.04411071028386648,1
2023-09-04,-0.001160739604906036,55.655518190467355,0.00688689933146188,0.9835744285573578,0.006387961050315672,0.030954281666921046,1
2023-09-05,-0.0021516852880827386,57.5896762191296,0.006490273459274439,1.4440977454661723,0.004288635328903359,0.01667952293419428,1
2023-09-06,-0.0029908073224292897,59.096335397566456,0.00650088866907589,1.7118426343230095,0.008038795091017159,0.006695144976654355,1
2023-09-07,-0.0036786935210992855,63.56879703086478,0.006704346073470601,2.4782974660109076,0.007370550233905138,-0.00267656741169775,0
2023-09-11,-0.003204429075939985,71.69602566324248,0.007101477519955267,2.732445266590872,0.002497975460560099,-0.016585546717462374,0
2023-09-12,-0.002459404526559017,71.49002707518565,0.007425020611780016,2.201140931278448,0.0065997832466079525,-0.013842206891054198,0
2023-09-13,-0.0016074817145768083,73.48974603691428,0.007173643642341092,2.095949974236024,0.005082212257100149,-0.027227165857000468,0
2023-09-14,-0.00044148659596277007,74.32557012328697,0.007045294368348854,1.8859269153804725,0.007287452854120002,-0.023120754369054808,0
2023-09-20,0.002898829474240028,58.26929245929211,0.007642146896097795,0.7038276388502266,-0.0061654149063198604,-0.01787062134544748,0
2023-09-21,0.0033494179041499983,51.01341396295523,0.007801048216278285,0.1730680894920067,-0.0017272315630965831,-0.0045004577030085535,0
2023-09-25,0.004559854819484066,48.256765947656596,0.007670727018720789,-0.15742519298856397,0.0001270279955962729,0.0007775947870474198,1
2023-09-26,0.005370662520803426,47.82121833840284,0.007676747852622174,-0.26502538282030386,0.002763875543958313,0.00745754557411038,1
2023-09-27,0.006317460168466127,50.355964194849136,0.007771622209598431,-0.15636241771413723,-0.0040245187087004355,0.003933303628335327,1
2023-09-28,0.006997436926583944,42.13874101727506,0.008168905896990307,-0.9570895728810113,0.009498744405044468,0.011652593452338822,1
2023-10-03,0.008878131829451297,43.39261499660817,0.008287610814184216,-1.1929797716658312,-0.003046789989118607,0.014478653267618213,1
2023-10-04,0.008959609000779523,40.149814337220455,0.00832510024802114,-1.5466351363352933,0.006786361115446119,0.012090903253379581,1
2023-10-05,0.009015564057664793,45.35463065052795,0.008234722256482502,-1.0485837935169582,0.006791757799010015,0.004039201296957229,1
2023-10-09,0.008877887121689909,44.65124936124086,0.008466442976868715,-1.1256479645956134,0.011569615917323119,-0.011818136410604585,0
2023-10-10,0.00851521649532927,51.61398235434384,0.008846485313877153,-0.3393252654020217,0.008138731062155902,-0.028832074902171878,0
2023-10-11,0.007873362151411989,55.720184499398016,0.008413294107869632,0.22319080741554367,0.0016228268774675502,-0.04815924347342326,0
2023-10-12,0.007324046001293993,55.00239001982593,0.007984747080193854,0.1964230625085714,-0.0026245326866727657,-0.03772607860967969,0
2023-10-16,0.005335302618447502,52.33521016803732,0.007958536561361402,0.08376564156650607,0.004021437530882894,-0.03305081356823392,0
2023-10-17,0.003924207017733661,55.46891641357315,0.008128762019534108,0.7334239380903823,-0.006468465285314159,-0.041508699965928875,0
2023-10-18,0.0025888162992544483,49.32116579909469,0.008202396948557813,-0.021443090554489685,-0.0026612446896487085,-0.02734212220239418,0
2023-10-19,0.0018557903187212954,47.44946724662902,0.007839256578687896,-0.3328291358717751,-0.004935067675201306,-0.020081816540579944,0
2023-10-19,0.0018557903187212954,47.44946724662902,0.007839256578687896,-0.3328291358717751,-0.004935067675201306,-0.020081816540579944,0
2023-10-25,-0.00024552598684424165,32.000605359237966,0.008499690816735402,-2.7397207270685113,-0.00782079355982481,0.01680509790010576,1
2023-10-26,-0.001723088318799082,26.744504644798695,0.00916246421658589,-2.9254545565921157,0.014535523472404435,0.028532833857004558,1
2023-10-30,-0.003683537609731724,38.65803997099934,0.009528230257095281,-1.3276598222651688,0.0009038033228297809,0.015811711280480534,1
2023-10-31,-0.004819779717862627,37.18005370913438,0.009453266343269215,-1.3777829847610297,-0.0010141517521936008,0.031229670515843688,1
2023-11-01,-0.005871969163647184,35.050686375531896,0.009396739782460658,-1.4944089373208402,0.013149593543599295,0.04086801211012259,1
2023-11-02,-0.006381367287427664,40.86170223898416,0.009756966415981155,-0.9579991437127021,0.008903348882181467,0.03128327812838916,1
2023-11-06,-0.007603646790401486,50.53409935873308,0.009896083914105779,0.00016553115597648,0.0033562146637990628,0.0191456406879853,1
2023-11-07,-0.007893996363483313,50.36908245193535,0.009811798409888429,0.0008981582495588314,0.0043361717673603825,0.020876831554825115,1
2023-11-08,-0.008703805212988858,51.6089968403276,0.009359371211550683,0.15955907922645868,0.0021138169568235424,0.018438038419008818,1
2023-11-09,-0.009857424369867807,49.85231789919655,0.009073643718754477,0.07493218128355376,0.004503627952727832,0.020592536408927886,1
2023-11-20,-0.012779117811306806,58.864119153825065,0.007209786576132687,1.3451953480593695,0.0074794353610236255,0.05895702291941718,1
2023-11-21,-0.012338459181682526,61.754598056702285,0.007025020567683436,1.5521460399648,0.005090106219693066,0.05834683650602357,1
2023-11-22,-0.011071390655680635,62.653908771704565,0.007012587966743895,1.4660595326343875,0.0028720382875344784,0.05498228599184096,1
2023-11-23,-0.009318609962888358,62.10937969373457,0.006663661374843089,1.283225697282207,0.0012599737400262967,0.05895366077290176,1
2023-11-28,-0.004467075604871473,65.05530792641562,0.006098287707869693,1.3725205238715183,0.012154572001878364,0.05111697068382792,1
2023-11-29,-0.0020549106986695875,71.03652584568044,0.006463973053810284,1.832310026313028,0.00865820059149847,0.04128807938298795,1
2023-11-30,0.0006033343540292613,71.9499288016151,0.006735882571736316,1.746019076530285,0.012019957367809092,0.05213038236746703,1
2023-12-04,0.007185103041075003,81.83734719171679,0.007887540005600642,2.6672031210849556,0.012365334855539797,0.03537761189435962,1
2023-12-05,0.010345423211597593,83.7461135470121,0.008158166233028206,2.5047771169732114,0.00883239083366428,0.028674041898662628,1
2023-12-06,0.012999478475864912,84.60144612143958,0.007648887775774629,2.2139905900046832,0.004446562168904701,0.010146825095507461,1
2023-12-07,0.015534440604419553,82.5318782864475,0.007122987225570171,1.8393595385473562,0.008317705299751276,0.01693210105716192,1
2023-12-11,0.020757792944182674,83.68526084198322,0.007162899372063305,1.5754527149594943,0.0012311410197558324,0.021157684073739746,1
2023-12-12,0.023277583600120888,78.15106117539767,0.0073157772367615495,1.2764448093380638,0.006100983765344772,0.03579523951481289,1
2023-12-13,0.025574912146742568,78.48803255149446,0.007509502961978539,1.1961023249033553,0.019176798539446125,0.04073092657274291,1
2023-12-14,0.02778048886020512,82.2717592140087,0.008080048004977528,1.4876711727677907,0.01767483819619151,0.025903269748990043,1
2023-12-18,0.032232839458953055,83.1648428300714,0.00879441670670365,1.4836055361026523,0.005093673382089153,0.011539027255105694,1
2023-12-19,0.034671174729913545,83.55860537814253,0.008621641668002703,1.39329521422058,-0.011003053809149663,0.0029949052197530968,1
2023-12-20,0.03654393714411763,68.40602120758297,0.009970391468768446,0.8065847758640997,0.009467999313317599,0.02403998124643958,1
2023-12-21,0.03834667495473787,70.40714666086036,0.010435846773919361,0.9012568278738609,0.006930080773080888,0.021441962415918336,1
2023-12-26,0.04290395080477993,73.71251491582858,0.009324953712172443,1.1011633701330894,0.011214330954235498,0.004827121514531241,1
2023-12-27,0.045364850417644265,77.00045298349558,0.009644059813254433,1.4778580099167333,0.013278841824541926,-0.0016647978503561145,0
2023-12-28,0.04743688279529423,78.66928730337013,0.00977365816231451,1.6497156265584414,0.004924572407780213,-0.0060380098314957165,0
2024-01-01,0.05096404169530455,76.55371438096844,0.00982140426858211,1.4942567564109916,0.0006829950054137438,0.016353162407013455,1
2024-01-02,0.051310854011915596,72.65522070364781,0.009952166271754765,1.1700639224350702,-0.003037080508325603,0.016916060647856446,1
2024-01-03,0.05098144977242658,65.6335224026871,0.01000804855602079,0.6325704544996925,0.012482968186192081,0.002537469082679822,1
2024-01-04,0.05056671606059138,68.73016081255125,0.00955939497442435,0.989287470061548,0.006244650765253306,-0.009065665043736737,0
2024-01-08,0.048921277203440194,61.17087017969547,0.009505880165481337,0.31640938347977726,0.004827313717287154,-0.012745745305164369,0
2024-01-09,0.04750554490364811,61.98682763699149,0.009638194909054761,0.3558398448228475,0.007623649902551505,-0.00421912393324142,0
2024-01-10,0.046616310114488746,63.88205644262719,0.008572926478965575,0.5753225787495748,0.0027638471975306726,-0.012308770600971686,0
2024-01-11,0.045818497001650416,64.61526052944083,0.007971662863326642,0.6598675563275387,0.013849402789730124,0.004176077917123822,1
2024-01-15,0.04310059914111597,73.93102974353947,0.008443758242236114,2.3100163993446583,-0.0030749801969154034,-0.01682320870250331,0
2024-01-16,0.04166512358227892,70.90348538660356,0.008209201926868585,1.7385764626828033,-0.020095530904643055,-0.015198211290986308,0
2024-01-17,0.039606193129776646,54.05768934014116,0.009494137830334341,-0.24435946304947856,-0.002062827902047964,0.013065651121365374,1
2024-01-18,0.03830956253858253,50.95115213307862,0.010157031324102285,-0.8761892910111786,0.00977996249228303,0.014418302775804026,1
2024-01-19,0.036986246307538995,55.015502214745304,0.010262994430211425,-0.21592025934754427,-0.0008463625820626328,0.01419823860689906,1
2024-01-23,0.0349426624860012,45.327046526603205,0.011651347975381247,-2.11447793773519,0.011243535885548437,0.032567715374996364,1
2024-01-24,0.0329404044083057,50.583427326260356,0.012095506059139286,-1.0340538590890367,0.0016127930991725944,0.012305426721588075,1
2024-01-29,0.027982608687745936,56.505804717356106,0.013034845900764157,0.46723090034406295,-0.004926928975580636,-0.005591639845669905,0
2024-01-30,0.025686026812305585,51.539871021843354,0.013298784906321309,-0.5199712279961979,0.01331191639407706,0.010275502606105658,1
2024-01-31,0.023744162059062823,55.517391703027194,0.013440631393043743,0.46414069912343403,0.0011852682388135498,0.005263423807382539,1
2024-02-01,0.021917549445650497,54.84474181810526,0.01339558254834154,0.3197233484186983,0.011704176776252028,0.009830684662493594,1
2024-02-05,0.01898565571576305,55.76217904609525,0.014179620162919869,0.5535677903206591,0.009546833215066473,0.01610121367780537,1
2024-02-06,0.017472197718426674,58.882781386206126,0.014054359788490792,1.193152303270414,0.0033881277213016927,0.01220046254613405,1
2024-02-07,0.0164204582294476,58.90454979289313,0.01418003088897719,1.0817408161215742,-0.005284877225781512,0.00567934070130649,1
2024-02-08,0.014996181539461695,53.05723491121083,0.013871182043839489,0.10711524121061326,0.005739528166056415,0.022999409150876948,1
2024-02-12,0.012074957780571882,50.15386189914159,0.013727566292852975,-0.3756120780191654,0.009608564526974584,0.0234085312400778,1
2024-02-13,0.010204968078254328,53.244061129265496,0.012549384168485786,0.2278583093302623,0.007984087015510493,0.020930615679578768,1
2024-02-14,0.008129487636264088,55.50478428204203,0.012479044645078485,0.7896984682594638,0.007554891717177393,0.005086966623281786,1
2024-02-15,0.006700975887609983,57.134959454262784,0.0122663244945811,1.2264727286830106,0.008536905400317162,0.0032883758543180708,1
2024-02-19,0.007104960552463124,61.77996669058466,0.010862692477515364,1.7764481968665458,0.0042920588999763015,0.012808354004452571,1
2024-02-20,0.007226578957361118,63.35948911455442,0.010431133541643343,1.8082185090704406,-0.005712461541466694,0.007178984865424454,1
2024-02-21,0.008102544623910912,58.420414306214475,0.010748437649083812,1.1738228151265726,0.008533157353235237,0.01899791590397104,1
2024-02-22,0.00872936895679155,62.06511313363646,0.01050236666206272,1.721419889954348,0.0005131453722588941,0.012427239499077647,1
2024-02-26,0.009270895674989399,58.57927711882275,0.00989461745997972,1.067029191963061,0.0036614697050895402,0.009657713907839094,1
2024-02-27,0.009883761361845211,60.497051573061114,0.00966577145971817,1.3360664098046797,-0.012478387549046285,-0.009038977858978336,0
2024-02-28,0.009942888871112388,52.08325707723414,0.009669031872630435,0.02949338155867223,0.009537067791417893,0.008906139155399062,1
2024-02-29,0.010075008830361165,52.98485343670356,0.009737485263629015,0.1262223599043654,0.020943610567707705,0.0018445706044694088,1
2024-03-01,0.010367125037483715,61.71050965680675,0.009945407363885625,1.7816610217815996,0.007307929047059482,-0.012670842426277251,0
2024-03-04,0.010657515080887858,63.095771733713875,0.009529029838719791,1.8264962798901196,0.0012340839391519994,-0.02625015178700707,0
2024-03-05,0.010615566539154297,61.33350142835504,0.008933724315844464,1.4164195858998012,0.010589820787728818,-0.02313447009573122,0
2024-03-06,0.01081923799664497,63.92520396783477,0.009248606633359571,1.6804321229017813,0.0034839833509374835,-0.02056156084178329,0
2024-03-11,0.01225141407983421,58.23821922699758,0.009279978356880807,0.8403517093831546,0.005122527213474983,-0.014684829885335482,0
2024-03-12,0.013380889768884296,58.31901787219582,0.00936441934260379,0.7995842347708663,-0.010407071499013893,-0.009493717928785173,0
2024-03-13,0.013715693517239114,47.37569720387036,0.010448821288813255,-0.9478751644881672,0.012130849621879812,0.014965254711474696,1
2024-03-14,0.014041177843717056,51.6788620602434,0.010087788010609826,-0.2746303986468122,-0.0006073329549958949,0.014239155981280671,1
2024-03-18,0.013502967601364269,49.14389560596052,0.010690143939300593,-0.8764640793823025,-0.007671451132510924,0.01718155330812854,1
2024-03-19,0.012660368912262632,42.756412528143564,0.011232491532761868,-1.9788744612901492,0.004244344988341617,0.03195612671695014,1
2024-03-20,0.011725174690349949,43.47538997598659,0.010918492981332002,-1.6311691443085143,0.012060954679282133,0.03088953397535721,1
2024-03-21,0.01116629791647461,48.98445965121393,0.010968879955699793,-0.7571110576575873,0.00697352059667879,0.029727106672707393,1
2024-03-26,0.009552668990683522,48.69509550276993,0.01088792519231827,-0.70279193983508,0.0073780050177491945,0.034042799451750705,1
2024-03-27,0.009118025034216881,52.29025659048708,0.010962243043401949,-0.12471803835512384,0.016477823638429954,0.01788809681099024,1
2024-04-01,0.009841294612822127,60.93361901342306,0.011518647664468246,1.3115389724173723,0.00514201762977473,-0.013983599384516099,0
2024-04-02,0.010524941855174275,60.6159258340227,0.011173494640351632,1.1456034548169933,0.003977108738710227,-0.020373448711692443,0
2024-04-03,0.009950128002277125,59.89492903455381,0.011112894150268065,1.0181048192864637,0.007916308312485021,-0.01282170150265427,0
2024-04-04,0.009232109332328431,61.983756333266186,0.010356729900584201,1.3175231469732243,0.0035909777843437184,-0.007917067194355476,0
2024-04-08,0.007902821107289348,65.87216058795826,0.009630549117730062,1.7389796678256941,0.003046338236502949,-0.01164285223124295,0
2024-04-09,0.007155426317018154,64.76077925521358,0.009479687995369064,1.5510021156379499,0.007492464475384017,-0.0031975087224387355,0
2024-04-15,0.00647318663402241,48.84174512244169,0.009373333847794365,-0.040669674890599535,-0.003221461443484117,0.014921971461443473,1
2024-04-18,0.0057592266047972185,41.21434416427064,0.009852508066881784,-1.0126617492488508,0.00603979355125149,0.02182229868472163,1
2024-04-22,0.006357081837734091,51.93545827377399,0.009859949062415748,0.09028220319420452,0.0015512620103972686,-0.0015177195086111261,0
2024-04-23,0.007151332582106873,52.82337315231891,0.009552557044981352,0.12235838413264455,0.002087804005722493,-0.0029282904148784095,0
2024-04-24,0.007602746098909874,53.82345220886676,0.009534700018132971,0.19750128674534823,0.011228690005927655,-0.019859496431961943,0
2024-04-25,0.007895546718247548,58.45403444127809,0.009926113581403521,0.8731348090121649,-0.0006357725787747493,-0.02282420961751619,0
2024-04-29,0.008488652796057927,59.07375025231201,0.010037626389262373,1.1205091853717066,0.003307789823210908,-0.01879358991621194,0
2024-05-02,0.008018555749436995,58.86577652130274,0.010091788035122727,0.9848603734233259,-0.003223179823037085,-0.010788919993811596,0
2024-05-06,0.007212616716758102,51.78037975396022,0.010957593217866822,-0.05843820266143891,-0.002713542526966712,0.0038476460277048208,1
2024-05-07,0.006574035200515249,47.32823961520972,0.011049376120950567,-0.7033779890134235,0.003555655195605841,0.01324070311624248,1
2024-05-08,0.0060051877237308204,47.32823961520972,0.011018631299341842,-0.6453962325805617,-0.010164779733213797,0.029824028275978076,1
2024-05-09,0.004503779243133943,38.00292508925258,0.011226073654868985,-1.9949001461897662,0.008338836388477674,0.045524290532847456,1
2024-05-13,0.0019726896755429824,43.249349074322886,0.010702627808478565,-1.086124880229495,0.009258448633478378,0.03547311834987821,1
2024-05-14,0.0012102659885779854,47.174523439659,0.010897449091674437,-0.48911843114652115,0.003114630436412695,0.021912544100108233,1
2024-05-15,0.0010469229953851134,46.64635866727365,0.011026116252997766,-0.5503791594366728,0.011342025755625014,0.01297713791940347,1
2024-05-16,0.0012143453381245894,53.268180282182456,0.011107791147729177,0.3539397615878722,0.0041890296650504465,0.00566195594001484,1
2024-05-17,0.0018343909191564922,55.105544623330054,0.010827908979577253,0.5769504459903676,0.003463012804970192,0.03551131683387898,1
2024-05-21,0.002519518698781864,56.948928167090585,0.010641338604999067,0.8123258118603677,0.005721466918494331,-0.028609762013871998,0
2024-05-22,0.002932432528546025,58.932181528738425,0.010392130100958238,1.0670950548358584,0.017917638210438444,0.00099783285742161,1
2024-05-23,0.003725883611554126,67.58373898718483,0.011075360155422407,2.324517022170264,0.002261859985303655,-0.006367651784690009,0
2024-05-27,0.0049487587906873465,66.08002467507272,0.01025761706140577,1.6407060152078525,0.00020934446225982662,0.014248369063555755,1
2024-05-28,0.005496344069801928,64.1047302202709,0.009881291286840847,1.3345110459997833,-0.006306773949026774,0.016458263875454904,1
2024-05-29,0.005301630126341328,56.56398017225062,0.010021691053228268,0.712602415836127,-0.0034067493255371954,0.02723004581753874,1
2024-05-30,0.004600931586435042,49.22072554075455,0.009842911459690549,0.0215562287737956,0.009429183418823537,0.04047597273242598,1
2024-06-03,0.00464046698709919,66.98728347795905,0.011065592876685824,2.147232580244694,-0.05827700290409365,0.012637605692228604,1
2024-06-04,0.0035484532334799646,40.03944533485666,0.017617342662207106,-1.6047913226039836,0.034654664260092824,0.0745504809339943,1
2024-06-05,0.003538530577153809,51.295454988576076,0.019357742643753003,0.31177611012361944,0.01234067534081375,0.041849503078973616,1
2024-06-06,0.003816088327248446,53.84486799650947,0.018912092993463817,0.7727123559858549,0.022073562566385763,0.029783414125156726,1
2024-06-10,0.007276459850211525,58.72129248851891,0.019701132316478562,1.5306347019646387,0.0021755169115714153,0.019867475150540992,1
2024-06-11,0.008726572096608542,58.787670583472746,0.019808255146563515,1.3981432533601692,0.003879259575726227,0.02595981414088433,1
2024-06-12,0.010104435036998538,59.508678556076994,0.019026797041971206,1.3906635808642713,0.0032714894044643195,0.030937373077583263,1
2024-06-13,0.011800141090826388,60.48199457472679,0.019086231051069477,1.4309297939382621,0.002895418513006107,0.026142220725683396,1
2024-06-18,0.014676251723245493,62.5993375348306,0.018623733093028116,1.4677628304183015,-0.0023049758138297674,0.024023754637116257,1
2024-06-19,0.015887321323493353,61.633222770605016,0.01880392415194518,1.230493851509339,0.002827861881272325,0.032764926007824435,1
2024-06-20,0.017082938640054834,62.393992111763296,0.018437868677221175,1.2127211935830244,-0.003381847498620984,0.031194059092162663,1
2024-06-24,0.01787180995584503,61.34198777505205,0.016883758400476113,0.9679981512169865,0.008216570070528858,0.03325287504442431,1
2024-06-25,0.018641884494863703,64.38088707652278,0.01143502918505541,1.2291124903000628,0.006182174413720031,0.03001093591219517,1
2024-06-26,0.01979972285100917,66.65084515052425,0.009392274887381355,1.367237873905816,0.009512384842071989,0.019089708011553297,1
2024-06-27,0.021376370300110414,69.17115793722184,0.00930061457847503,1.5162333019890375,0.0036494832498076483,0.01128945158976058,1
2024-07-01,0.024898310430176762,70.03481250892587,0.008208599653098086,1.4298631394290373,0.00253503893556654,0.018422290427758004,1
2024-07-02,0.024871112275249185,69.41060066114032,0.008206320950468157,1.255581661303168,0.00939113757934221,0.0202766307428357,1
2024-07-03,0.028197752344985894,71.83960026721084,0.008175482282190871,1.6741574099477354,0.0030037263500298818,0.021178416378440756,1
2024-07-04,0.03009967826351323,72.06942204099292,0.008058229708898643,1.6341403828326968,0.0031787149751489443,0.009412747280514111,1
2024-07-08,0.03213255053259023,72.2632484294293,0.008136123304927466,1.4187839265096553,0.006788465451912593,0.006517122141912912,1
2024-07-09,0.03300998910798092,74.13441829147227,0.007724265411799615,1.5338964797611294,-0.0031984848995963303,-0.0008062480305437436,0
2024-07-10,0.03359984254184156,69.27564148170597,0.008163593531300823,1.1475924781628586,0.00239268649935714,0.0033567210460025976,1
2024-07-11,0.0342511646961865,68.89556353943235,0.007990196075056466,1.0301477627235611,0.008457444099752498,0.02133991915992639,1
2024-07-15,0.03562373244963202,73.92150892767994,0.007857903762344283,1.4715925141782698,0.0023488627219207837,0.011006014271880638,1
2024-07-18,0.036648470411654976,77.41169033248136,0.007520336808017934,1.7099078324976182,-0.01095727016030439,0.008469499414673232,1
2024-07-22,0.03693259482838984,64.55700028282124,0.008251109912584025,0.7786378315614438,-0.0018829625549538014,-0.018509354248905985,0
2024-07-23,0.03670942810747291,63.301621744900075,0.009219549724768074,0.6282245572202271,-0.0036889004421350718,-0.019874136638200035,0
2024-07-24,0.036101404878538634,60.54925071421652,0.009278533777418232,0.294436932999776,0.0017162635427120836,-0.004751469473856629,0
2024-07-25,0.03521634258856321,60.23085105299231,0.009560403935633361,0.16519453881969945,0.02086979889360717,-0.011845383490279193,0
2024-07-29,0.034034153786555166,70.0786744397539,0.010493516641203788,1.8625623014162704,0.0037445650519896145,-0.01969309259777563,0
2024-07-30,0.033402404370655114,70.49634460629471,0.01062838973073155,1.748953031066436,0.006269756323162786,-0.0288969742761378,0
2024-07-31,0.032981482368460435,72.33714584882676,0.010041199588172975,1.9479855676566011,0.003250335479740922,-0.03235924508428145,0
2024-08-01,0.032348898861317865,73.47196405084908,0.009783741948139643,1.9076452661421508,0.0008536121867488871,-0.01878181083700925,0
2024-08-05,0.029881896567476307,42.128375810519046,0.012366301379863468,-2.0842713935553605,5.405770989365254e-05,0.026740135787316266,1
2024-08-07,0.026844262324208,48.869729540209306,0.013300013871944499,-0.9048723968373255,-0.006624138285831906,0.02115443975717657,1
2024-08-08,0.025356485700970044,44.9866329163498,0.013145290546013778,-1.446519310428545,0.011796657959115976,0.029280192006675865,1
2024-08-12,0.02213262048549347,50.35520048921879,0.012499488881733743,-0.6419821758446939,-0.007639544913130981,0.02754959543270208,1
2024-08-13,0.01983355374268103,45.72448479764929,0.012744639676161282,-1.2192171856315235,0.0014768631674883573,0.037837093888520634,1
2024-08-19,0.013774251025259199,55.636412185354466,0.011755961807812994,0.3009563028101169,0.005640401306807294,0.028733116570704764,1
2024-08-20,0.012592241765604584,58.20048193335386,0.011662783600265505,0.669675857921329,0.00402044598009576,0.023523362795790703,1
2024-08-21,0.011955573661453611,59.621415836912824,0.011644615797303054,0.8343320841281445,0.0028361007769700875,0.017299013068721836,1
2024-08-22,0.011480541495889396,60.459327062691656,0.011538866895679133,0.883524631514793,0.0017129153819801302,0.013445362407553008,1
2024-08-26,0.009998669640930435,64.55448544764045,0.009046170145561834,1.338884989756676,0.00028389525784656554,-0.002966710910928594,0
2024-08-27,0.009028418902759405,64.69649173312496,0.008122096035029414,1.2946609091572103,0.0012231315765805697,0.0009333217165812258,1
2024-08-28,0.008114782145579369,65.41845774278644,0.0075970996046325805,1.3233870434180963,0.0043608840020384855,-0.005344823647794428,0
2024-08-29,0.007209277032373729,67.48012635178691,0.007378446443805288,1.513529081753126,0.008943671891731859,0.009420787622231641,1
2024-09-02,0.0059905947639222745,69.9953386339583,0.006355582318708698,1.560018447467959,0.0030005808682488843,0.004155703596175675,1
2024-09-03,0.00702789331902598,70.01912895900108,0.005910131146788647,1.4094057924599273,-0.0012677927230672753,0.005486629628665307,1
2024-09-04,0.008122158035577476,66.04120394411297,0.006210494097703677,1.1230955604520145,0.001510029582070131,0.007097650594873439,1
2024-09-05,0.008678595553420765,63.476095180304995,0.005449792480666647,0.8970918998244158,-0.009508795474640118,0.010765563711430781,1
2024-09-09,0.009790855982567459,54.29852281377261,0.006338395985707346,0.24313777345576515,0.0058789403072832865,0.040208304924473026,1
2024-09-10,0.010354931992181626,57.40478046240823,0.006597853009529501,0.46504429124411517,-0.00409924527981067,0.03591299085417621,1
2024-09-11,0.011299592173411588,52.87124561853473,0.007006980874509373,-0.01945316434662822,0.01757134954130839,0.043570174144627716,1
2024-09-12,0.012785987822599543,64.46402227463878,0.008081691790516014,1.6859468942997837,-0.0006420282239171126,0.03257921288038257,1
2024-09-16,0.01431307670510984,63.894928996611974,0.007879182890839893,1.471395565974623,0.0026020584035061516,0.016825709730634797,1
2024-09-17,0.014870070593629547,64.67085442900222,0.007656095955825991,1.4993281981512616,-0.0008832439521517599,0.014884782874958091,1
2024-09-18,0.01523010059176877,62.95430326833908,0.007674792587154383,1.1992515779529023,0.004395586465830887,-0.005022201432029694,0
2024-09-19,0.015644351432256842,63.91655437862427,0.007999079593936692,1.2740614932206493,0.013847654133708961,-0.015785501913871514,0
2024-09-23,0.016934847246714346,74.0591904561488,0.008978997361582017,2.4921746946374053,0.00021778818344749361,-0.035695230270117895,0
2024-09-24,0.017613671313272405,74.08052007806047,0.00878206981910747,2.0764959490869304,0.0022281695156829507,-0.03694820270474275,0
2024-09-25,0.01836648690727838,75.12112794501051,0.008798314357335323,1.9330451576590755,0.011717345300573582,-0.03867464065419246,0
2024-09-26,0.0191910863541771,78.24728342892666,0.008414006865128696,2.1079839930912403,0.00492443426461222,-0.047749403283323666,0
2024-09-30,0.019974842897309664,61.28168539418512,0.008747424561313994,0.7812948978972157,0.006136969259914091,-0.029193149834413568,0
2024-10-03,0.019432362217361776,45.40529649321509,0.00891778439213857,-0.6069702591580783,-0.0030197745971145026,-0.01981180303202701,0
2024-10-07,0.01825252561357127,36.769744217927204,0.011153405690563332,-1.6106201779463658,0.013546676345744793,-0.0005908428107639363,0
2024-10-08,0.01826076652744857,42.610328716582735,0.011621308884943568,-1.1340413159935918,0.0028284965416239057,-0.021630653188443927,0
2024-10-09,0.018024111167916468,42.01055822574789,0.011892303132353173,-1.18978802476007,0.005441960515553554,-0.021873762289928433,0
2024-10-10,0.01806906550498133,42.47171580701558,0.01165230204793284,-1.175344823668732,0.002044158051679114,-0.023963439607113113,0
2024-10-14,0.016659683272127968,46.537577318166356,0.01075538952039767,-0.7584737908570679,-0.00038201361625001613,-0.03139129346601888,0
2024-10-15,0.015732873314113105,44.82038958499787,0.011011458635943187,-0.8611507782536149,-0.0003412016637147435,-0.023565940101624716,0
2024-10-16,0.014099427865153169,42.74988451668984,0.011116623143116683,-0.9728137780865957,-0.005105892655209064,-0.025247029676098487,0
2024-10-17,0.012236635603954493,37.89776019205523,0.011354906433695975,-1.3076992526118767,0.008052589966021791,-0.022000133681367884,0
2024-10-21,0.008124415731106893,39.64945822556655,0.011647420261659172,-1.0429249610811722,-0.00979777383579648,-0.03170763252582787,0
2024-10-22,0.005120611872661662,33.6104354343133,0.012576132589037909,-1.4638095576985144,0.00043111914357196035,-0.010575260490761407,0
2024-10-23,0.002054622956930041,32.96989054462341,0.011599785888578386,-1.3819317287689823,0.0006752470790448323,0.001986895346933748,1
2024-10-24,-0.0013463066249405076,32.315706684603285,0.010508024985199397,-1.3263459251908445,-0.008469486434773268,-0.00819900399383855,0
2024-10-28,-0.008927019209113651,34.4701139536828,0.01049940494556354,-1.3220967613701464,0.00569245874039907,-0.008128862602007958,0
2024-10-29,-0.01151849874600075,38.82870897917901,0.010611883980361591,-0.9731597778048897,-0.0039154860925900755,-0.023844524323289207,0
2024-10-30,-0.014135488902322524,36.26558958565254,0.010773186632072258,-1.3286296336689434,0.0019494139024105188,-0.032118797850995584,0
2024-10-31,-0.01577272273595831,33.690034874467074,0.011102767656938477,-1.5875725388445598,0.0073661563870138745,-0.02778932762716535,0
2024-11-04,-0.01773687822244363,31.58135087012677,0.011986098775905623,-1.808516703176968,0.012506606301237273,-0.019872584360625223,0
2024-11-05,-0.018707690948401523,38.62245015274729,0.012472184121611694,-1.0761940882933496,0.015437763819439959,-0.03565810371849798,0
2024-11-06,-0.019283361814257938,46.05008699728606,0.012430388414068478,-0.2440021788451147,-0.00749674891993624,-0.023558225164755697,0
2024-11-07,-0.02021109324244752,40.49997954974209,0.012593601909382041,-0.9820216444375631,0.0008471463471504436,0.0009318755096321407,1
2024-11-11,-0.02217243889110987,39.44651365227022,0.012052251611726727,-0.9901135171787777,-0.007526553059275262,0.00553406838287529,1
2024-11-12,-0.023430641328410773,34.82249849811599,0.012710827537403147,-1.7341442814068997,-0.009416530112134757,0.0012854580422536621,1
2024-11-13,-0.02491498699970951,30.04997184746506,0.013596521885699497,-2.4549682126238617,0.001810311423240535,0.02428148881873793,1
2024-11-18,-0.027545425946104873,28.601363990806945,0.012817287957178165,-2.0963967754802453,0.0034535647124091552,0.04277982996159513,1
2024-11-21,-0.03006306949252735,28.344955998670798,0.013020086276513276,-1.898363279928007,0.022982950693462678,0.0581801197124352,1
2024-11-25,-0.030054189762340977,51.07388686618139,0.014579480219917475,0.561071419336883,-0.00019818389753016363,0.01639423839463472,1
2024-11-26,-0.029090066611293652,50.50582839263795,0.013761388592227275,0.48168253734011773,0.004341895885428476,0.017175423391679878,1
2024-11-27,-0.02837042949573021,52.186305208321805,0.013193811495313923,0.7219835316952075,-0.006576768104336165,0.015114393250680314,1
2024-11-28,-0.028333041718927587,44.831159200808955,0.013807575146005379,-0.23073515068526282,0.0163083196770349,0.026534450012230426,1
2024-12-02,-0.026731313839864823,52.315565158801675,0.013700448085006619,0.8747944115325837,0.011161173668299953,0.016155808137167105,1
2024-12-03,-0.02566326124120155,55.69927842085148,0.013228373508162913,1.3582682079643786,0.004274807477778648,-0.0049535775300887375,0
2024-12-04,-0.02365516653276145,55.890968403048255,0.012650759189009066,1.2599921187054648,0.01213452119980191,-0.010977834549633636,0
2024-12-05,-0.02166988019202787,60.22709403050948,0.013071884316924414,1.7190112357126024,0.003029318296274649,-0.030625259422383033,0
2024-12-09,-0.01830629538516282,57.84019463156993,0.012560404946382876,1.3008045923526155,0.002583370567447847,-0.035157836681018684,0
2024-12-10,-0.016075681958593102,57.587989327079995,0.012101459073312068,1.1777144509954334,0.005073098786334974,-0.035855285243754365,0
2024-12-11,-0.013815722110286921,58.28298324482638,0.011658459453436264,1.148987846167526,0.00027389308151272646,-0.036182484000050086,0
2024-12-12,-0.011435429164104782,55.4153717267009,0.010367432228426964,0.8592507265587417,0.011489438961172046,-0.029952659469768883,0
2024-12-16,-0.0053256635871812286,57.248007273484134,0.010690133744431464,0.9068792849960757,-0.010158807373850944,-0.041488521429367764,0
2024-12-17,-0.002963335753398688,48.31621896637755,0.011293665102258854,0.05437741665218639,-0.0032318376068376665,-0.024371285723824743,0
2024-12-18,-0.0010794249177603632,45.18246625478438,0.010685266189405842,-0.4293244653885388,-0.007440420196886004,-0.00042147535583880735,0
2024-12-19,0.0010268726966411457,40.131173110993316,0.010957308170775705,-1.5440092884566683,-0.01361278027801714,0.0022149067907661912,1
2024-12-23,0.0015796567915167259,38.62240474205816,0.011987433169069124,-1.7247333195907741,0.0007220332968089712,-0.001917566905990431,0
2024-12-26,0.001694799554758042,38.838311743422295,0.010829091494697752,-1.3957029276241129,0.010208368317963184,-0.009418835467005171,0
2024-12-30,0.002610057499353946,37.40339094958178,0.011630119814867303,-1.4771996558556906,0.006806948082505506,-0.023639396345125574,0
2024-12-31,0.0022210684533041647,37.40144261936684,0.011818219815435772,-1.33115412468538,0.010702108302416448,-0.019824654237379447,0
2025-01-01,0.0016646068629562194,40.67872463539656,0.012226969163890686,-1.0046002938457874,0.022733094967122225,-0.02230987634872761,0
2025-01-02,0.0015788095456661377,52.776741779587205,0.012995321385773423,0.02150388446290806,-0.00397915506118122,-0.03625045611122013,0
2025-01-06,-0.0010126365968332607,40.69574481122941,0.01321210394252944,-1.1226207187804502,0.007579557666437437,-0.011487982633633265,0
2025-01-07,-0.002329528519598778,43.00252274397806,0.01260157293623689,-0.8189520689293965,0.0030981068827184415,-0.028819506946729967,0
2025-01-08,-0.0038338273374095566,42.634037723689744,0.012645122517358238,-0.7821232537674203,-0.001724399776992597,-0.022525254474041856,0
2025-01-09,-0.0054775978564715055,39.508780497282835,0.012301009205804398,-1.0982550620818265,-0.0010987609716701823,-0.013650580860944062,0
2025-01-13,-0.009407071334753825,32.19936124944938,0.011997383322575545,-2.063370436870766,0.008048219264863318,-0.011123598414417013,0
2025-01-14,-0.01166529707402053,34.893834032486,0.011939954082545043,-1.7802326378498818,0.0038768131636426903,-0.009440813851987917,0
2025-01-15,-0.013106553345312855,36.02274203299743,0.011755610292625954,-1.5516467552234854,0.007080057328644653,-0.002158238030996351,0
2025-01-20,-0.014694425175433179,41.34037178592105,0.01131073056920109,-0.8100291998490652,-0.010347080178626854,0.005885708376615728,1
2025-01-21,-0.0152503794904848,35.371321822943074,0.012055705485581636,-1.6652125746874227,0.007570130552165548,0.01461044510634446,1
2025-01-22,-0.015629699941276498,39.22961608322069,0.011075962046095079,-1.1229098332301426,0.004679281136015863,0.02521665189579325,1
2025-01-23,-0.01599905980561933,40.68840145121706,0.010928052797439226,-0.8754190789543835,-0.0039408847922744825,0.021156809965778622,1
2025-01-27,-0.017966982093818196,33.76722285951797,0.010749578264641116,-1.6693590738847062,0.006507014358099108,0.032011652454009276,1
2025-01-28,-0.018935456917324123,37.736311781805085,0.010854809181428835,-1.1705348379080003,0.008319811824151412,0.018484339778283454,1
2025-01-29,-0.019913016341458367,43.586719627282086,0.010880613695469322,-0.5246973727652745,0.011017540611089451,-0.003941563506813517,0
2025-01-30,-0.02166334883659482,45.885082730260116,0.010626968648327307,-0.17331121005116926,0.01594442891244976,-0.0087851351641971,0
2025-01-31,-0.022835499512958823,52.17306770466727,0.010245743866230759,0.969211469110954,0.002005649410063742,-0.02029061918607722,0
2025-02-03,-0.02278951157233311,48.50054117517337,0.011068950309178729,0.5255151266712076,0.018164817273142172,-0.01718890066247758,0
2025-02-04,-0.02230966285434166,56.97900432335311,0.011564333301614717,2.2500129416210686,0.0014048464041618225,-0.03344457886201124,0
2025-02-05,-0.021476589394515577,55.85442173344421,0.011330281994974023,1.8880888201737642,-0.0003123179992657127,-0.03221601538874164,0
2025-02-10,-0.01821853215371738,47.677907674858766,0.011063494499195598,0.3186355927654422,-0.009770486758459427,-0.03542315384050576,0
2025-02-11,-0.017369384292414525,40.979573662485436,0.011903215957695341,-0.9077940044608809,0.0022559668941098832,-0.022722543635434245,0
2025-02-12,-0.016751894355989227,40.45500291853248,0.01206895629057429,-0.9374972783965254,0.002712055629685076,-0.02170508971480023,0
2025-02-13,-0.01572054262853584,40.16617312560998,0.011883935774358131,-0.9371784412297156,-0.0015522456306890852,-0.03936804347529277,0
2025-02-17,-0.013894444385052274,39.05368780989357,0.012147330032619549,-1.0647207257715698,0.0005705699165921969,-0.03819114568588167,0
2025-02-18,-0.012946065222227077,38.72429913969447,0.012180213186061504,-1.0484283202602023,0.0008367385955423539,-0.02649780039043259,0
2025-02-19,-0.012090597245417611,38.41954165138871,0.011993062787563898,-1.0143342326195577,0.0004185955204743458,-0.016927696246990975,0
2025-02-20,-0.011095514348730351,37.907840631392396,0.011398638183091673,-1.0265841291064088,-0.003951896141791592,-0.015739886679771553,0
2025-02-24,-0.008574586992784239,29.73507526032391,0.010997578224894704,-1.9490644669180541,0.0012769894992905922,-0.002458580198080651,0
2025-02-27,-0.008477932687729006,29.569194380891545,0.010596559502846619,-1.5186928749925899,-0.011754277416416086,-0.006558049655091658,0
2025-03-03,-0.011572348979988045,22.321091581515375,0.011425227901850323,-1.8560165874066652,0.003243738102735117,0.03232471076147614,1
2025-03-04,-0.012902208609999799,21.788394870595127,0.010639747421097174,-1.6802249295701386,0.01624350352108465,0.03735734634010357,1
2025-03-05,-0.014740477073105551,33.63870834413679,0.01045689561295202,-1.0818786526882582,0.012698455445793915,0.038202897374749245,1
2025-03-10,-0.018768596438688112,39.332650351402414,0.010006712239966851,-0.6468753675454737,0.004630357347521297,0.0537993511816075,1
2025-03-11,-0.01970681957174092,40.80856868752832,0.010042058116162255,-0.4673457997892003,0.00144233945441951,0.04395740053867869,1
2025-03-12,-0.019928599121980084,40.04402357092675,0.01009483266950001,-0.4792600350159377,-0.0011681983044436039,0.049907621937651525,1
2025-03-17,-0.019672069263284797,42.79449669625264,0.01034329283651596,-0.18702292144349852,0.017177764202810083,0.029186392791692217,1
2025-03-18,-0.01921203028855245,53.99095131343237,0.010420899870468698,1.0191988825767375,0.006071971289081476,0.021811433286101023,1
2025-03-19,-0.018641866509888305,56.075502151883626,0.010454126064512594,1.3156801900359414,0.012775253436210401,0.014951370106007555,1
2025-03-20,-0.017682103895489187,63.03950616692797,0.010955475088212109,2.1363476417070615,0.008158443432508643,-0.012341230929456826,0
2025-03-24,-0.01519492956870927,71.49017819078647,0.010531164523812963,2.5560935281652126,0.0019866301496522768,-0.04744625126155,0
2025-03-25,-0.013795712113432779,71.64777807768957,0.010869102006269287,2.1457782635308686,-0.0062002010339856735,-0.053636349307979114,0
2025-03-26,-0.012032197289438828,64.83561129118522,0.01082459481832236,1.5451969401220238,0.012381413235980602,-0.028028400533643083,0
2025-03-27,-0.010087021224778225,66.80078267379496,0.010545211196701319,1.5429866273342083,0.001937134605803584,-0.011164759429486248,0
2025-04-01,-0.005852657541656758,53.03057738437465,0.011389836030135476,0.5547140862911943,0.011795490335505837,0.029610639652948745,1
2025-04-02,-0.003205061407294263,56.824101362189715,0.011259963315656846,0.7819259567910753,-0.0002742805367714828,0.03399576918546976,1
2025-04-03,-0.0008631667597234216,54.48515606278791,0.011111469532514604,0.5479546936549453,-0.012556918648953978,0.03944715962658418,1
2025-04-07,0.0006630621572341067,33.68632486681098,0.015360215577608433,-1.718496137238216,0.021151469157790558,0.09408615109592278,1
2025-04-08,0.0011115711077196444,42.065143844970315,0.015696406834918346,-0.943920353727014,-0.0024937870259668085,0.06671592267701931,1
2025-04-15,0.003909818668745402,55.969472182238704,0.01680236173088698,0.5965949384992769,0.004498745752965996,0.04310805445781374,1
2025-04-16,0.00601002961495789,57.43927111816953,0.016178326669477973,0.7492957556801412,0.017668526746093212,0.038805831341502284,1
2025-04-21,0.0108765612373527,65.53034405201471,0.016778727317638263,1.8079070763635348,0.0018009627694704508,0.010530280963468863,1
2025-04-22,0.012906188551449649,65.97134066227866,0.016561651883156513,1.6469544971711458,0.006018475416110676,0.010226665864961904,1
2025-04-23,0.014860276649157234,67.69719155420327,0.016570047161215316,1.6942614930284472,0.0018106322987451774,-0.002266782547990065,0
2025-04-24,0.016321529856399675,65.8672360069573,0.01575117171807604,1.3919871726563724,-0.0044376852197182725,-0.009844606748180107,0
2025-04-28,0.01751723295812102,64.96152009314287,0.017034826649153404,1.3417127073776591,0.003978872515773651,0.010269832064245588,1
2025-04-29,0.018515793790926605,65.05180577924877,0.01636701229747172,1.2328327101755108,0.0033880240507107896,0.013599271139997926,1
2025-05-05,0.021190113557481682,66.81552010810762,0.012921506603212821,1.0978003760457444,-0.0012162302324260556,0.019798693863172234,1
2025-05-06,0.02217134966377765,64.49617871491148,0.011948363452706985,0.9025311675652544,0.003355280313690866,0.012481779279631233,1
2025-05-07,0.023398331825925878,65.05366541032495,0.011023790287885273,0.8617066376375406,-0.005836735219584502,0.01634481378777708,1
2025-05-08,0.025175061521419684,60.89350403072259,0.011434584488608625,0.6056974129688508,-0.008581300601712912,0.013837900398336433,1
2025-05-12,0.03154928011290603,67.69893245502726,0.012176687724662462,1.4951047552556935,-0.011414349126266696,0.003067285635185879,1
2025-05-13,0.034643583783712906,60.34187534711952,0.013091385449036345,0.9336214301073129,0.005596404673669999,0.010084062327783805,1
2025-05-14,0.03670519755249435,61.49403508815213,0.013023101068363204,1.1735973566257116,0.01669442057387603,0.003468162872928948,1
2025-05-15,0.03817994437954764,66.21196820845032,0.014214562899645539,2.1092463229145375,0.000662370307505721,-0.00911735263850455,0
2025-05-19,0.039194359447925375,63.612934865248775,0.012648609706291038,1.557266885790019,-0.006848913292833561,-0.00917400233478205,0
2025-05-20,0.038117749845049564,57.972110625960745,0.013285419249477142,0.6598844336854561,0.006007948785570584,-0.005728446006803001,0
2025-05-21,0.037085815418468115,59.870253692862256,0.013402875398276079,0.971490494424371,-0.0064984604650671915,-0.00778811515869271,0
2025-05-22,0.03568809948483165,55.61584948411546,0.013514997682230082,0.27715648895498585,0.010979442651787345,0.005737622821794464,1
2025-05-26,0.03484158236601065,61.44871101091153,0.013782937198101922,1.320909120566143,-0.005541760617421647,0.0040817653000186915,1
2025-05-27,0.03383064288814053,57.63376066380722,0.014251796569045216,0.6666553506465684,-0.002565806315688111,0.011199893257925808,1
2025-05-28,0.03274997247792677,56.05392471943381,0.013804116245801704,0.3585407230271231,0.007690179649204508,0.015713643867628635,1
2025-05-29,0.031753050342918865,57.43649028891688,0.01340593772021927,0.5643858628941912,0.0015140934546921704,0.0021986184135136533,1
2025-06-02,0.029205572442370764,54.70438932267897,0.010613298003066977,0.040460238096865095,-0.0016709260184534364,0.009301457087883547,1
2025-06-03,0.028081691491439464,50.6386175612061,0.011011493591655874,-0.6555896990603216,0.007615361108281611,0.012667837042884766,1
2025-06-04,0.0270463466566484,52.341046002107596,0.009502923396709162,-0.4110348337125161,0.00979686553739623,0.007792445576715323,1
2025-06-05,0.026706406597619692,55.14359691077222,0.009942769375487298,0.012678398169949789,0.013955032096764759,0.0017110330818930208,1
2025-06-09,0.02650253000718017,61.80579135541008,0.009883331381198233,1.750938564664237,0.002286592268571288,-0.005230362352657059,0
2025-06-10,0.026371183678837173,61.82498459031922,0.009545902292796183,1.5696634476882259,0.004280151767131092,-0.002386065730902165,0
2025-06-11,0.025948587391660283,62.54168014306887,0.008935315510501158,1.5712514950565046,-0.008114122024048766,0.004110733999269867,1
2025-06-12,0.024493452617890377,54.96730297548737,0.009229836384601469,0.22990068978630074,-0.006460861926436903,0.026550767110228524,1
2025-06-16,0.021364809132474072,55.70147800480522,0.009476982752017889,0.658823520268286,-0.0031146653839216215,0.022870975136792815,1
2025-06-17,0.020436613292713623,53.260965990923815,0.00963075472917994,0.07077512962518415,-0.0010662682050941734,0.027698438837555406,1
2025-06-18,0.019125962420749376,52.167704147410134,0.009594418484771506,-0.17388721301540586,-0.00036074330690816545,0.02584831117062092,1
2025-06-19,0.017924921213104295,51.64859008825798,0.009553150762160208,-0.35770284307825406,0.012844221713571264,0.024686186008288535,1
2025-06-23,0.013921438710227552,55.071964062988286,0.009681886753717412,0.6480291343277655,0.003996476351974706,0.01959804351969674,1
2025-06-24,0.012182460672897744,56.7069634822824,0.010315556390928774,0.9848156136583531,0.0082992928092329,0.019092146455502723,1
2025-06-26,0.010825241696156063,66.32587616044496,0.0098271969863232,2.580325224714681,0.007875063603272172,-0.007583467063290161,0
2025-06-30,0.011076643037734923,63.84160323498923,0.009911713226592294,1.6713461886941694,0.004947641474412378,-0.01703762726057101,0
2025-07-01,0.011937546690590661,64.29348643788433,0.009763680234695808,1.5874771926117563,0.00016832089431824876,-0.01354642152929153,0
2025-07-02,0.012567846095812074,61.34460656020463,0.009402051216515932,1.1824496931585682,0.002168653638722851,-0.009482018342189535,0
2025-07-03,0.01300792571361753,59.73906851786323,0.008823663658669025,0.9227294200067355,0.005305948546355534,-0.01156654530604384,0
2025-07-07,0.012500995705032825,61.01877467340441,0.008213160330351662,0.9319938335120473,0.005914828156026674,-0.014555484249764494,0
2025-07-08,0.012369808179352848,62.52775632585916,0.007988601837664247,1.036601965283874,0.001422274463708464,-0.01808598724164956,0
2025-07-09,0.012114974260158284,60.61196895138957,0.00798815276148236,0.8166797319141637,-0.0021274688906873923,-0.010056453800946885,0
2025-07-10,0.0122226015252076,55.81533787047571,0.007550283022887624,0.36617304863003597,-0.005200106486822198,-0.011561723533587753,0
2025-07-14,0.012203310495012998,46.66247728261689,0.00689786678377519,-0.6967533388625873,0.0073079108790140125,-0.016003332155440142,0
2025-07-15,0.012227197460757067,50.503700541232284,0.006697965432563599,-0.3667395712147977,0.001984426658398064,-0.014871572256351606,0
2025-07-16,0.012381275784962398,51.04727094755348,0.006165837335750037,-0.4227492019896172,-0.0014854317712961812,-0.014159895325353666,0
2025-07-17,0.012339286396478188,47.564670806663734,0.006209600162596579,-1.0591176643812052,-0.003151917599837379,-0.013663074814448284,0
2025-07-22,0.01102151221909664,46.64614935509851,0.006462967048785299,-1.3046959286427666,0.007657330997045371,-0.016413999615467967,0
2025-07-23,0.010525723407583953,52.290486816458596,0.00633569412653917,-0.5110786710550747,-0.004936593273432559,-0.025602843860359825,0
2025-07-24,0.009554247176178254,46.97865309389378,0.006629102609127227,-1.1646065575951057,-0.008447002153634722,-0.018591787041485675,0
2025-07-28,0.0066475586749370486,36.915625531516795,0.00757626809978938,-2.2421628757613385,0.006397643800506451,-0.0038835539975441424,0
2025-07-29,0.005098988513690728,42.04878219312465,0.007890892573767362,-1.4880618439353568,0.0019419119774529991,-0.013444175479798703,0
2025-07-30,0.0038715117426062484,43.252984900841085,0.007727083756218617,-1.2163207299680185,0.0006658292069345858,-0.009483029181851732,0
2025-07-31,0.0024734201501577235,40.91483312731572,0.008028820398476891,-1.4033570005938025,-0.005698789447060014,-0.005533224065648934,0
2025-08-04,-0.00033569862487325963,41.83313364666909,0.008388310966836503,-1.2103231773892478,-0.0006047061916656006,0.010431703213639176,1
2025-08-05,-0.0019375855600860525,40.00883628523377,0.00843799334850056,-1.3914304511858056,-0.0005943630121301379,0.016268044945672022,1
2025-08-06,-0.003596461518350136,38.16383067098533,0.008448901962249214,-1.5803202434913572,0.004036785913834039,0.020735193717368983,1
2025-08-07,-0.0049235557497713245,39.045684014607296,0.008627510409420355,-1.3729357766969088,-0.006303847885240612,0.011137890051868382,1
2025-08-11,-0.007075967119516413,41.92035488205784,0.009027993678377477,-1.0260687465808567,-0.0012263867794405085,0.005165740804442764,1
2025-08-12,-0.008447739726440973,39.56331573504213,0.00925170006172202,-1.2788620192027171,0.009180215367453429,0.0005513039271072273,1
2025-08-13,-0.009631381391660643,44.134250238544794,0.009055887313882268,-0.6820162286760155,0.0026544320488513405,-0.007819053023508604,0
2025-08-18,-0.010579228892092396,52.27903702577672,0.008873390507155387,0.5521005236378363,0.0062930056203196385,-0.01195281651139457,0
2025-08-19,-0.010702247957869893,55.124840049693425,0.008522455622488437,1.0760299224156746,0.00410916480435284,-0.010632213542153268,0
2025-08-20,-0.01068046021275304,56.986831551326105,0.008580362292878906,1.4065837868612547,0.0028721611503988577,-0.012624472921238472,0
2025-08-21,-0.01090701218767065,57.88072452069734,0.00794708819205661,1.7028922884177538,-0.0073972193152937364,-0.013664224846763329,0
2025-08-25,-0.011212117295430812,53.476758720416846,0.007828955379224914,1.1769548922211241,-0.009462206246057415,-0.003971138393527696,0
2025-08-28,-0.01132589191874711,40.79455491107537,0.008659160405536754,-1.1037104838604912,0.0027590663321445216,0.020595145538736093,1
2025-09-01,-0.01203132195114176,45.49940798875656,0.008116015034504891,-0.3318317340060211,0.002710622582789695,0.01803644757712264,1
2025-09-02,-0.011581430977076645,44.35548649233296,0.008073918460413866,-0.5537250110054628,0.009499763801520114,0.02683119377373666,1
2025-09-03,-0.011393574548349772,48.51013770913215,0.007934014235605198,0.09716072441511656,0.004549827542143238,0.02489168337929204,1
2025-09-04,-0.01097841617560602,49.09188171325081,0.008203339974826654,0.16919590895803674,0.004584694742451089,0.02786813479067618,1
2025-09-08,-0.009274801796824383,50.38769492255239,0.00786697070677183,0.27724852323733307,0.0071508712691640015,0.017325177136631842,1
2025-09-09,-0.00765014482171078,53.554708558654085,0.007779185511670543,0.6683417650232889,0.00819106800642719,0.012099611371424679,1
2025-09-10,-0.0064384019742127485,56.80569817314366,0.007769800158516548,1.0985459753473337,0.0052616772719583345,0.003355641973195045,1
2025-09-11,-0.004970675887155718,57.79217192425278,0.007742738561802118,1.1555151801077237,0.007978244786147047,-0.004585006923476853,0
2025-09-15,-0.002557931017751147,59.007309823263896,0.007285698369947203,1.1698472517921463,0.01045908084107823,-0.017324000832071862,0
2025-09-16,-0.0016526769240172712,63.84071075378266,0.006993410886482299,1.75373467980648,0.007302177711464142,-0.024882028666614153,0
2025-09-17,-0.0008452587120425514,66.14689374967335,0.006621255315496575,1.8876872015293729,0.007131789066432485,-0.019500368877133023,0
2025-09-18,-1.639607585379732e-05,68.37168175556903,0.006460538320008825,1.9729436338810624,-0.00048772044736052615,-0.020821190449357152,0
2025-09-22,0.001382864622244906,58.18787074992008,0.00617884455549796,0.9735467553680216,0.002120849502266896,-0.0037317484116645705,0
2025-09-23,0.0017724550934679062,56.79181169085924,0.006111416160928902,0.812758646131855,-0.0022884840779514313,-0.004900757240906661,0
2025-09-24,0.0024858808906638163,52.17125828213856,0.005766868935837563,0.3824136670181325,-0.003559913206917383,0.004984670437199412,1
2025-09-25,0.0035154616776285064,46.20154475689294,0.0058158104460652735,-0.26096539108836575,-0.008073232233073796,0.015849197845436924,1
2025-09-29,0.004828497332883597,38.789894877388086,0.006407860427488798,-1.3209425149575025,0.005820994081614841,0.020726676433784563,1
2025-09-30,0.0051808608462384775,38.13404936736562,0.0063473102865659724,-1.4331581920244476,0.01446909712597128,0.028948368142137415,1
2025-10-06,0.006880636072317925,55.25874763461642,0.007120027939113534,0.2949890971377691,0.005887697095825071,0.030525188288220706,1
2025-10-07,0.007517860139635957,56.1867067151653,0.006975918495935298,0.3621233316729973,0.00048188122547252295,0.030280775857710163,1
2025-10-08,0.0077055712060918324,53.75220810365313,0.0072116815428322645,0.05641174724261569,0.009089205559518263,0.03374770121624704,1
2025-10-13,0.007831831760907182,58.49908729206813,0.007272010193992421,0.6848344585603416,-0.0008462882429419398,0.02809845744206041,1
2025-10-14,0.007679595560997621,55.079051695103004,0.007501763841584833,0.32619134357309587,0.011107355192778003,0.03612576368038023,1
2025-10-15,0.007235346753180494,60.4902973842534,0.0076678990871776155,1.0331186411669275,0.013132013816807389,0.021888669283117057,1
2025-10-16,0.0070497358508128105,66.81839556675563,0.007833597342084348,1.8971785301591944,0.006742121979524042,0.00534677427850494,1
2025-10-20,0.006777409593389239,71.80048567853984,0.007873590217928165,2.1690790863324674,0.002443572413598141,-0.009499615808800876,0
2025-10-23,0.007297855442190526,72.68753127418799,0.00770497012552829,1.7204255581876522,-0.00295852636278171,-0.015414369379553094,0
2025-10-27,0.00875427950647123,71.494643054077,0.007862177225185625,1.5226245545001544,0.0047773617865514645,-0.010440615894341643,0
2025-10-28,0.01024912225704,70.02618737966469,0.008110959695504523,1.322176537812282,0.011663265642689638,-0.0023287312451061304,0
2025-10-29,0.011929334464146901,72.43062066172783,0.008013044600544207,1.4491126208897671,-0.0008559329041200229,-0.006707249102053114,0
2025-10-30,0.013642986061511264,64.14245920648966,0.008160581176505826,0.9751732502643765,0.0010684964571006257,0.0012443526939476257,1
2025-11-03,0.015957883281550567,58.98693853744321,0.008455248338280761,0.5499637399625591,-0.002136741153990659,0.005694180846019137,1
2025-11-06,0.016856259826182773,49.76012274075014,0.008335338399056504,-0.3428517770889282,0.0031164923023304994,0.02675261538847895,1
2025-11-10,0.017400694711568576,52.07866251233541,0.00780929474176576,-0.32005100285340693,0.009269068197069769,0.015060026804506244,1
2025-11-11,0.017249505476709892,56.065650816614166,0.007912194345622183,0.06475945324850578,0.011331051047088326,0.007388672415101105,1
2025-11-12,0.017365982544013114,61.269557892682926,0.0082186573979174,0.724547851706715,0.003014369271482361,0.012733905427141812,1
2025-11-13,0.01780732805217311,61.36084501925217,0.008108705173940408,0.7035564395790865,0.002791807624456429,0.012998896236827928,1
2025-11-17,0.017697631260871427,65.12073392769265,0.007738710279523378,1.3253027487070812,-0.0024852228632334847,0.00623911038806102,1
2025-11-18,0.017148986771418295,60.183874026005356,0.007553739477003751,0.6237014360524779,0.006211844975096386,0.004714326441551897,1
2025-11-19,0.016510877874619467,64.21329191694599,0.007668124705273861,1.3629872675114814,0.006454222770191075,-0.002558295974715241,0
2025-11-20,0.016012572088374588,67.66114321397333,0.007587331038543946,1.8738590959164494,-0.004377280556011049,-0.006047628326145249,0
2025-11-24,0.014938288959033708,57.37622414405274,0.007574024347334997,0.5395788830282963,0.0036942159902926272,4.04777152873681e-05,1
2025-11-25,0.014078673000104569,54.4035808585839,0.007502334293107535,0.1849942799960897,0.019177247024036365,-0.0017442819439316137,0
2025-11-26,0.013738502396984043,63.21062053612769,0.00791375211433057,1.6223481208494843,0.007082506714931449,-0.017069095485064856,0
2025-11-27,0.013144810958302111,63.45374163541803,0.007735592928534379,1.5551466077312897,0.006555239681361652,-0.012092059504877017,0
2025-12-01,0.013233774329167503,61.66021511635801,0.007426043359379797,1.1139192445404018,0.0014230728823433902,-0.005671249868676176,0
2025-12-02,0.013277139912137192,55.43353819450387,0.007297694148136127,0.4606556390516106,0.003995082412210987,-0.0066110284393890995,0
2025-12-03,0.013514034562169375,53.55898658277614,0.00723686595323306,0.1956767205501454,0.007715693065496806,-0.006443824318864033,0
2025-12-04,0.013879084147788712,55.24361167031109,0.007113576813065458,0.3247616151042657,0.011502376722523674,-0.008381397944975277,0
2025-12-08,0.014466680624319661,51.162084924763676,0.007794664926331497,-0.42949117967552874,-1.3512088127676554e-05,0.008160443557615471,1
2025-12-09,0.01399860326796265,47.08266078945259,0.007870110722240907,-1.4751685816008298,0.0009384650724144304,0.013061322227581273,1
2025-12-10,0.012898453920176411,44.50191867731431,0.007948022649689971,-1.9193941529575658,0.009763956828946346,0.0149118568745632,1
2025-12-11,0.0119407688484241,49.62100861097864,0.00815200592852395,-0.9162053861193289,0.009531391189993342,0.0055505036252481155,1
2025-12-15,0.01017020991013573,53.67670636273644,0.00782544011832699,-0.03353215034078143,-0.0033273055080835063,-0.0033983997272095667,0
2025-12-16,0.009316707669949409,47.823881718165346,0.007380927187441673,-1.2318400536089569,0.0014578594512192767,0.010421460244580683,1
2025-12-17,0.008283488645736803,46.46795154093237,0.007365836480349438,-1.3724937420694756,0.0024032804658834705,0.012704043800870535,1
2025-12-18,0.007001741852814103,46.36573132921675,0.007554008177042894,-1.2582072856137554,0.008306978246063836,0.019871743366893124,1
2025-12-22,0.005728274564865465,58.56141280256768,0.0074853881131576,1.1208654417292376,0.0013181675681287254,0.00024066681049461636,1
2025-12-23,0.005599933497589582,58.70022254291742,0.007317720083863267,1.0413696562734112,-0.00015473000554147595,-0.001390540608195323,0
2025-12-29,0.0027553493617122893,49.05993390282125,0.006736289288630346,-0.3883767719567118,0.006811337296736883,-0.0058534047614297036,0
2025-12-30,0.0020250881762842177,48.93385566382872,0.006368682171733383,-0.34098707557546837,0.013780502836787606,-0.007962913977894726,0
2025-12-31,0.0018885331868541133,56.06966955158195,0.0064206003973262355,1.0869798661380532,0.006153955400346361,-0.017757639111834034,0
2026-01-01,0.0019636201718704616,56.64939909390267,0.006019225126982678,1.1146000716805293,0.011812235630386891,-0.01729486905015709,0
2026-01-05,0.002022302526148323,58.785067150710184,0.0062220960095716584,1.4888741994850854,0.0013256693338483513,-0.0387729188222099,0
2026-01-06,0.0021463360192364167,55.619482117060834,0.006119736924033177,0.9493410464191732,0.0021620929587464004,-0.039008783829052374,0
2026-01-07,0.002591184796295831,53.96092150906759,0.006020550153632601,0.6400832864112107,-0.005935177835372033,-0.03254878338896172,0
2026-01-08,0.002865824629264546,44.11025065354498,0.006375239804771979,-1.1223409728218796,-0.0034219625152097275,-0.03200541144892499,0
2026-01-12,0.0023108768908235433,42.838162599969195,0.00713128758860976,-1.3121913484671832,2.1325888659445814e-05,-0.01735151850020844,0
2026-01-13,0.0017348531153933422,41.16263792958842,0.007652548888112957,-1.4623255626660245,-0.0005168904779665756,-0.012179260350219434,0
2026-01-19,0.0006203789404102267,37.336667977891594,0.008152631224926507,-1.7593239641133422,-0.012753317308631815,0.005552003331965372,1
2026-01-20,-0.0005929622749500929,29.26958158683007,0.009159526227512703,-2.542293281398178,-0.0021519865253145456,0.021539680967006758,1
2026-01-21,-0.002227401501758708,27.890745884031674,0.009561753142700984,-2.2666588653011606,0.007643843784159764,0.019290501093113477,1
2026-01-22,-0.0036259186131574195,33.81793778088279,0.010059907653662077,-1.6253934374739032,-0.00830767964206317,0.01596680184136634,1
2026-01-27,-0.006231411180547153,34.28513499287635,0.010820644687797837,-1.442606485798474,0.010923346008725559,0.030178268794601726,1
2026-01-28,-0.0069531306591781306,40.4539692253019,0.01088306989742065,-0.9297911345431458,0.007637292716851931,0.024113389800830554,1
2026-01-29,-0.007501237256093973,43.07270766765674,0.011353746403222459,-0.6745458789305779,-9.836737964954372e-05,0.015275988424275466,1
2026-02-02,-0.009919004370073647,35.40230173932687,0.012205401776466155,-1.2704490870885594,0.029045279811753085,0.02369021540317484,1
2026-02-03,-0.010725673856590623,53.153591294719284,0.014437121640223313,0.4301108209119247,0.004712816224946083,-8.358318455126135e-05,0
2026-02-04,-0.011419703884883226,54.18142497830379,0.01429387936833544,0.6880741214805545,-0.001978584729981378,0.0016817818658829697,1
2026-02-05,-0.01221448709658468,50.876487517117454,0.014392359497482358,0.41070566823464094,0.00359942034169246,-0.007349086922392445,0
2026-02-09,-0.012693768988201959,56.03381819170808,0.014348909202472967,1.3957179593786566,0.0045733112917505534,-0.005965090155902408,0
2026-02-10,-0.011991596370737323,57.50963465675699,0.013507161615834411,1.5187512641592313,0.002276817696663363,-0.019683710806031596,0
2026-02-11,-0.011484031138401685,57.92877508279918,0.012750090178203829,1.4985189287792826,-0.003685372721757966,-0.018161067297112643,0
2026-02-12,-0.011056569743696065,53.47371194981854,0.012609975617398602,0.970866741763598,-0.011175145985639028,-0.012037278236465943,0
2026-02-16,-0.010793247510545001,50.31798271587606,0.012811393173850709,0.587767399817098,0.002205760675940133,-0.031813212418841386,0
2026-02-17,-0.010285338450630621,51.34873481814146,0.012782935023690661,0.7012336331607353,0.0039804865160550165,-0.048391876189366245,0
2026-02-18,-0.008865049884908216,53.63085713988405,0.01241703426826518,0.9216929642171998,-0.014460070258293293,-0.0408007651117398,0
2026-02-19,-0.007899547059797007,44.832152386814364,0.01341251899121007,-0.38223190019561915,0.005120947603272953,-0.039439247359722596,0
2026-02-23,-0.005822495274690032,51.19959986147227,0.009360602578740048,0.4214879752400647,-0.01132889977832222,-0.0564461708328472,0
2026-02-24,-0.00497257483824487,44.78648676674737,0.00983423345859807,-0.8628928527083233,0.008029593573104813,-0.06127127639184449,0
2026-02-25,-0.004264673943101371,46.24133129105031,0.009900061623172765,-0.6603769134521383,0.006015893260080419,-0.0723378636073776,0
2026-02-26,-0.0037029403689631257,46.609308964076156,0.009782409074546783,-0.6235257984956695,0.005461492416943011,-0.09199092034048106,0
2026-03-04,-0.004537442789585566,29.537480529719986,0.013194898700350424,-2.957137654368353,0.015269295970262015,-0.028704447162026914,0
2026-03-05,-0.005574853368788268,37.003405863648155,0.013539636507196568,-1.8477616114684103,-0.008891273369909658,-0.07121687369249285,0
2026-03-10,-0.009836403944764815,33.77339476958866,0.015285024572825778,-1.7201495444557202,-0.013292594658531227,-0.05561048077920849,0
2026-03-11,-0.012203741746575791,29.64707493129376,0.01638119987880586,-2.0177264579871137,-0.005796726909472614,-0.023480283313339845,0
2026-03-12,-0.014964677746745925,27.555736672060263,0.015976960842201526,-2.0114654590046896,-0.018606861217797407,-0.03466921474364937,0
2026-03-16,-0.019994237143328708,29.32470211606497,0.017934174682613144,-1.6482799775278922,0.008911145030423149,-0.031159237820043928,0
2026-03-17,-0.022162004380800182,32.88959409971412,0.01757531514316367,-1.298211152139418,0.008279901791925535,-0.03681121433308465,0
2026-03-18,-0.024044698327285063,36.80630630846443,0.01758962529270542,-0.9732476601534534,-0.030406545496004134,-0.03404649524561465,0
2026-03-19,-0.027123048907189418,29.494445472233693,0.02028023947246683,-1.6608313834396138,0.006014638067551599,0.005282114843033092,1
2026-03-23,-0.032704924981152295,26.941943329429208,0.02089840014181511,-1.7849821036379565,0.018467377326133627,0.0560773252746698,1
2026-03-24,-0.036016185289194036,33.92608897979227,0.020485004738848928,-1.253133692957785,0.01691658677253183,0.04967612294413781,1
2026-04-01,-0.04798464287059079,36.98682347464176,0.022107219727487568,-1.1534314407309136,0.003844881605028866,0.07381810637802588,1
2026-04-06,-0.05109743469649053,41.192245735722665,0.022699662023740845,-0.5916697030962087,0.007960989626985014,0.0700249087054956,1
2026-04-07,-0.05280979264767616,43.3992331254767,0.022261066322125964,-0.2718167194954389,0.04039801647207617,0.05424961879109658,1
2026-04-08,-0.05283737378642894,53.87913517623211,0.022506502153831372,1.3562539340917696,-0.005669359808045238,0.0073216907173099255,1
2026-04-09,-0.05218308735531019,51.278184853340086,0.02272995513892819,1.0004661625748392,0.01370763513001186,0.005167154350283365,1
2026-04-15,-0.04878544953286168,55.85216651842642,0.021596469442529218,1.76627718018316,-0.0014650794676887907,-0.0022140945345581198,0
2026-04-16,-0.04569410555966691,55.394688375326396,0.020608570790203527,1.5051099051823982,0.0070773967578290475,-0.008232478277041322,0
2026-04-20,-0.04082972781364003,57.23931381553203,0.018759156815084433,1.4428589976813515,0.009015052181585553,-0.01362819116261793,0
2026-04-21,-0.03828555241187237,59.663711945685435,0.01785611683079096,1.590977467678342,-0.007950636478630757,-0.009995296116200425,0
2026-04-22,-0.03435580923524717,56.43359133451672,0.01708719297588405,1.18040070464152,-0.008823477335053627,-0.0021104688049684572,0
2026-04-23,-0.031012298905616187,53.22784734791537,0.0161488704942716,0.819779311619443,-0.010352469926721435,0.00012822582482652223,1
2026-04-27,-0.022868481108068606,51.96802589741647,0.014927740155056326,0.5809338445127906,-0.004104945562638867,-0.029600188464769306,0
2026-04-28,-0.01987936820649805,50.48764625612828,0.014363570731948268,0.3913683377231336,0.01068111326590263,-0.02430017162906306,0
2026-04-29,-0.01563013048462536,53.181782563528735,0.012593670048292437,0.5820854926476259,-0.003286108837763927,-0.020186030212399952,0
2026-05-04,-0.006607408391155367,52.1749925530127,0.012801674535113508,0.3475757934998873,-0.0005390198234978416,-0.019459584121313656,0
2026-05-05,-0.002505420766972133,50.68655468890956,0.012081684817896413,0.040263348881625166,0.017251389986699554,-0.017259776961727313,0
2026-05-06,0.0014844035772354491,55.40850546771898,0.011699807029925258,0.8134617107151234,0.0021310628197785987,-0.02761705730050923,0
2026-05-07,0.005233314769697017,55.32624531050519,0.01140810844863234,0.886988195416338,-0.003783931990097404,-0.027622017872791726,0
2026-05-11,0.00823705031758104,46.09429122724844,0.011838141909289219,-1.7262695581895389,-0.01642392002765356,0.009063275630109446,1
2026-05-12,0.008801648345935442,39.846739655566196,0.012733185181313179,-2.8312906200651873,0.0035436617035621196,0.022846822100978104,1
2026-05-13,0.009601432454246384,40.504553692430555,0.013010227043953375,-2.2850722434699198,0.012279729522640283,0.02112327505280409,1
2026-05-14,0.009983924444644021,45.849628564510446,0.013223844357463368,-1.2282218829531235,-0.0019291001168678778,-0.005987843260924719,0
2026-05-18,0.010213962514833419,45.253772073860006,0.013193013123022552,-1.0984888950592064,-0.0016046215744054684,-0.007035889843183152,0
2026-05-19,0.00970294051173215,44.68596224074382,0.013121193363793355,-1.0815338556455358,0.0021381996782115337,-0.008993157364086679,0
2026-05-20,0.008468478780559341,45.62877518754511,0.012961387202393532,-0.8860759787774932,-0.0011665750877044062,-0.01024765284881013,0
2026-05-21,0.007888107838970981,45.541086868015185,0.012608936597348653,-0.8178235718997364,0.003775181431147319,-0.012175170664259216,0
2026-05-25,0.007831746799297878,54.35061695858817,0.012370118708304845,0.5415813972888829,-0.004939276980355537,-0.032856586718551295,0
2026-05-26,0.0077499394018760714,51.50729322391168,0.011970429662335143,0.16436153450484212,0.0034708465842424895,-0.02921965328777454,0
2026-06-01,0.004781847841675457,40.2599353147022,0.012986461370221296,-1.422650812111587,0.009430105903904341,0.020156047194215265,1
2026-06-02,0.0033765551877413813,42.94460574083933,0.012505868528842721,-0.9771920734852124,0.0013690101232761473,0.021529947241994085,1
2026-06-03,0.002201259087668772,41.397584561918286,0.012583079000061382,-1.1221929648133648,0.004528847472146819,0.029057132512110062,1
2026-06-04,0.0005761653709157599,41.71524653790927,0.01213001483063707,-1.0246600313603234,0.0015010416810893113,0.03209051690702869,1
2026-06-08,-0.003988669428194869,35.761889843338935,0.012045214045539075,-2.084052976882248,0.008999697271115277,0.042377736047441994,1
2026-06-09,-0.005812219973605037,39.575961955048534,0.011921563688986338,-1.3869047519587687,-8.603393878386474e-05,0.02504076696088342,1
2026-06-10,-0.006413156715168844,39.00737963688032,0.011772896683313546,-1.4102608272301527,-0.0006439479410071669,0.03474921113432594,1
2026-06-11,-0.006821184864395868,37.85646844866646,0.011775643743764469,-1.4934724908133785,0.02266684510047816,0.03861565719592952,1
2026-06-15,-0.008463882692949287,56.32650019377323,0.01250034813044564,1.1663928129727872,0.006166690015726431,0.000496757728545516,1
2026-06-16,-0.008842972988368225,59.01727883562567,0.012264164714063738,1.5179857928551834,0.004370709577775435,0.0006961154721230045,1
2026-06-17,-0.009003633839932412,60.87062809650719,0.012255189355587202,1.6432984663910593,0.004434198911147191,0.00373665714175897,1
2026-06-18,-0.008933502698543538,62.43030893336254,0.011132481160522179,1.6839183006031624,-0.004596987752399808,0.004255611112835123,1
2026-06-22,-0.008204792003096206,59.64678290220105,0.010325370338611094,1.2671297408317939,-0.010388807428436914,0.012272333342922215,1
2026-06-23,-0.008680798809581058,51.90820309820255,0.010501668706960602,0.5263475596249195,0.009557565421502733,0.002432460106580381,1
2026-06-24,-0.008430396519946481,56.24048028897934,0.010661513205482939,1.0633907502463664,0.003357371706919631,-0.002449857042210901,0
2026-06-29,-0.007223103812688758,53.89038285093027,0.010412159346825853,0.7463967141734641,-0.0035266482225818543,0.011056010857649845,1
2026-06-30,-0.005934086699027619,51.685853134822075,0.010541259160243085,0.4649899659944541,0.009505253344227546,0.007806198474801684,1
2026-07-01,-0.004548271413253757,55.12635474983766,0.010311329554686175,0.7757953482190735,0.010795301763608236,0.003026361982898962,1
2026-07-02,-0.00277434232968099,58.94352412461663,0.010041824807798323,1.121550651971275,0.007321433793845509,-0.004258376058474234,0
2026-07-06,0.0014631537786717885,64.1103095329399,0.008527905149630864,1.4842947461391944,0.0004072962845026528,-0.007852921159236304,0
2026-07-07,0.00395033403863887,63.01966608531291,0.008636314660089302,1.3162052010987138,-0.019939555563524985,-0.008648002014707834,0
2026-07-08,0.005306584958745697,48.51181282998679,0.010184001616014904,-0.22290892206924373,0.0049095121614117256,0.004781801186004353,1
2026-07-09,0.006985645315170652,50.432498000689066,0.01044880086296331,-0.10591322938818737,0.0116471868750996,-0.003889410621312983,0
2026-07-13,0.010206115587146014,55.88648680794781,0.01064909895590552,0.7963476084705089,-0.007715501218454391,-0.008882358483747077,0
2026-07-14,0.010575644493731717,51.66927440479508,0.010234662431679805,-0.19041187064139825,0.0006547973348815945,-0.002773201024795724,0
2026-07-15,0.010797717262754913,52.314108080658805,0.009953463921207124,-0.05759682902868209,0.0007434017899786721,0.007130810422160794,1
2026-07-16,0.010736660297928191,52.15120532733244,0.009648887273621478,-0.08880967553328972,0.010341568786283275,0.010152574617565469,1
2026-07-20,0.011630471256681485,55.58227777717964,0.009851666585626763,0.7590497461028359,-0.0023887616807971392,0.02210536053179868,1
2026-07-21,0.011798590878750792,54.05079719633853,0.009702254897909778,0.4393474261953329,-0.008239693116222658,0.01766191848226062,1
2026-07-22,0.012006572704178708,48.61443608592338,0.00989157764606077,-0.7556368315550713,-0.005111215294056424,0.02618744139709328,1
2026-07-23,0.01127172624263606,45.36390555596143,0.009903961658305633,-1.413922315028116,-0.002643513523796899,0.03210780252568579,1
2026-07-27,0.010210566600242998,49.545371842013935,0.010261695257763116,-0.5600916441872879,-0.0009397093877986287,0.024497949930676777,1
2026-07-28,0.010171727986937551,49.25799477786303,0.008756531100940722,-0.6712507670932234,0.013597900215618275,0.020276944772358085,1
2026-07-29,0.010175513006804415,56.1085135419815,0.008795071110079477,0.7282302658644985,0.0044453565217167194,0.007659730888164518,1
2026-07-30,0.009880288444456653,57.66449393391866,0.008448335838075959,1.0302085603478706,0.005570126729455047,0.003236366822830572,1
2026-08-03,0.009277879891792074,66.86892575744429,0.008504355177783933,2.700352904876038,-0.00882772769980743,-0.019643355222090153,0
2026-08-04,0.00897433563490413,61.77283260893277,0.008955681979929155,1.8338485368000643,0.0013325103435109984,-0.01868786762083341,0
2026-08-05,0.010024781751617251,61.96377849102756,0.00907730209684925,1.6466292529181952,0.00465994877306719,-0.022187101165221157,0
2026-08-06,0.010820306982121553,62.20047156103643,0.008430476532962795,1.4947808694573612,0.0007712290956324078,-0.016404870540063343,0
2026-08-10,0.010923151552081123,60.20991278729754,0.00815230412575463,1.087336943294084,-0.0017613542200124478,-0.014837006012438647,0
2026-08-11,0.01087996970372207,56.09666673795038,0.007980228847166182,0.6335396112534234,-4.900431062348009e-05,-0.005604369205180371,0
2026-08-12,0.01082246371796125,54.810696042936506,0.008045398889375081,0.45293780333240036,0.0013116241551773666,-0.009338668070847822,0
2026-08-13,0.01066188444137639,53.33381523474576,0.0076523772448532324,0.26185357074493926,0.0022032596316851776,-0.01250212658643346,0
2026-08-17,0.009261019889166944,49.26187839764805,0.007441628705634325,-0.13466799670472632,-0.002369533063075374,-0.00853314325044785,0
2026-08-18,0.008329588053456183,44.66556421174782,0.0069932698027864075,-0.5963037636035706,-0.0015442162882807202,-0.0041026710014280265,0
2026-08-19,0.0078009695586047645,42.217792191286954,0.006989855803175629,-0.8947004246437764,0.008916709725513035,-0.006804947076148871,0
2026-08-20,0.007702288176731464,48.33054277803329,0.0071140207815475484,-0.4419122268715925,0.002234678388068647,-0.014790467768764137,0
2026-08-24,0.007759814766852502,47.85043510526163,0.005669382354905777,-0.7843905520365841,0.002851029108186822,-0.01816340345450551,0
2026-08-25,0.008080943312224864,52.394288353538286,0.0057582735452822754,-0.3476964962198151,0.0038853899379498553,-0.02874313062782874,0
2026-08-26,0.007811206037704688,47.50099816516245,0.00607744927834504,-1.0077629851784329,0.0030630686453718935,,0
2026-08-27,0.007339509382781495,43.47023118673482,0.006383718486585929,-1.4791319612169858,0.0104209853407289,,0
2026-08-31,0.0054145447662425905,43.69846369404406,0.0064728111873640385,-1.355005782619873,0.0004111065104570851,,0
2026-09-01,0.004298912671267585,42.86462007112914,0.0064296889706886165,-1.346922090735326,-0.0023071683106579487,,0
2026-09-02,0.0027572275822154158,38.33771158714466,0.006899145211470772,-1.8541989990423944,0.003581549399968806,,0
2026-09-03,0.0013049739305355246,37.11337422297156,0.007041302070364004,-1.8623137925307431,0.007315691153368376,,0
2026-09-07,-0.001478537776935629,34.72269746951183,0.007130199394012107,-1.9799076626803875,-0.0012427017004212138,,0
2026-09-08,-0.0030169450522986585,30.88384821203786,0.007200407063321156,-2.2761405101858228,-0.003507478739041009,,0
