symbol,split,entry_time,exit_time,net_return,gross_return,net_pnl,entry_notional,quantity
AARTIIND.NS,development,2022-03-07,2022-03-21,0.13646199257911973,0.13747954224181871,13543.798178680601,99249.59999999999,124
AARTIIND.NS,development,2022-05-04,2022-05-17,-0.0991889848691555,-0.0982394293727287,-9849.965171013126,99305.03053344727,116
AARTIIND.NS,validation,2022-09-30,2022-10-14,0.06098092406897641,0.06197432855429107,6089.158608710236,99853.49847802734,136
AARTIIND.NS,validation,2022-10-20,2022-11-03,0.06567874701513052,0.06667326014598576,6562.2218631149535,99913.932,146
AARTIIND.NS,validation,2022-11-18,2022-12-01,0.0209993779520732,0.021982409756386306,2090.989085882142,99573.85836163329,151
AARTIIND.NS,validation,2022-12-20,2023-01-02,-0.02515556822726585,-0.02418520690826453,-2501.0845098808363,99424.6875,159
AARTIIND.NS,validation,2023-01-23,2023-02-06,0.010963787753734478,0.011943140489255419,1093.8653936654925,99770.75607769776,179
AARTIIND.NS,validation,2023-05-11,2023-05-24,0.005685441873094915,0.0066642089765542025,565.9251657511852,99539.3459968872,196
AARTIIND.NS,validation,2023-07-05,2023-07-18,-0.060122473322822265,-0.059163427404838605,-5996.42571263125,99736.8435,202
AARTIIND.NS,validation,2024-03-14,2024-03-28,0.07782015063744091,0.07881844435765208,7769.711386647708,99841.896,162
AARTIIND.NS,validation,2024-05-15,2024-05-29,-0.03626152430861003,-0.035294660362126765,-3608.0116967875133,99499.725,153
AARTIIND.NS,validation,2024-07-22,2024-08-02,0.1159316564049132,0.11694138035112055,11561.276767449566,99724.93386163331,151
AARTIIND.NS,validation,2024-08-14,2024-08-28,0.02440282504493645,0.025385596290447694,2437.400968986637,99881.91795410155,160
AARTIIND.NS,out_of_sample,2024-10-08,2024-10-21,-0.0330090356181711,-0.0320413581684151,-3285.385534169972,99529.88545843505,189
AARTIIND.NS,out_of_sample,2024-11-11,2024-11-26,-0.010373923450524106,-0.009400357521898191,-1034.1128335164638,99683.86969967654,219
AARTIIND.NS,out_of_sample,2025-03-03,2025-03-17,0.017913951386619376,0.018894563844932467,1790.588159936849,99954.9525,265
AARTIIND.NS,out_of_sample,2025-04-07,2025-04-23,0.20774918014495522,0.20878498203133367,20734.682154124075,99806.3248175354,279
AARTIIND.NS,out_of_sample,2025-06-20,2025-07-03,0.09864202675706042,0.09964669779445323,9839.048857617474,99744.99897340393,229
AARTIIND.NS,out_of_sample,2025-07-23,2025-08-05,-0.0953451755526888,-0.09439677835238221,-9521.751883371679,99866.11098229981,236
AARTIIND.NS,out_of_sample,2025-08-06,2025-08-20,0.020866061909338336,0.02184839028283713,2081.15895875058,99738.94296839905,259
AARTIIND.NS,out_of_sample,2025-12-08,2025-12-19,0.007752309602063261,0.00872989300986685,775.0884145423072,99981.61249081422,273
AARTIIND.NS,out_of_sample,2026-01-22,2026-02-05,0.3232587391736566,0.3243273278489765,32298.051684202463,99913.932,292
AARTIIND.NS,out_of_sample,2026-06-09,2026-06-22,0.1201690302345133,0.12118031560391698,11973.617537915707,99639.795,230
ABB.NS,validation,2022-12-19,2022-12-30,-0.056329453734119274,-0.05536759123964114,-5594.0572084375035,99309.63,35
ABB.NS,validation,2023-04-13,2023-04-27,0.057974176512567636,0.058967049000171766,5784.121964602799,99770.66191442871,31
ABB.NS,validation,2023-07-21,2023-08-03,0.03762887690299337,0.03862846053595182,3640.230571186987,96740.34599999999,23
ABB.NS,validation,2024-02-05,2024-02-16,0.0028794005984556993,0.003859348645989426,285.20318957673777,99049.5,22
ABB.NS,validation,2024-07-15,2024-07-29,-0.031172646644889983,-0.030200538088692025,-3072.7769165695527,98572.85945507811,12
ABB.NS,out_of_sample,2025-01-31,2025-02-12,-0.05299422418441241,-0.05202446601040719,-5173.76198411292,97628.79,17
ABB.NS,out_of_sample,2025-03-03,2025-03-17,0.044433640417308636,0.045425147426306565,4405.397455153321,99145.54409179688,20
ABB.NS,out_of_sample,2025-07-16,2025-07-29,-0.007655124981013488,-0.006662681498052651,-730.1738996874968,95383.668,17
ABB.NS,out_of_sample,2025-08-05,2025-08-19,-0.0028826237611755865,-0.0018931362721006492,-277.82198848750124,96378.165,19
ABB.NS,out_of_sample,2025-11-13,2025-11-26,0.05104365846926512,0.052038849823010505,5038.485328249986,98709.33000000002,20
ABBOTINDIA.NS,development,2022-08-12,2022-08-26,-0.024201653019791176,-0.0232122627223117,-2299.0959277062866,94997.47499999999,5
ABBOTINDIA.NS,validation,2023-05-10,2023-05-23,-0.026352478098834408,-0.025331143552049636,-2323.763310723729,88180.068,4
ABBOTINDIA.NS,validation,2023-09-04,2023-09-15,0.017217638917989227,0.018234370983263137,1577.8277988469154,91640.19563671875,4
ABBOTINDIA.NS,validation,2023-12-21,2024-01-04,0.061752256904100015,0.06279667689248507,5472.4781747742645,88619.88936328125,4
ABBOTINDIA.NS,validation,2024-04-25,2024-05-09,-0.0021089560008678765,-0.0010126543215501192,-161.7319817583471,76688.17258007813,3
ABBOTINDIA.NS,out_of_sample,2025-01-29,2025-02-10,0.16780753799732342,0.16895671628726644,12770.66251795529,76103.0325,3
ABBOTINDIA.NS,out_of_sample,2025-04-07,2025-04-23,0.10520845213635201,0.1062986015446515,8684.352933068752,82544.2515,3
ABCAPITAL.NS,development,2022-06-21,2022-07-04,0.011553679984524856,0.012532520056362993,1154.6839281236237,99940.79199616241,1123
ABCAPITAL.NS,validation,2023-12-21,2024-01-04,0.10695438455388391,0.10796044210684458,10694.932428538483,99995.26876011658,637
ABCAPITAL.NS,validation,2024-07-12,2024-07-26,-0.020977986720475277,-0.02000869248007936,-2097.5535756183617,99988.31649421692,439
ABCAPITAL.NS,validation,2024-08-06,2024-08-20,0.047304644279392766,0.04829361785889848,4729.4101907237855,99977.713875,481
ABCAPITAL.NS,out_of_sample,2025-01-13,2025-01-24,-0.005801585599602907,-0.004827628974369767,-579.6592290909041,99913.932,584
ABCAPITAL.NS,out_of_sample,2025-02-12,2025-02-25,-0.05038847112263652,-0.04942724064908472,-5033.300349362473,99889.92000000001,624
ABCAPITAL.NS,out_of_sample,2025-07-30,2025-08-12,0.05941914092059356,0.060412520683621324,5926.931352932528,99747.8465879059,395
ABFRL.NS,development,2022-06-16,2022-06-29,-0.002267414120878813,-0.0012920798990294653,-226.342090984811,99823.887,414
ABFRL.NS,validation,2022-11-10,2022-11-23,-0.02183060816725219,-0.020861164946936028,-2180.6577033781678,99889.92,320
ABFRL.NS,validation,2023-02-23,2023-03-09,0.00029392066427268057,0.001269668762149339,29.363945449734693,99904.32459860231,426
ABFRL.NS,validation,2023-05-10,2023-05-23,-0.05797076897922154,-0.05701190250123696,-5793.348878589477,99935.6913941574,485
ABFRL.NS,validation,2023-08-08,2023-08-22,0.09335407746891138,0.09435680635329308,9321.395299863054,99849.9,499
ABFRL.NS,validation,2024-03-13,2024-03-27,-0.04379415301154445,-0.04283104458628689,-4374.796057066698,99894.52372588348,467
ABFRL.NS,out_of_sample,2025-02-17,2025-03-03,-0.04032254938402549,-0.03935826358225025,-4026.2025237400076,99849.90000000001,400
ABFRL.NS,out_of_sample,2025-05-23,2025-06-05,-0.1573616388925542,-0.15643148473933857,-15731.121864983663,99967.959,1098
ABFRL.NS,out_of_sample,2025-11-07,2025-11-20,0.0026462289260214926,0.00362250120625641,264.47028588294125,99942.33049238205,1281
ABFRL.NS,out_of_sample,2026-01-21,2026-02-04,0.011345257651515351,0.012323805639107592,1134.511885899011,99998.7766472168,1472
ABFRL.NS,out_of_sample,2026-03-09,2026-03-20,-0.022372911611893243,-0.021404023548498474,-2237.057835134533,99989.57104650307,1633
ACC.NS,development,2016-11-15,2016-11-28,-0.058533297203590656,-0.057571512044482395,-5804.902771465001,99172.65981573486,71
ACC.NS,development,2017-09-26,2017-10-10,0.06254853912093693,0.06354439412928477,6214.676108183516,99357.65400000001,61
ACC.NS,development,2018-02-05,2018-02-19,-0.02242066492816438,-0.021445335388272736,-2206.242227508591,98402.1765,59
ACC.NS,development,2018-05-14,2018-05-25,-0.09939402941013786,-0.09844603489535576,-9907.260078690417,99676.61173901366,68
ACC.NS,development,2019-01-29,2019-02-11,0.005686715839647256,0.006667162997887859,563.6964709543099,99125.13423376465,73
ACC.NS,development,2020-03-03,2020-03-17,-0.12903621351863143,-0.1280949189840614,-12803.694159679753,99225.588,77
ACC.NS,development,2020-09-01,2020-09-14,0.03094664438334588,0.031933732840898704,3072.332350660021,99278.36803894042,75
ACC.NS,development,2020-12-14,2020-12-28,-0.0008762262122105494,0.00010341506377331531,-86.62394584363597,98860.25393499756,61
ACC.NS,development,2022-03-04,2022-03-17,0.09150335051847229,0.09250903024848722,9057.868171047798,98989.47,51
ACC.NS,validation,2023-01-27,2023-02-09,-0.12197598655391877,-0.12102759258308583,-11952.881230929099,97993.72457336426,45
ACC.NS,validation,2023-02-24,2023-03-10,0.057877114912017864,0.058871775787540284,5748.40333459668,99320.83420770263,57
ACC.NS,validation,2024-03-14,2024-03-28,0.04130188297603592,0.04229755722084628,4044.112426906315,97915.9335,41
ACC.NS,validation,2024-08-02,2024-08-16,-0.06154659490351069,-0.06058679212512439,-6120.667124170968,99447.69704589844,40
ACC.NS,out_of_sample,2025-01-14,2025-01-27,0.06520258132574165,0.0662002848183868,6460.964076208065,99090.61796081543,53
ACC.NS,out_of_sample,2026-03-16,2026-03-30,-0.0912071939226044,-0.09025489026702947,-9047.167357279823,99193.572,72
ADANIENSOL.NS,out_of_sample,2025-06-20,2025-07-03,0.05704435313756953,0.05803605461191915,5704.205596146868,99995.973,121
ADANIENSOL.NS,out_of_sample,2026-01-14,2026-01-28,-0.06106946751737892,-0.0601092196697808,-6068.574423587489,99371.661,106
ADANIENSOL.NS,out_of_sample,2026-08-20,2026-09-02,-0.10126781330150188,-0.1003186306134988,-10050.78996304874,99249.6,64
ADANIENT.NS,development,2017-08-10,2017-08-24,-0.11125881266176686,-0.11031542954966392,-11123.133904979364,99975.30657453918,1497
ADANIENT.NS,development,2017-09-28,2017-10-12,0.043610714149650454,0.04459873741497936,4358.879679574614,99949.74318964577,1597
ADANIENT.NS,development,2018-03-08,2018-03-21,-0.07016881865202028,-0.06921364824807383,-7015.665913182132,99982.6710490036,1054
ADANIENT.NS,development,2018-05-04,2018-05-17,-0.028473205799026565,-0.027505951886121295,-2846.1687775748424,99959.54785225296,1229
ADANIENT.NS,development,2018-06-29,2018-07-12,0.12626923322652375,0.12728107296254518,12619.149057856897,99938.43104454802,1414
ADANIENT.NS,development,2018-12-07,2018-12-20,0.0465159621663533,0.0475048826158097,4648.542174347994,99934.34420906065,658
ADANIENT.NS,development,2019-01-28,2019-02-08,-0.1055503842510594,-0.10460530604263078,-10551.022866287492,99961.95599999999,724
ADANIENT.NS,development,2019-05-02,2019-05-15,-0.07060598032731252,-0.06965087674929976,-7058.335746515585,99967.959,793
ADANIENT.NS,development,2019-06-20,2019-07-03,0.09082353227168939,0.09182515392872909,9077.317011752562,99944.54944340514,702
ADANIENT.NS,development,2020-03-13,2020-03-26,-0.0414589879642281,-0.04049514859123698,-4140.911811324775,99879.71281155395,684
ADANIENT.NS,validation,2023-01-20,2023-02-03,-0.541580931967581,-0.5407475251419805,-52342.87638708235,96648.3,28
ADANIENT.NS,validation,2023-02-06,2023-02-17,0.09113348768143341,0.09213790007897851,9047.241675347825,99274.61249999999,63
ADANIENT.NS,validation,2023-06-26,2023-07-10,0.08794852452744964,0.08895110002609344,8751.052181102163,99501.97832336425,45
ADANIENT.NS,validation,2024-03-14,2024-03-28,0.08947089945440008,0.09047358533273182,8909.78639499303,99583.06498901367,34
ADANIENT.NS,validation,2024-05-07,2024-05-21,0.07611704657292544,0.07712110574588694,7482.871036645744,98307.42748901367,34
ADANIENT.NS,validation,2024-07-22,2024-08-02,0.04906608202712201,0.0500585465125615,4869.204757338649,99237.69243786621,33
ADANIENT.NS,out_of_sample,2024-09-12,2024-09-25,0.049997883675848336,0.05099822887152823,4869.727622831758,97398.675,33
ADANIENT.NS,out_of_sample,2024-11-22,2024-12-05,0.1978054701943939,0.19884251057683774,19542.463113668455,98796.37349999999,47
ADANIENT.NS,out_of_sample,2025-02-17,2025-03-03,-0.018962507090402193,-0.01798892971879248,-1878.6422473697955,99071.40645556641,46
ADANIENT.NS,out_of_sample,2025-08-07,2025-08-21,0.03553072936635947,0.03652224159566643,3500.4602761657698,98519.235,43
ADANIENT.NS,out_of_sample,2025-11-04,2025-11-18,-0.019786008893272707,-0.0188133609435953,-1963.595139702448,99241.59795410157,40
ADANIENT.NS,out_of_sample,2026-01-27,2026-02-09,0.17588424121952373,0.17691285188133732,17468.40669580837,99317.634,52
ADANIGREEN.NS,out_of_sample,2025-10-28,2025-11-11,0.02070467202589946,0.021689793242235505,2050.5491890491667,99037.99425,97
ADANIGREEN.NS,out_of_sample,2026-01-13,2026-01-27,-0.16315175426944772,-0.1622197562007472,-16168.196472146557,99099.12734033202,104
ADANIGREEN.NS,out_of_sample,2026-07-24,2026-08-06,0.008932552842878316,0.009914290642289415,884.6576485812442,99037.494,73
ADANIGREEN.NS,out_of_sample,2026-08-20,2026-09-02,-0.0009322378470583126,4.4027445319084183e-05,-92.93275776249874,99687.81899999999,77
ADANIPORTS.NS,development,2018-10-01,2018-10-15,-0.02301728133796952,-0.02204766519179437,-2296.2467063500026,99761.856,304
ADANIPORTS.NS,development,2019-01-29,2019-02-11,-0.006104888252673896,-0.005130199127176597,-608.7173698431112,99709.83,302
ADANIPORTS.NS,development,2019-08-23,2019-09-06,0.05328594299257221,0.05427729679621894,5318.634082337028,99813.0798413086,288
ADANIPORTS.NS,development,2019-11-14,2019-11-27,0.0003433990396439633,0.001319905547231149,34.24342015386999,99719.03296343994,268
ADANIPORTS.NS,development,2020-03-24,2020-04-08,0.15857995864777788,0.15960147749001458,15832.92373899574,99841.89600000001,462
ADANIPORTS.NS,development,2020-07-15,2020-07-28,-0.00854722930841516,-0.007573367526025474,-852.5082730140424,99740.8917267151,311
ADANIPORTS.NS,development,2021-06-18,2021-07-01,0.09048685578030383,0.0914891781097125,9025.688333954973,99745.84989303589,155
ADANIPORTS.NS,development,2021-07-20,2021-08-03,0.0640480145019095,0.06504227130787965,6395.892723637814,99860.90550000001,151
ADANIPORTS.NS,development,2021-10-29,2021-11-12,0.07385903073780416,0.07485667181499049,7365.284254394011,99720.83549999999,143
ADANIPORTS.NS,validation,2023-01-27,2023-02-09,-0.1691311842678995,-0.16820175347923222,-16796.0168996072,99307.629,142
ADANIPORTS.NS,out_of_sample,2024-09-10,2024-09-23,0.00942025193072957,0.010400897112005897,935.8139075712969,99340.6455,69
ADANIPORTS.NS,out_of_sample,2024-11-22,2024-12-05,0.18779656307356074,0.18882664561612247,18742.411296394657,99801.67362835693,93
ADANIPORTS.NS,out_of_sample,2025-01-14,2025-01-27,0.0004379591273154948,0.0014161704992257341,43.49101647161568,99303.8248527832,92
ADANIPORTS.NS,out_of_sample,2026-01-27,2026-02-09,0.1676431969288021,0.16867159924356806,16561.064506793835,98787.57271508788,74
ADANIPORTS.NS,out_of_sample,2026-07-30,2026-08-12,-0.03814907317794436,-0.03717855149203498,-3756.58151131532,98471.10816540527,57
ADANIPOWER.NS,development,2017-04-13,2017-04-27,-0.02045964832012549,-0.019490238127198068,-2045.895085459516,99996.59101896858,15007
ADANIPOWER.NS,development,2017-05-25,2017-06-07,-0.025646662630348566,-0.02467875286252441,-2564.634786809666,99998.77269703102,17848
ADANIPOWER.NS,development,2017-09-28,2017-10-12,0.031653182364052644,0.032637576779706176,3165.230303701097,99997.22199483275,17085
ADANIPOWER.NS,development,2018-03-08,2018-03-21,-0.05762369566963669,-0.056664986780710726,-5762.368520727633,99999.98184364915,18407
ADANIPOWER.NS,development,2018-05-14,2018-05-25,-0.16502213806972815,-0.16409430763612567,-16501.902455352836,99998.11327362727,20866
ADANIPOWER.NS,development,2018-06-27,2018-07-10,0.012119931585427705,0.013098699553637095,1211.986819585914,99999.4769808054,29225
ADANIPOWER.NS,development,2018-09-24,2018-10-08,-0.14455536757375625,-0.14362165758113934,-14455.492698064021,99999.69520805526,18239
ADANIPOWER.NS,development,2019-01-29,2019-02-11,-0.13473714900140898,-0.13380059255831595,-13472.902704606717,99993.972,12493
ADANIPOWER.NS,development,2019-05-02,2019-05-15,-0.14142334973760595,-0.1404887297215341,-14141.96283271772,99997.36860254289,11130
ADANIPOWER.NS,development,2020-02-18,2020-03-03,-0.13058685861329164,-0.12964912368118453,-13058.390246618434,99997.73625988196,8908
ADANIPOWER.NS,development,2020-03-11,2020-03-24,-0.311796854216963,-0.3109112247040229,-31178.400088836657,99995.87765930842,12339
ADANIPOWER.NS,development,2020-10-20,2020-11-02,0.01446896481816994,0.015448411969801469,1446.8757437823656,99998.56672299028,14137
ADANIPOWER.NS,development,2021-05-31,2021-06-11,0.5971006923261272,0.598247759530183,59699.4765767244,99982.25984993076,5393
AJANTPHARM.NS,development,2017-01-27,2017-02-09,0.06698895373506132,0.06798745832005286,6633.256141177505,99020.14841748048,88
AJANTPHARM.NS,development,2017-04-25,2017-05-09,-0.04210367913244916,-0.04113666743954003,-4170.348366229523,99049.5,90
AJANTPHARM.NS,development,2017-05-30,2017-06-12,0.0233292758445012,0.024313804494803217,2318.21600307851,99369.39399792481,98
AJANTPHARM.NS,development,2017-07-14,2017-07-27,-0.04421634900754672,-0.04325041221234298,-4384.679846543136,99164.22194412231,101
AJANTPHARM.NS,development,2017-08-04,2017-08-18,-0.10259632351795982,-0.10164736025519576,-10178.537933951711,99209.57774057006,111
AJANTPHARM.NS,development,2018-02-02,2018-02-16,-0.0048011973726197164,-0.0038255284451398203,-478.0060341246627,99559.755,107
AJANTPHARM.NS,development,2018-05-03,2018-05-16,-0.20575929510864424,-0.20484059538873056,-20443.486836875876,99356.32227978515,112
AJANTPHARM.NS,development,2018-09-25,2018-10-09,-0.07708658598293967,-0.07613078987375627,-7657.283751499854,99333.54362319945,137
AJANTPHARM.NS,development,2019-02-01,2019-02-15,-0.05189827678255609,-0.050937186062987846,-5180.306785145291,99816.5470281372,146
AJANTPHARM.NS,development,2019-06-14,2019-06-27,-0.017387494900885973,-0.016416003197906027,-1733.5000018093388,99698.08829223632,154
AJANTPHARM.NS,development,2019-07-16,2019-07-29,0.013711401460196077,0.01469261249502193,1364.3629841970737,99505.728,168
AJANTPHARM.NS,development,2019-12-24,2020-01-07,0.05384009149488348,0.05483177360990822,5371.681407739076,99771.03044577026,157
ALKEM.NS,development,2021-10-25,2021-11-08,-0.039390773491849246,-0.03841545017237319,-3830.224649372907,97236.594,26
ALKEM.NS,development,2021-11-23,2021-12-06,0.04659754309366538,0.04759627840827188,4545.53208185819,97548.75,30
ALKEM.NS,development,2022-05-11,2022-05-24,-0.018843735862619598,-0.017867323908043825,-1854.0195312223761,98389.17,33
ALKEM.NS,development,2022-08-10,2022-08-24,-0.023373613787237704,-0.022401215651939633,-2315.144758819001,99049.5,33
ALKEM.NS,validation,2023-05-23,2023-06-05,0.03906878210898956,0.040064094094272765,3822.8373537043085,97848.90000000001,30
ALKEM.NS,validation,2024-04-19,2024-05-03,0.057731111882218376,0.058734632683658076,5609.93780868124,97173.5625,21
ALKEM.NS,out_of_sample,2024-11-13,2024-11-28,-0.010254667588413651,-0.009278496671408678,-1015.719697298578,99049.5,18
ALKEM.NS,out_of_sample,2025-02-11,2025-02-24,-0.04239012921051826,-0.041410658762159346,-4072.2931112423207,96067.01340820313,20
AMBUJACEM.NS,development,2016-11-11,2016-11-25,-0.11735169139506763,-0.11640951365770989,-11716.26282486075,99838.8918436432,435
AMBUJACEM.NS,development,2017-11-21,2017-12-04,-0.015306213266606212,-0.01433439765027837,-1527.0451562071382,99766.35825,377
AMBUJACEM.NS,development,2018-01-24,2018-02-07,-0.05808845873728494,-0.057129767372237704,-5807.1592835190195,99970.96514099122,380
AMBUJACEM.NS,development,2018-02-08,2018-02-22,0.0341833609030084,0.035168818907430247,3415.3735185848036,99913.33293047332,403
AMBUJACEM.NS,development,2018-05-10,2018-05-23,-0.08072678039140609,-0.07977387890810188,-8055.831814752605,99791.31801979066,443
AMBUJACEM.NS,development,2018-06-21,2018-07-04,0.012649996949176612,0.013629548861932758,1262.9996798000086,99841.896,504
AMBUJACEM.NS,development,2018-07-17,2018-07-30,0.18567093924601027,0.18669984379537985,18556.500747668753,99942.94649999999,523
AMBUJACEM.NS,development,2019-01-28,2019-02-08,0.058362374251882496,0.05935465103269262,5833.141213690626,99946.9485,497
AMBUJACEM.NS,development,2019-06-18,2019-07-01,0.03270798075995826,0.03369341147342312,3264.7268457647483,99814.3807691574,485
AMBUJACEM.NS,development,2020-09-01,2020-09-14,-0.002001292673736308,-0.0010259983874789198,-199.83488022326324,99852.9015,473
AMBUJACEM.NS,development,2020-12-11,2020-12-24,-0.013676830871957075,-0.012704882223041064,-1365.6301948818268,99849.90000000001,400
AMBUJACEM.NS,development,2021-10-20,2021-11-02,0.03901106034713335,0.03999854292802459,3891.5425707968857,99754.8525,255
AMBUJACEM.NS,development,2022-01-27,2022-02-09,0.08827168134013441,0.08927352925673962,8801.16559755688,99705.42606573486,284
AMBUJACEM.NS,development,2022-02-21,2022-03-07,-0.16077829434231086,-0.1598491540168015,-16073.933221751768,99975.7665517273,299
AMBUJACEM.NS,validation,2022-12-26,2023-01-06,0.04976518825202032,0.05075547047239108,4967.948832653073,99827.79141705323,202
AMBUJACEM.NS,validation,2023-01-27,2023-02-09,-0.2200089246698516,-0.21909605239964552,-21953.561396998623,99784.8675,218
AMBUJACEM.NS,validation,2023-09-25,2023-10-09,0.0205516095831639,0.021533970695566153,2049.1666549355614,99708.32925,237
AMBUJACEM.NS,validation,2024-08-02,2024-08-16,-0.03343259200543701,-0.03246636893353626,-3338.6089108750007,99860.90550000001,151
AMBUJACEM.NS,out_of_sample,2024-11-22,2024-12-05,0.19407176654139202,0.19510376407381183,19363.357364389438,99774.21089872741,209
AMBUJACEM.NS,out_of_sample,2025-01-14,2025-01-27,0.07995252169699968,0.0809513635992086,7983.907333300065,99858.1053335266,202
AMBUJACEM.NS,out_of_sample,2025-06-20,2025-07-03,0.10245207323977043,0.10345812546565751,10211.814312935929,99674.06212500001,187
AMBUJACEM.NS,out_of_sample,2025-10-27,2025-11-10,-0.004266541913186188,-0.003291569156688456,-425.67611251577307,99770.75607769776,179
AMBUJACEM.NS,out_of_sample,2025-12-04,2025-12-17,0.008148145044004918,0.009127087789910187,812.1370749196439,99671.40625671386,186
AMBUJACEM.NS,out_of_sample,2026-03-09,2026-03-20,-0.08609466440348051,-0.08514274931123576,-8579.57450200916,99652.8015,217
ANGELONE.NS,out_of_sample,2025-07-09,2025-07-22,0.03841684293452405,0.03940411440430796,3832.6508609626735,99764.8575,370
ANGELONE.NS,out_of_sample,2025-08-26,2025-09-09,-0.04775486991812586,-0.046792872432505316,-4770.115407248212,99887.51755426027,408
ANGELONE.NS,out_of_sample,2025-12-11,2025-12-24,0.011075844682421346,0.012054715124083253,1106.4649717029367,99898.92450000001,401
ANGELONE.NS,out_of_sample,2025-12-31,2026-01-13,0.024636997604597383,0.02562019927891322,2458.562182827289,99791.46900466918,420
ANGELONE.NS,out_of_sample,2026-03-05,2026-03-18,0.05287789641855835,0.053868925632771354,5280.63572577408,99864.70876176452,446
ANGELONE.NS,out_of_sample,2026-07-23,2026-08-05,-0.04265924688896705,-0.04169547240870594,-4257.814312878174,99809.87999999999,320
APLAPOLLO.NS,out_of_sample,2025-07-28,2025-08-08,0.025733086079333126,0.026721647096230487,2536.038083361963,98551.64963671875,64
APLAPOLLO.NS,out_of_sample,2026-03-17,2026-04-01,0.008372391188701384,0.009351775929849523,833.703993904186,99577.76400000001,52
APLLTD.NS,development,2021-07-27,2021-08-09,-0.0935481349133517,-0.09259774560387543,-9308.013698141393,99499.72499999999,117
APLLTD.NS,development,2022-01-28,2022-02-10,0.059667055056534135,0.060662332971923326,5924.6774044138565,99295.62299999999,139
APLLTD.NS,development,2022-02-21,2022-03-07,0.012732261780292029,0.013713993346171597,1264.4107292081203,99307.629,142
APLLTD.NS,development,2022-07-18,2022-07-29,-0.006723730279558623,-0.00574818973491972,-668.7065946437447,99454.7025,141
APLLTD.NS,development,2022-08-08,2022-08-23,-0.04496096602460752,-0.04399806634186364,-4489.932746265058,99862.90650000001,147
APLLTD.NS,development,2022-09-08,2022-09-21,-0.05242498832647649,-0.051463402511468186,-5224.454308940641,99655.803,156
APLLTD.NS,validation,2022-10-20,2022-11-03,0.18732958341767467,0.1883603847075528,18656.110126762036,99589.77,180
APLLTD.NS,validation,2022-12-21,2023-01-03,-0.012978738769620241,-0.01200622124016408,-1294.736348639078,99758.25630065918,172
APLLTD.NS,validation,2023-02-15,2023-02-28,0.02541967520407833,0.026404156331528577,2530.013632900971,99529.73877868651,200
APOLLOHOSP.NS,development,2016-11-17,2016-11-30,0.014771655893311735,0.015751484920770914,1476.056791910682,99924.93750000001,85
APOLLOHOSP.NS,development,2017-08-17,2017-08-31,-0.06069614651388282,-0.05973395014912871,-6004.0225746829665,98919.33705065917,86
APOLLOHOSP.NS,development,2017-09-26,2017-10-10,0.07988575835722955,0.0808857024526999,7954.976876884477,99579.41240679933,99
APOLLOHOSP.NS,development,2017-11-09,2017-11-22,0.15136593957664737,0.15238615631943062,15083.585605624996,99649.8,100
APOLLOHOSP.NS,development,2018-01-18,2018-02-01,0.07384590195525238,0.07484376078682997,7359.911485859009,99665.808,88
APOLLOHOSP.NS,development,2018-05-11,2018-05-24,-0.06668927887809226,-0.06573002191530002,-6616.749128986544,99217.584,96
APOLLOHOSP.NS,development,2018-07-16,2018-07-27,-0.046561951963891644,-0.04559887342884179,-4642.404803390163,99703.827,102
APOLLOHOSP.NS,development,2018-09-21,2018-10-05,-0.021737510086764146,-0.020765358303498446,-2156.9172200151033,99225.588,92
APOLLOHOSP.NS,development,2019-02-12,2019-02-26,0.018978396421553773,0.019960121978156258,1893.1681478330045,99753.85199999998,88
APOLLOHOSP.NS,development,2019-10-03,2019-10-17,0.09446081843689853,0.0954672569820047,9352.748226966165,99011.93300811767,73
APOLLOHOSP.NS,development,2021-09-28,2021-10-11,-0.046700795891286444,-0.04572326228994545,-4493.928390098342,96228.09,21
APOLLOHOSP.NS,development,2021-10-25,2021-11-08,0.08633310808359737,0.0873450044636362,8386.237751614139,97138.14245507812,24
APOLLOHOSP.NS,development,2021-12-20,2021-12-31,0.04624918799950527,0.04725597503369778,4423.63308393908,95647.8,20
APOLLOHOSP.NS,development,2022-01-19,2022-02-02,0.008609681603217179,0.00959996813788391,834.8244962220807,96963.4575,21
APOLLOHOSP.NS,development,2022-05-09,2022-05-20,-0.038418882925741284,-0.037450525722684064,-3802.680477887507,98979.465,26
APOLLOHOSP.NS,validation,2024-05-02,2024-05-15,-0.01899356950875274,-0.01800358267222157,-1808.2101985581496,95201.17836328124,16
APOLLOHOSP.NS,out_of_sample,2025-12-09,2025-12-22,-0.008943332623426755,-0.007968410161116662,-889.4117464000037,99449.7,14
APOLLOTYRE.NS,development,2017-02-14,2017-02-28,0.03967281405734358,0.04065970402250033,3965.2957813907883,99949.95,555
APOLLOTYRE.NS,development,2017-05-25,2017-06-07,0.15705230279965174,0.15807346988441878,15676.974016743952,99820.08373823548,446
APOLLOTYRE.NS,development,2017-11-09,2017-11-22,0.06311605927031284,0.06410972055106336,6307.982998623889,99942.59894471739,429
APOLLOTYRE.NS,development,2018-09-05,2018-09-19,-0.0030981183100940515,-0.002123287950141311,-309.47079014583,99889.92,416
APOLLOTYRE.NS,development,2018-10-01,2018-10-15,0.02401849521075754,0.025001272337348317,2398.3164364579948,99852.9015,473
APOLLOTYRE.NS,development,2019-01-10,2019-01-23,-0.02306498578600748,-0.0220961541534708,-2305.436482135274,99953.952,448
APOLLOTYRE.NS,development,2019-01-30,2019-02-12,-0.012313777973823006,-0.011341544900800658,-1229.8596365668552,99876.71039556887,492
APOLLOTYRE.NS,development,2019-05-03,2019-05-16,-0.13923964306472988,-0.13830362735932988,-13896.934828481977,99805.878,489
APOLLOTYRE.NS,development,2019-07-22,2019-08-02,-0.14307941171911442,-0.1421451782827894,-14304.358821140526,99974.96250000001,571
APOLLOTYRE.NS,development,2019-10-09,2019-10-23,0.12337448703496202,0.1243853720299731,12333.619097731393,99968.9595,613
APOLLOTYRE.NS,development,2020-03-02,2020-03-16,-0.32878662020754823,-0.32790571282877884,-32863.851005481025,99954.9525,689
APOLLOTYRE.NS,development,2020-03-17,2020-03-30,-0.16095328067019157,-0.16002412736263857,-16088.88269289472,99959.955,1030
APOLLOTYRE.NS,development,2020-09-09,2020-09-22,0.09179691535307881,0.09279867271461932,9177.907737005813,99980.5679929962,882
APOLLOTYRE.NS,development,2021-04-13,2021-04-28,0.03779579736114949,0.038782564707866125,3773.7553281500013,99845.898,488
APOLLOTYRE.NS,development,2021-08-23,2021-09-03,0.041200368020773946,0.042188106839430056,4113.766004057323,99847.79752411653,467
APOLLOTYRE.NS,development,2022-02-25,2022-03-11,-0.013723104673212414,-0.012751504734348256,-1371.398499403618,99933.5450731201,536
APOLLOTYRE.NS,development,2022-06-14,2022-06-27,-0.013000741695125146,-0.012029182162421187,-1300.0159204282988,99995.519556839,527
APOLLOTYRE.NS,validation,2023-09-20,2023-10-04,-0.0013948861820637845,-0.00041980657620416777,-139.41880415296615,99949.95,270
APOLLOTYRE.NS,validation,2024-03-18,2024-04-02,-0.012771970798426242,-0.011799561067019952,-1274.6410891865892,99799.875,210
APOLLOTYRE.NS,out_of_sample,2025-01-09,2025-01-22,-0.09724299095007666,-0.09629555691783205,-9721.406858389058,99970.25763409425,206
APOLLOTYRE.NS,out_of_sample,2025-03-03,2025-03-17,0.06141550352351138,0.062408973554756234,6133.462594569733,99868.31081213379,264
APOLLOTYRE.NS,out_of_sample,2025-06-05,2025-06-18,-0.03688128626779048,-0.035915370567299605,-3676.7182118918327,99690.6177619629,216
ARVIND.NS,development,2017-05-22,2017-06-02,-0.004969574953115638,-0.003995499073390772,-496.67862800768745,99943.88507940674,694
ARVIND.NS,development,2018-01-31,2018-02-14,-0.06889635196321361,-0.06794054726727948,-6883.825191524394,99915.67035653687,621
ARVIND.NS,development,2018-05-21,2018-06-01,-0.04305376624356298,-0.04209077476535786,-4304.380419088358,99976.86136766052,662
ARVIND.NS,development,2018-09-05,2018-09-19,-0.007707249482609857,-0.006733803715625142,-769.9901167535102,99904.65710119628,691
ARVIND.NS,development,2018-09-26,2018-10-10,-0.04344858452731392,-0.042485708080313205,-4343.8692660206025,99977.23316601562,768
ARVIND.NS,development,2018-11-29,2018-12-12,-0.08491171079273534,-0.08396075254266844,-8489.113181925784,99975.76426939774,897
ARVIND.NS,development,2019-01-04,2019-01-17,-0.013449203820723753,-0.012477562775743377,-1344.1530579221894,99942.94649999999,1046
ARVIND.NS,development,2019-01-22,2019-02-04,-0.05989819572276965,-0.05893986851356001,-5985.7429609742685,99931.94099999999,1074
ARVIND.NS,development,2019-02-08,2019-02-22,-0.0706749523410414,-0.06971979848585029,-7063.99330788438,99950.45025,1241
ARVIND.NS,development,2019-05-02,2019-05-15,-0.14430646527704943,-0.14337253746097306,-14425.330050806695,99963.15842891694,1198
ARVIND.NS,development,2019-06-19,2019-07-02,-0.06351569924293825,-0.06255864873318748,-6350.996409287512,99990.97050000001,1438
ARVIND.NS,development,2019-07-22,2019-08-02,-0.027580851196346977,-0.02661333208220368,-2756.910351082244,99957.40637067033,1733
ARVIND.NS,development,2019-08-14,2019-08-28,-0.0814620952591479,-0.08051019120134696,-8145.176355676364,99987.31716591454,1977
ARVIND.NS,development,2019-11-27,2019-12-10,-0.20123804139419404,-0.20032061166466228,-20122.702150555757,99994.52395354271,2199
ARVIND.NS,development,2020-02-11,2020-02-25,-0.025160594135195807,-0.02419239239255997,-2515.0718991554845,99960.7515482826,2523
ARVIND.NS,development,2020-03-20,2020-04-03,-0.16052434318162967,-0.15959517065731665,-16050.181840579444,99985.96800000001,4164
ASHOKLEY.NS,development,2017-03-03,2017-03-17,0.03453912101415816,0.035524450478446684,3452.9091627220346,99970.96224037171,2280
ASHOKLEY.NS,development,2017-03-30,2017-04-13,-0.011439812584990576,-0.01046781998222443,-1143.9752497374973,99999.47475,2394
ASHOKLEY.NS,development,2017-11-09,2017-11-22,-0.05779170713674685,-0.056832846279802014,-5776.2782387324905,99949.95,1665
ASHOKLEY.NS,development,2018-05-22,2018-06-04,0.10392684286180073,0.10493223371431344,10386.897866909498,99944.3221875,1505
ASHOKLEY.NS,development,2018-06-22,2018-07-05,-0.08422252023350434,-0.08327139700025134,-8420.909732642776,99984.06256777955,1468
ASHOKLEY.NS,development,2018-07-19,2018-08-01,0.055721962879224395,0.056713326804117475,5571.376690540688,99985.29130455207,1779
ASHOKLEY.NS,development,2018-11-15,2018-11-29,0.022133207579717536,0.023114968323773293,2212.683556758788,99971.21062499999,1859
ASHOKLEY.NS,development,2019-01-08,2019-01-21,-0.030321125329696396,-0.029354406066244232,-3030.910358775483,99960.35192687987,2144
ASHOKLEY.NS,development,2019-01-25,2019-02-07,0.026196909723397548,0.02717980826384741,2619.1386904491583,99978.91805192185,2343
ASHOKLEY.NS,development,2019-07-24,2019-08-06,-0.15450643764913577,-0.15357548941810206,-15446.736349163768,99974.71033693313,2670
ASHOKLEY.NS,development,2020-03-02,2020-03-16,-0.11625635439853806,-0.11531439209560287,-11622.288492070893,99971.21062499999,2795
ASHOKLEY.NS,development,2020-03-20,2020-04-03,-0.22666610150826116,-0.22575600546563326,-22666.559479774718,99999.77645068645,4063
ASHOKLEY.NS,development,2021-03-19,2021-04-05,0.01454360467242031,0.015523208125210065,1453.8496918498063,99964.87972523116,1793
ASHOKLEY.NS,development,2021-06-21,2021-07-02,0.06311789658671517,0.06411150670771462,6308.98117120922,99955.50410241509,1739
ASHOKLEY.NS,development,2021-11-30,2021-12-13,0.04527373264408451,0.04626215680428574,4525.972587684073,99969.06204453277,1634
ASHOKLEY.NS,development,2022-02-25,2022-03-11,-0.08464917578368894,-0.0836981844823833,-8463.763769646737,99986.36952207184,1732
ASHOKLEY.NS,development,2022-08-23,2022-09-06,0.16084440608926137,0.16186615051073228,16076.084935210101,99948.05120103835,1409
ASHOKLEY.NS,validation,2023-09-14,2023-09-28,-0.03519321199213155,-0.034227852199388606,-3517.5597789529493,99949.95,1110
ASHOKLEY.NS,validation,2023-09-29,2023-10-13,0.00037322267022220275,0.001348726613899668,37.31142947203453,99970.96224037171,1140
ASHOKLEY.NS,validation,2023-12-21,2024-01-04,0.06696179786513212,0.06795649240398831,6693.551776095416,99960.7535863495,1188
ASHOKLEY.NS,validation,2024-03-14,2024-03-28,0.08055264362149318,0.0815512129794348,8052.780397279866,99969.16345935057,1264
ASHOKLEY.NS,out_of_sample,2024-10-07,2024-10-18,-0.011819060082869669,-0.010846768884289199,-1180.6968429696337,99897.69361447907,886
ASHOKLEY.NS,out_of_sample,2026-03-16,2026-03-30,-0.09191825030574624,-0.09096915155888903,-9186.029153009193,99936.94530143739,590
ASIANPAINT.NS,development,2016-10-28,2016-11-11,-0.1120854210105992,-0.11114037079039049,-11152.692849991286,99501.72600000001,92
ASIANPAINT.NS,development,2016-11-15,2016-11-28,-0.03830611118510197,-0.03733815789130744,-3795.6154097986846,99086.41969573975,102
ASIANPAINT.NS,development,2018-09-03,2018-09-17,-0.05682140198762183,-0.05586124972943548,-5664.970134795171,99697.824,72
ASIANPAINT.NS,development,2019-05-10,2019-05-23,0.03827937795054293,0.039265981030785144,3824.9341632252035,99921.53394360351,76
ASIANPAINT.NS,development,2019-11-20,2019-12-03,0.0013002616646239505,0.0022813766471918824,128.2754987630588,98653.60354229735,57
ASIANPAINT.NS,development,2021-01-27,2021-02-09,-0.009655050739766845,-0.008676553779112866,-951.2565121593392,98524.23749999999,39
ASIANPAINT.NS,development,2021-03-01,2021-03-15,0.021392260990965542,0.022377941464050536,2116.7524593124954,98949.45,43
ASIANPAINT.NS,development,2021-10-22,2021-11-04,0.05934108997299785,0.06034067000113377,5828.724413853114,98224.08750000001,33
ASIANPAINT.NS,development,2022-03-07,2022-03-21,0.14663460614084553,0.14765982499229,14384.168544262227,98095.31953491211,37
ASIANPAINT.NS,validation,2023-01-23,2023-02-06,-0.018809719809962874,-0.017831887191867245,-1844.27421764705,98049.0,35
ASIANPAINT.NS,validation,2023-10-30,2023-11-10,0.03190581327173696,0.032897640359612706,3132.8659762778657,98191.071,33
ASIANPAINT.NS,validation,2024-01-24,2024-02-07,-0.026613116594295515,-0.025636526273227926,-2602.999127397459,97808.88,32
ASIANPAINT.NS,out_of_sample,2024-11-12,2024-11-27,-0.01944984915478622,-0.01847577101334691,-1923.8707913562837,98914.4325,39
ASIANPAINT.NS,out_of_sample,2024-12-11,2024-12-24,-0.05062819197554467,-0.049661126307353635,-4983.785799001558,98438.94487499999,41
ASIANPAINT.NS,out_of_sample,2025-05-09,2025-05-22,0.020892999206070285,0.021878738979108758,2066.3140592035834,98899.82949902344,44
ASIANPAINT.NS,out_of_sample,2025-09-29,2025-10-13,-0.0026504948478872216,-0.0016696813819639888,-260.94385977818433,98450.99679638671,42
ASIANPAINT.NS,out_of_sample,2026-01-30,2026-02-12,-0.005161742848516867,-0.00418450270106988,-511.7689876750058,99146.5485,41
ASTRAL.NS,validation,2022-10-20,2022-11-03,0.01941819651901289,0.02040285493908324,1923.5812200481619,99060.755625,65
ASTRAL.NS,validation,2022-11-18,2022-12-01,0.015586189322416615,0.01656887562543131,1547.312905334547,99274.6125,70
ASTRAL.NS,validation,2023-07-07,2023-07-20,0.02394389095953996,0.024928433185962995,2380.2545382427606,99409.68000000001,54
ASTRAL.NS,validation,2023-09-25,2023-10-09,0.006752238222437677,0.007730865370649771,672.8611972899175,99650.0975119629,54
ASTRAL.NS,validation,2023-12-21,2024-01-04,-0.0006933959178344748,0.00028188542447533704,-69.30488731775986,99949.95,54
ASTRAL.NS,validation,2024-01-09,2024-01-23,-0.028665254242125265,-0.027691909785768215,-2822.036856809591,98447.99676196289,54
ASTRAL.NS,validation,2024-08-12,2024-08-26,-0.030037289346834015,-0.02906871627205948,-2989.3030759152443,99519.735,49
ASTRAL.NS,out_of_sample,2024-12-30,2025-01-10,-0.06278649525854502,-0.06182907081615437,-6275.507061766811,99949.95,60
ASTRAL.NS,out_of_sample,2025-02-14,2025-02-28,-0.02634153901784914,-0.025368520119502285,-2599.628573424999,98689.31999999999,72
ASTRAL.NS,out_of_sample,2025-03-13,2025-03-27,0.020395171542137543,0.02138133168193311,2014.2732399020915,98762.26026049805,78
ASTRAL.NS,out_of_sample,2025-08-13,2025-08-28,0.06715544959350818,0.0681526862486249,6671.4672785437715,99343.64700000001,78
ASTRAL.NS,out_of_sample,2026-06-30,2026-07-13,-0.03910672589017338,-0.03814078203784547,-3892.0943851831476,99524.9358413086,72
ATGL.NS,out_of_sample,2025-06-23,2025-07-04,0.07151145717407227,0.07250888217765185,7123.032888183935,99606.87657147217,162
ATGL.NS,out_of_sample,2025-12-04,2025-12-17,-0.01619895659420248,-0.015226889900503162,-1614.0671638455353,99640.19314819336,168
ATGL.NS,out_of_sample,2025-12-24,2026-01-07,0.008829442109266793,0.009809242725783963,878.5941611293979,99507.32450097657,176
ATGL.NS,out_of_sample,2026-03-06,2026-03-19,0.14396504670289573,0.1449818892402221,14390.739589994357,99959.955,206
ATGL.NS,out_of_sample,2026-07-09,2026-07-22,-0.035608245819854376,-0.03464101196160564,-3541.4074945604852,99454.7025,141
ATGL.NS,out_of_sample,2026-07-24,2026-08-06,0.005525563013742217,0.006503999908442717,550.4001161749992,99609.78,152
ATUL.NS,validation,2022-10-24,2022-11-07,-0.005972563974299725,-0.004968052478718393,-554.3756994767585,92820.387,11
ATUL.NS,validation,2022-11-18,2022-12-01,0.06707559294514877,0.06808148334686823,6523.007508085595,97248.6,12
ATUL.NS,validation,2023-01-24,2023-02-07,-8.029667314739972e-05,0.0009253942040306903,-7.462085663538872,92931.4425,13
ATUL.NS,validation,2023-05-02,2023-05-15,0.01960503988241338,0.0206103514281811,1847.849520111563,94253.80061425781,14
ATUL.NS,validation,2023-07-12,2023-07-25,-0.0003319125274574079,0.0006501925301067031,-32.62695911157828,98299.87244384766,15
ATUL.NS,validation,2023-10-25,2023-11-07,0.017340960826133747,0.01833801705602435,1664.2633830805034,95972.96250000001,15
ATUL.NS,validation,2024-01-18,2024-02-02,-0.03437310669956084,-0.033403139086545214,-3398.4744712197553,98870.15744384767,15
ATUL.NS,validation,2024-06-05,2024-06-19,0.134957405183636,0.1359768108646408,13318.854546537512,98689.31999999999,18
ATUL.NS,out_of_sample,2024-09-24,2024-10-08,0.022626371293133864,0.023611182187541314,2245.6672978903143,99249.99765966796,13
ATUL.NS,out_of_sample,2025-01-29,2025-02-10,-0.0355455346017477,-0.03457920253336701,-3543.2717793036068,99682.6132734375,16
ATUL.NS,out_of_sample,2025-02-13,2025-02-27,-0.06920871807668219,-0.06824305091721522,-6747.346311426351,97492.722,17
ATUL.NS,out_of_sample,2025-04-07,2025-04-23,0.30442583921270383,0.3054893008041434,30394.4529783875,99841.89600000001,21
AUBANK.NS,development,2021-09-01,2021-09-15,-0.03322214916979025,-0.03225509737482072,-3311.245295544652,99669.81,170
AUBANK.NS,development,2021-12-21,2022-01-03,0.0614867073413062,0.06248101822020032,6128.025627884113,99664.23464291383,199
AUBANK.NS,development,2022-03-07,2022-03-21,0.0992807213859336,0.10028462214280444,9926.361627839065,99982.7709677124,187
AUBANK.NS,development,2022-06-13,2022-06-24,0.03889189010183161,0.039879318298180144,3879.8493172346566,99759.855,169
AUBANK.NS,development,2022-07-06,2022-07-19,0.007676802189127787,0.008655016282802819,766.2898310458937,99818.8845,178
AUBANK.NS,validation,2023-07-26,2023-08-08,-0.02573972139284625,-0.024770558074383144,-2565.7306665904566,99679.815,135
AUBANK.NS,validation,2024-01-23,2024-02-06,-0.18559100296279718,-0.18466793093519468,-18505.247354950003,99709.83,132
AUBANK.NS,validation,2024-07-09,2024-07-23,0.01857010066489354,0.019552053050918655,1850.850571026107,99668.3111430359,155
AUBANK.NS,validation,2024-10-23,2024-11-05,-0.04109053384756872,-0.0401256884397648,-4094.9101462781405,99655.803,156
AUBANK.NS,out_of_sample,2024-12-19,2025-01-02,0.028156363700420017,0.029140664324877143,2809.1564644999876,99769.86000000002,180
AUBANK.NS,out_of_sample,2025-02-13,2025-02-27,-4.937878419950203e-05,0.0009280704813041228,-4.911082995679223,99457.34945269774,179
AUBANK.NS,out_of_sample,2025-03-18,2025-04-01,0.07485792703192325,0.07585519466621485,7477.207638354333,99885.31522073365,203
AUBANK.NS,out_of_sample,2025-07-23,2025-08-05,0.020136043053619775,0.021118966705830338,2004.324536891305,99539.14637319946,137
AUBANK.NS,out_of_sample,2026-07-23,2026-08-05,0.07014744850540283,0.07114682330191727,6946.666050291305,99029.49,101
AUROPHARMA.NS,development,2016-11-04,2016-11-18,-0.05323137139076061,-0.05227041250213569,-5310.039498937735,99753.94885015869,131
AUROPHARMA.NS,development,2016-12-21,2017-01-03,-0.016819153020881758,-0.015847190488591106,-1675.5540629475363,99621.78600000001,146
AUROPHARMA.NS,development,2017-02-02,2017-02-15,-0.04765319204847249,-0.04669150568567729,-4764.00707010318,99972.46491394042,150
AUROPHARMA.NS,development,2017-02-16,2017-03-02,0.0448535814819312,0.045843457581554205,4466.419351362515,99577.764,156
AUROPHARMA.NS,development,2017-04-20,2017-05-04,-0.08488698050256313,-0.08393361458805487,-8436.039685206255,99379.665,154
AUROPHARMA.NS,development,2017-05-23,2017-06-05,0.0224581736625781,0.023441714224692715,2235.7505123717333,99551.751,172
AUROPHARMA.NS,development,2017-11-15,2017-11-28,0.007020023264356889,0.00800011208937513,697.1418659081229,99307.629,142
AUROPHARMA.NS,development,2018-01-17,2018-01-31,-0.021833489212282144,-0.02086271847693639,-2173.7368367699532,99559.755,155
AUROPHARMA.NS,development,2018-02-02,2018-02-16,-0.029984646404673233,-0.02901571028813022,-2981.4840953311855,99433.692,164
AUROPHARMA.NS,development,2018-05-22,2018-06-04,-0.05538097494283239,-0.05442056304613587,-5523.490505269867,99736.24536172485,177
AUROPHARMA.NS,development,2018-06-05,2018-06-18,0.14550098706611178,0.14652018101604367,14475.211277433204,99485.31325671387,186
AUROPHARMA.NS,development,2018-07-17,2018-07-30,0.053194136273498185,0.054186410972221,5296.953148026241,99577.764,174
AUROPHARMA.NS,development,2018-12-11,2018-12-24,-0.011599991278359917,-0.010626785790417197,-1156.354619376174,99685.818,138
AUROPHARMA.NS,development,2019-05-20,2019-05-31,-0.017247107969060534,-0.016275562746614246,-1719.4473676138252,99694.8225,146
AUROPHARMA.NS,development,2019-07-16,2019-07-29,-0.04554028447507311,-0.04457688796287887,-4540.267266505772,99697.82400000001,173
AUROPHARMA.NS,development,2019-10-03,2019-10-17,-0.1838167520544607,-0.18289353183965154,-18344.88887794117,99799.875,175
AUROPHARMA.NS,development,2019-11-11,2019-11-25,0.005748204508541752,0.006726399037122391,573.0144684652726,99685.818,228
AUROPHARMA.NS,development,2020-03-13,2020-03-26,0.060041700470444326,0.061035455290006785,5986.1050868288585,99699.12643922424,293
AUROPHARMA.NS,development,2020-09-01,2020-09-14,-0.018331003713249756,-0.017359213607475023,-1824.9752180875905,99556.75349999999,123
AUROPHARMA.NS,development,2020-09-25,2020-10-09,0.10416387419854593,0.10517080691110119,10372.405682268496,99577.764,132
AUROPHARMA.NS,development,2021-02-23,2021-03-08,0.011724338361752332,0.012704718568792983,1167.3918693719027,99569.95724212646,117
AUROPHARMA.NS,development,2021-03-19,2021-04-05,0.09597862929980448,0.09698303052063528,9561.562468678452,99621.78600000001,124
AUROPHARMA.NS,development,2021-06-07,2021-06-18,-0.014487501113660971,-0.013513756328709096,-1439.286836769371,99346.79731704712,103
AUROPHARMA.NS,development,2021-08-12,2021-08-26,-0.1911186977750602,-0.19019506997040742,-18955.069308696937,99179.565,115
AUROPHARMA.NS,development,2021-10-21,2021-11-03,-0.033774245987289765,-0.03280818940081408,-3373.301236133372,99877.914,141
AUROPHARMA.NS,development,2021-11-23,2021-12-06,0.056129682631638284,0.057123355818100865,5581.568845314471,99440.59156622314,159
AUROPHARMA.NS,development,2022-01-18,2022-02-01,-0.04394672619989642,-0.042982153238249665,-4373.566545531248,99519.735,145
AUROPHARMA.NS,development,2022-04-26,2022-05-10,-0.05840873755680652,-0.057449123947417746,-5824.416393582349,99718.23801049805,156
AUROPHARMA.NS,development,2022-05-13,2022-05-26,-0.07830041260043609,-0.07734681879033532,-7813.807674084698,99792.67560131835,172
AUROPHARMA.NS,validation,2022-09-20,2022-10-03,0.027692759587212765,0.02867683039101076,2763.5677055730835,99793.872,192
AUROPHARMA.NS,validation,2022-11-11,2022-11-24,-0.0615435565332792,-0.060585814710838785,-6151.891141606545,99959.955,206
AUROPHARMA.NS,validation,2022-12-20,2023-01-02,-0.009088201062445907,-0.008114915146608713,-907.4159844933573,99845.50058459475,228
AUROPHARMA.NS,validation,2024-02-06,2024-02-19,0.0115278721554867,0.012507992851746112,1148.4099124551174,99620.28525,97
AUROPHARMA.NS,out_of_sample,2024-09-24,2024-10-08,0.000377889856518808,0.0013545681765707081,37.66761290936988,99678.81450000001,67
AUROPHARMA.NS,out_of_sample,2024-11-11,2024-11-26,-0.08013403134118978,-0.07918129498683932,-8003.379368473587,99874.9125,75
AUROPHARMA.NS,out_of_sample,2025-06-18,2025-07-01,0.01803530862989284,0.019016084263467164,1802.1409196863283,99922.93210327148,90
AXISBANK.NS,development,2016-10-27,2016-11-10,0.042702932736542465,0.04369065404374982,4268.583234712812,99959.955,206
AXISBANK.NS,development,2017-10-19,2017-11-02,0.14438481727777455,0.14540246881113408,14407.92527104379,99788.36793708801,215
AXISBANK.NS,development,2019-08-01,2019-08-16,4.331132787136394e-05,0.0010194282101671007,4.322231187822176,99794.47410754395,148
AXISBANK.NS,development,2020-03-17,2020-03-30,-0.2873179561583726,-0.2864252597129195,-28728.656462795898,99989.07428869628,194
AXISBANK.NS,development,2020-12-22,2021-01-05,0.13309355259856595,0.13410912013194126,13242.771882830348,99499.725,170
AXISBANK.NS,development,2021-04-13,2021-04-28,0.11146583500129148,0.1124738158976422,11128.64761789889,99839.09076507569,157
AXISBANK.NS,development,2021-10-01,2021-10-14,0.04806160434238823,0.04905356095951332,4772.114755631907,99291.62417541504,130
AXISBANK.NS,development,2021-11-29,2021-12-10,0.032047497360257596,0.03303276625989559,3198.5766483147945,99807.3769180298,150
AXISBANK.NS,development,2022-03-08,2022-03-22,0.09719667594731927,0.09820071075687493,9700.21610995797,99799.875,150
AXISBANK.NS,validation,2023-02-02,2023-02-15,0.017877145179695166,0.018859129530025436,1780.7590929191213,99610.93200393677,117
AXISBANK.NS,validation,2023-07-13,2023-07-26,0.018922685456072206,0.019905398405490108,1882.900422269086,99504.926329834,104
AXISBANK.NS,validation,2024-07-26,2024-08-08,-0.025483575575544964,-0.0245118862117023,-2524.772826904024,99074.5125,85
AXISBANK.NS,out_of_sample,2025-01-20,2025-01-31,-0.008463803477322252,-0.00748795227703922,-840.0714394427806,99254.60127868653,100
AXISBANK.NS,out_of_sample,2025-07-21,2025-08-01,-0.02416625379626864,-0.023197770921492698,-2415.7059986674385,99961.95599999999,92
AXISBANK.NS,out_of_sample,2026-07-21,2026-08-03,0.019172782469207263,0.02015498274958916,1910.5639385000095,99649.79999999999,80
BAJAJ-AUTO.NS,development,2017-04-06,2017-04-20,0.013145665995270991,0.01413446689282031,1283.3264605625457,97623.54079467774,35
BAJAJ-AUTO.NS,development,2019-04-03,2019-04-16,0.07026943602529757,0.07127607567569483,6836.416459079485,97288.62,34
BAJAJ-AUTO.NS,development,2019-06-17,2019-06-28,-0.0157238435442614,-0.014742658985170607,-1532.4521994627078,97460.40751098633,34
BAJAJ-AUTO.NS,development,2019-07-19,2019-08-01,-0.04118283771457143,-0.040210102357379575,-4024.7509577533174,97728.84000000001,37
BAJAJ-AUTO.NS,development,2020-01-06,2020-01-17,0.01315901460403213,0.014145043946624056,1293.3879654974664,98289.12,32
BAJAJ-AUTO.NS,development,2020-03-04,2020-03-18,-0.20469378032440072,-0.2037690713466796,-20053.636776850002,97968.96,36
BAJAJ-AUTO.NS,development,2020-09-03,2020-09-16,0.0417527773728048,0.04274428169116051,4131.736083496236,98957.15551098633,34
BAJAJ-AUTO.NS,development,2021-02-24,2021-03-09,-0.03508123083623067,-0.034108805032166824,-3445.8218872656194,98224.0875,25
BAJAJ-AUTO.NS,development,2021-03-18,2021-04-01,0.037756698172083054,0.03875438566967126,3669.746156725493,97194.573,27
BAJAJ-AUTO.NS,development,2021-08-12,2021-08-26,-0.0172437980108344,-0.016263072055474406,-1680.6755617753695,97465.50967016601,26
BAJAJ-AUTO.NS,development,2021-11-16,2021-11-30,-0.10542985532122466,-0.10447504353316638,-10289.645129281464,97597.07151196289,27
BAJAJ-AUTO.NS,validation,2024-07-25,2024-08-07,0.04580971906526127,0.04682993223876051,4244.100975435915,92646.29999999999,10
BAJAJ-AUTO.NS,out_of_sample,2024-10-18,2024-10-31,-0.02369780200193023,-0.02268729252554174,-2144.441858406849,90491.17121630859,9
BAJAJ-AUTO.NS,out_of_sample,2024-11-27,2024-12-10,-0.02010208616602781,-0.019096827076073734,-1845.2885889359181,91795.875,10
BAJAJ-AUTO.NS,out_of_sample,2025-03-04,2025-03-18,-0.02413692062606619,-0.023166680216139598,-2402.276262700368,99527.039920166,13
BAJAJ-AUTO.NS,out_of_sample,2026-06-30,2026-07-13,0.07146192761805854,0.07247142078210767,6910.248701937501,96698.32500000001,10
BAJAJFINSV.NS,development,2017-09-26,2017-10-10,0.04325603793055372,0.04424576975069443,4303.963878679665,99499.725,195
BAJAJFINSV.NS,development,2017-10-27,2017-11-09,0.0011170811405728242,0.0020933806463012935,111.51361791718001,99825.88897705078,200
BAJAJFINSV.NS,development,2018-09-05,2018-09-19,-0.03133953676117914,-0.030371257336325955,-3118.2752893647153,99499.725,153
BAJAJFINSV.NS,development,2018-10-04,2018-10-17,-0.05181262233273619,-0.05085090071634076,-5163.946869390998,99665.808,176
BAJAJFINSV.NS,development,2019-02-05,2019-02-19,-0.010797970952179888,-0.00982572037164437,-1079.5933890561512,99981.13477404785,166
BAJAJFINSV.NS,development,2019-07-23,2019-08-05,-0.027253628917730584,-0.026284742643919702,-2715.5655567665353,99640.51264379882,139
BAJAJFINSV.NS,development,2020-03-20,2020-04-03,-0.21421982958932947,-0.21330482348080218,-21350.924664829512,99668.29264013673,174
BAJAJFINSV.NS,development,2020-09-22,2020-10-06,0.047004308946658885,0.047995348726675297,4674.242083170153,99442.8423248291,174
BAJAJFINSV.NS,development,2020-10-27,2020-11-09,0.09968470661531309,0.10068945693939622,9948.52125961992,99799.875,175
BAJAJFINSV.NS,development,2021-01-18,2021-02-01,0.12301553371474498,0.12402874899855446,12223.41462896963,99364.8058895874,115
BAJAJFINSV.NS,development,2022-05-09,2022-05-20,-0.07460178971102249,-0.07364347818604193,-7377.476993666192,98891.42099999999,73
BAJAJFINSV.NS,development,2022-06-14,2022-06-27,0.015948082088360183,0.01693158658596842,1580.4393815894375,99099.02475,87
BAJAJFINSV.NS,validation,2023-01-09,2023-01-20,-0.08097926926063596,-0.08002684820637147,-8089.2557873800715,99892.9215,69
BAJAJFINSV.NS,validation,2023-08-04,2023-08-18,-0.030257858651619486,-0.02928796475200529,-3000.921806455819,99178.26112573242,66
BAJAJFINSV.NS,validation,2024-01-16,2024-01-31,-0.006567939854060262,-0.00559344025704599,-654.9801634321093,99723.837,61
BAJFINANCE.NS,development,2016-11-10,2016-11-24,-0.13833599836498767,-0.13740046087346436,-13832.212326435167,99989.97,1052
BAJFINANCE.NS,development,2016-12-22,2017-01-04,0.10831142198214606,0.10931803100992737,10826.267837142883,99954.99679551316,1273
BAJFINANCE.NS,development,2017-10-26,2017-11-08,0.0185921159819637,0.019573269966439422,1856.7668426828996,99868.50579483033,574
BAJFINANCE.NS,development,2018-01-17,2018-01-31,-0.0126324134887676,-0.011660330590567074,-1261.8682997419164,99891.30745790862,589
BAJFINANCE.NS,development,2018-05-10,2018-05-23,0.1195535190855649,0.12056369095663612,11940.13391173541,99872.70975428009,539
BAJFINANCE.NS,development,2018-09-11,2018-09-26,-0.11880553996779873,-0.11786406569213315,-11869.865344702475,99910.03237660218,381
BAJFINANCE.NS,development,2019-07-26,2019-08-08,0.09195748178323342,0.092959306966284,9193.464009378684,99975.1605970459,328
BAJFINANCE.NS,development,2020-03-20,2020-04-03,-0.21366186602105022,-0.2127469256860633,-21307.32107276869,99724.49211254883,356
BAJFINANCE.NS,development,2020-09-24,2020-10-08,0.039897522959014456,0.0408845645131883,3986.8892919993664,99928.2410613556,313
BAJFINANCE.NS,development,2021-01-19,2021-02-02,0.08301527664060683,0.08401587484679719,8271.674319361273,99640.38733703614,209
BAJFINANCE.NS,development,2021-04-13,2021-04-28,0.1616823590142235,0.16270484957383816,16139.470709907057,99822.08824951173,220
BAJFINANCE.NS,development,2022-05-05,2022-05-18,-0.09368600475278167,-0.0927372258999895,-9358.287519874983,99889.92000000001,156
BAJFINANCE.NS,validation,2022-10-28,2022-11-11,0.004860865684231437,0.00583975799488638,483.4116340371111,99449.7,142
BAJFINANCE.NS,validation,2022-11-21,2022-12-02,-0.013015582411031899,-0.012043666726322125,-1300.3286539247756,99905.52960754394,148
BAJFINANCE.NS,validation,2023-01-11,2023-01-24,-0.015091665735649108,-0.014119416045890038,-1504.243853301931,99673.812,168
BAJFINANCE.NS,validation,2023-02-03,2023-02-16,0.1129689555130295,0.11397724099524116,11282.31244532025,99870.9105,173
BAJFINANCE.NS,validation,2023-08-04,2023-08-18,-0.04119149660528886,-0.04022804607356613,-4118.9839232337,99995.97641967773,140
BAJFINANCE.NS,validation,2023-11-21,2023-12-05,0.03483391897629654,0.035819423369869395,3481.5961829809867,99948.44924999999,141
BAJFINANCE.NS,validation,2024-03-07,2024-03-21,0.055020712644177065,0.056012839556322885,5488.032592034763,99744.8475,157
BAJFINANCE.NS,validation,2024-07-12,2024-07-26,-0.03203625767641254,-0.031067800966663207,-3184.6080643124183,99406.36938555908,142
BALKRISIND.NS,development,2017-08-11,2017-08-28,0.025597437458910355,0.026580721271267767,2555.6428655639397,99839.79332565307,133
BALKRISIND.NS,development,2017-10-27,2017-11-09,0.1120960135483417,0.11310622909773116,11134.512747222681,99330.14025,121
BALKRISIND.NS,development,2018-01-19,2018-02-02,-0.03282331039193533,-0.03185362982571222,-3251.132482665999,99049.5,88
BALKRISIND.NS,development,2018-02-05,2018-02-19,0.07676450799496388,0.07776266686690117,7661.088302333897,99799.87500000001,95
BALKRISIND.NS,development,2018-05-15,2018-05-28,-0.030273572596327604,-0.029303545200072653,-3001.4534742983897,99144.34329638672,84
BALKRISIND.NS,development,2018-06-27,2018-07-10,0.16103266703434338,0.16205510537319714,16069.220201456374,99788.57394213868,94
BALKRISIND.NS,development,2018-11-09,2018-11-22,0.01806092467799608,0.019043456931675345,1796.850994454656,99488.31671081543,106
BALKRISIND.NS,development,2019-01-28,2019-02-08,-0.08493778806153433,-0.08398514080223367,-8455.875612589349,99553.75346557618,120
BALKRISIND.NS,development,2019-02-11,2019-02-25,0.1690978468874559,0.17012223794837586,16889.47857380211,99879.915,134
BALKRISIND.NS,development,2019-05-02,2019-05-15,-0.13144136775192175,-0.13050212460919397,-13086.47438121222,99561.30710623169,109
BALKRISIND.NS,development,2020-03-20,2020-04-03,0.014993337043296045,0.01597449670582579,1493.4830043485695,99609.78,131
BALKRISIND.NS,development,2020-09-08,2020-09-21,0.03320341854162239,0.034190907015995656,3298.4190061916497,99339.74123950196,78
BALKRISIND.NS,development,2020-12-22,2021-01-05,0.08568120999878846,0.08668546064877153,8476.394123702543,98929.44,64
BALKRISIND.NS,development,2021-10-26,2021-11-09,0.027607454151420355,0.02859296937589201,2744.9977352462242,99429.5859440918,41
BALKRISIND.NS,development,2021-11-18,2021-12-02,-0.05314526850924247,-0.05217584756009083,-5192.230287662491,97698.825,42
BALKRISIND.NS,development,2022-02-15,2022-02-28,-0.12392052383022246,-0.12297947470635914,-12348.6554155769,99649.79999999999,48
BALKRISIND.NS,development,2022-08-08,2022-08-23,-0.019027169769701584,-0.018056470482795062,-1898.4903575861958,99777.86399999999,46
BALKRISIND.NS,validation,2022-11-11,2022-11-24,0.03954290102658293,0.04053515013227759,3899.740051048297,98620.48432983397,52
BALKRISIND.NS,validation,2023-02-14,2023-02-27,-0.006928469327365046,-0.005949472604004217,-683.100460936559,98593.272,48
BALKRISIND.NS,validation,2023-03-14,2023-03-27,-0.02287724706108064,-0.021904082955984814,-2262.4893023290233,98896.92130737305,50
BALKRISIND.NS,validation,2023-12-21,2024-01-04,0.03184282614979141,0.03283070817036394,3157.1063072373627,99146.5485,41
BALKRISIND.NS,validation,2024-08-13,2024-08-27,-0.01837947546214759,-0.017399298063153396,-1792.3340026995734,97518.23475,34
BALKRISIND.NS,out_of_sample,2025-04-07,2025-04-23,0.19463244426811846,0.19566756042001945,19277.136766281503,99043.79939721679,46
BALKRISIND.NS,out_of_sample,2026-03-05,2026-03-18,-0.04125605230210731,-0.04029058425623341,-4104.553091842012,99489.72,44
BALKRISIND.NS,out_of_sample,2026-06-12,2026-06-25,0.10856536369747138,0.10957779695157085,10697.948971899239,98539.24500000001,49
BALKRISIND.NS,out_of_sample,2026-07-20,2026-07-31,0.18694127452467454,0.18797094959014005,18664.571289200005,99841.896,48
BALRAMCHIN.NS,development,2017-12-13,2017-12-27,-0.08628065317067739,-0.08532990870638472,-8622.098543671333,99930.84459635925,679
BALRAMCHIN.NS,development,2017-12-29,2018-01-11,0.0763922148789262,0.07738997751057386,7629.436485480993,99871.911,762
BALRAMCHIN.NS,development,2018-01-19,2018-02-02,-0.12241731742182552,-0.12147718197260224,-12239.891503858407,99984.9675,790
BALRAMCHIN.NS,development,2018-03-08,2018-03-21,-0.023367896820325255,-0.022399317726653857,-2336.6792884363554,99995.27584373472,1046
BALRAMCHIN.NS,development,2018-05-17,2018-05-30,0.20049604465511284,0.20152918459593444,20039.569638476296,99949.95,1665
BALRAMCHIN.NS,development,2018-06-26,2018-07-09,-0.03763316281340899,-0.03666854078817004,-3761.771785160867,99958.95917152405,1530
BALRAMCHIN.NS,development,2018-11-29,2018-12-12,0.09056247038497314,0.09156393163644969,9053.154907839413,99965.85637908554,1029
BALRAMCHIN.NS,development,2022-06-21,2022-07-04,0.031175989607869492,0.03216129823798725,3109.3416618994042,99735.13915704345,286
BALRAMCHIN.NS,development,2022-08-11,2022-08-25,0.04982745911336546,0.050817405668423396,4978.557066331262,99915.93299999999,299
BALRAMCHIN.NS,validation,2022-10-31,2022-11-14,0.08513574552244871,0.08613602987415844,8502.516113448415,99870.10815811157,318
BALRAMCHIN.NS,validation,2023-01-27,2023-02-09,-0.008354915898861733,-0.007380813435988641,-832.9418575394483,99694.8225,273
BALRAMCHIN.NS,validation,2023-05-15,2023-05-26,0.0009936801490042241,0.0019695661079126756,99.28865629415972,99920.13666938782,257
BALRAMCHIN.NS,validation,2023-12-08,2023-12-21,-0.037662272537956565,-0.036696417035012745,-3753.0379259528645,99649.8,249
BALRAMCHIN.NS,validation,2024-03-14,2024-03-28,0.033528608044490454,0.03451367454242487,3351.6557459235178,99964.05879647826,286
BALRAMCHIN.NS,out_of_sample,2024-11-12,2024-11-27,-0.01636267760199825,-0.015390227101304329,-1628.6327664935945,99533.38971212768,173
BALRAMCHIN.NS,out_of_sample,2025-02-12,2025-02-25,0.0059948293704558606,0.006972107480457805,599.0731274418807,99931.63948823548,223
BANDHANBNK.NS,development,2020-08-04,2020-08-17,-0.0886619721427592,-0.08771110814995224,-8842.30229823934,99730.49419656371,317
BANDHANBNK.NS,development,2020-09-25,2020-10-09,0.24928751952040737,0.2503350857471596,24891.732370262216,99851.49845507814,384
BANDHANBNK.NS,development,2021-01-14,2021-01-28,-0.1722163212607788,-0.1712896580166481,-17182.583810423905,99773.26007565307,266
BANDHANBNK.NS,development,2021-08-23,2021-09-03,0.017845919110110745,0.01882741555944968,1779.7706575042869,99729.84,356
BANDHANBNK.NS,development,2021-12-21,2022-01-03,0.003093673782742565,0.004070052235188884,309.20634946019095,99947.949,398
BANDHANBNK.NS,development,2022-03-07,2022-03-21,0.11055256780096569,0.11155989704409316,11048.19221446047,99936.0976793518,377
BANDHANBNK.NS,development,2022-06-21,2022-07-04,-0.028681670225929896,-0.027714116778480073,-2864.4342635575213,99869.85559048463,359
BANDHANBNK.NS,development,2022-11-01,2022-11-15,-0.0524165540857707,-0.051455392269177794,-5229.167608959912,99761.75847811889,414
BANDHANBNK.NS,development,2023-03-15,2023-03-28,-0.10539988657858985,-0.1044547250236415,-10534.924298708771,99951.951,478
BANDHANBNK.NS,validation,2023-06-22,2023-07-06,-0.04750983705176651,-0.04654754109297876,-4742.939953489745,99830.69292201231,413
BANDHANBNK.NS,validation,2023-10-23,2023-11-06,-0.0384715534822079,-0.03750710442384077,-3844.9219206549333,99941.946,442
BANDHANBNK.NS,validation,2024-02-07,2024-02-20,-0.08513157839881323,-0.08418054795546144,-8508.215611228958,99941.946,452
BANDHANBNK.NS,validation,2024-03-12,2024-03-26,-0.05650161612958025,-0.05554245636799805,-5648.351065259536,99967.95582458498,520
BANDHANBNK.NS,validation,2024-10-23,2024-11-05,0.03506628474692318,0.03605173618999511,3505.869726326286,99978.36245352172,572
BANDHANBNK.NS,validation,2024-11-14,2024-11-29,0.017273150613005637,0.018253953362314362,1724.922861874313,99861.50763807677,602
BANDHANBNK.NS,out_of_sample,2025-01-13,2025-01-24,0.03568583427391338,0.036671517737602584,3567.331273248747,99964.91173127746,697
BANDHANBNK.NS,out_of_sample,2025-02-17,2025-03-03,0.04315641769167811,0.04414429143127216,4313.676287779386,99954.45679939269,745
BANDHANBNK.NS,out_of_sample,2025-07-31,2025-08-13,-0.011429613242767096,-0.010457092191648297,-1141.4561285310615,99868.30737718963,597
BANDHANBNK.NS,out_of_sample,2025-11-03,2025-11-17,-0.014075228849613595,-0.013103839178944008,-1406.9705630721987,99960.75929598999,638
BANDHANBNK.NS,out_of_sample,2025-12-04,2025-12-17,0.004734396632005186,0.005711598280719615,472.778288678006,99860.30436950685,680
BANDHANBNK.NS,out_of_sample,2026-07-23,2026-08-05,-0.020247296807197442,-0.01927720258149003,-2021.5133445869233,99841.14738063811,575
BANKBARODA.NS,development,2016-10-17,2016-10-28,0.01145282369637895,0.012431771249463907,1144.2141917666768,99906.73235705568,648
BANKBARODA.NS,development,2016-11-07,2016-11-21,0.0932726994914527,0.09427535278219475,9314.482868317538,99862.9065,679
BANKBARODA.NS,development,2016-12-26,2017-01-06,0.005734830175479133,0.006712104474078701,572.9894321843701,99913.932,657
BANKBARODA.NS,development,2017-05-30,2017-06-12,-0.032714508720191,-0.03174811848341036,-3267.2212838071955,99870.7121586914,576
BANKBARODA.NS,development,2017-06-27,2017-07-10,0.0338526259235627,0.0348381398564301,3381.0534541752345,99875.66287500001,621
BANKBARODA.NS,development,2017-08-11,2017-08-28,-0.011729550113141248,-0.010757368849069835,-1172.152064833339,99931.54498910523,686
BANKBARODA.NS,development,2018-01-01,2018-01-12,0.009925829567934856,0.010904485645375998,991.2917056249929,99869.91,620
BANKBARODA.NS,development,2018-02-02,2018-02-16,0.012146864939037653,0.01312590705944428,1213.8719186978474,99932.93946956634,665
BANKBARODA.NS,development,2018-04-26,2018-05-10,0.014364289880400135,0.01534372309498381,1436.3503687064258,99994.52675111388,733
BANKBARODA.NS,development,2018-05-17,2018-05-30,0.04630240370742628,0.047291104078975146,4629.034748754894,99973.962,757
BANKBARODA.NS,development,2018-06-22,2018-07-05,-0.07482619427512499,-0.07387214325789153,-7477.212310962934,99927.73765120696,818
BANKBARODA.NS,development,2018-09-14,2018-09-28,-0.2690319525975462,-0.2681338888566766,-26892.960208149994,99961.95599999999,736
BANKBARODA.NS,development,2019-02-19,2019-03-05,0.1250532745527024,0.12606471924870244,12499.043897923586,99949.75295633696,1001
BANKBARODA.NS,development,2019-05-03,2019-05-16,-0.06430294260077618,-0.06334572834185351,-6423.45078272335,99893.57442945098,853
BANKBARODA.NS,development,2019-07-31,2019-08-14,-0.014665223786176759,-0.013693934846127718,-1465.6944579550109,99943.54530999756,976
BANKBARODA.NS,development,2019-08-23,2019-09-06,0.03767459945029767,0.03866085166070425,3766.168002956093,99965.70787500001,1101
BANKBARODA.NS,development,2019-10-07,2019-10-22,0.019017279655428262,0.019998233453845632,1900.7571239077765,99948.94949999999,1132
BANKBARODA.NS,development,2020-02-04,2020-02-17,-0.054224699818815565,-0.05326484041326076,-5420.125138541835,99956.75691432953,1151
BANKBARODA.NS,development,2020-02-18,2020-03-03,-0.11594861264167075,-0.11500661189948454,-11592.973258413855,99983.716875,1215
BANKBARODA.NS,development,2020-03-13,2020-03-26,0.09333890147576354,0.09434120545036098,9329.671316145057,99954.80093118096,1957
BANKBARODA.NS,development,2020-05-06,2020-05-19,-0.17262398272280877,-0.1716982417881967,-17257.90348901874,99973.962,2271
BANKBARODA.NS,development,2020-05-20,2020-06-03,0.19081776911149356,0.1918480512116809,19075.778272097974,99968.56351963806,2764
BANKBARODA.NS,development,2020-09-22,2020-10-06,-0.016516822131338975,-0.015546207320369577,-1651.3340063473086,99978.91805192185,2343
BANKBARODA.NS,development,2021-04-13,2021-04-28,0.006445292885381314,0.007422550259145587,644.330527768834,99969.16187164307,1488
BANKBARODA.NS,development,2021-08-23,2021-09-03,0.049226300040239854,0.050215844862257206,4921.304123252233,99973.06560170745,1327
BANKBARODA.NS,development,2021-11-29,2021-12-10,0.06664180260048948,0.06763642674908174,6661.204768124624,99955.35096878815,1134
BANKBARODA.NS,development,2021-12-21,2022-01-03,0.03458856670755451,0.035573795859563585,3458.842094334857,99999.57857691192,1237
BANKBARODA.NS,development,2022-05-11,2022-05-24,-0.06314989162826996,-0.06219240332082946,-6309.1748891548905,99907.929,979
BANKBARODA.NS,validation,2023-01-30,2023-02-10,0.06824072992235339,0.06923575858715722,6821.968684193142,99969.16345935057,632
BANKBARODA.NS,validation,2023-08-07,2023-08-21,0.0075604673514212675,0.008538555603615645,754.8513950119977,99841.89600000001,528
BANKBARODA.NS,validation,2023-10-25,2023-11-07,-0.02616815239788789,-0.025200233203049142,-2615.741073392773,99958.95138565065,510
BANKBARODA.NS,validation,2024-03-18,2024-04-02,0.06782806729448267,0.06882321738557143,6776.649870443381,99909.22844700623,394
BANKBARODA.NS,validation,2024-07-09,2024-07-23,-0.05232796289890783,-0.051367552382764234,-5230.459746057407,99955.34808343505,378
BANKBARODA.NS,validation,2024-08-06,2024-08-20,0.05042187140797493,0.05141241379786898,5032.6085652500515,99810.03133600617,413
BANKBARODA.NS,out_of_sample,2025-01-07,2025-01-20,0.004977379469135156,0.005954840570171986,496.80756994604553,99813.07895585633,433
BANKBARODA.NS,out_of_sample,2025-02-01,2025-02-13,-0.026505508744472852,-0.025537217276981647,-2646.3602474927493,99841.89600000001,462
BANKBARODA.NS,out_of_sample,2025-05-09,2025-05-22,0.1298774396152488,0.13089030167548937,12980.244673552505,99942.25873258211,469
BANKBARODA.NS,out_of_sample,2026-04-01,2026-04-16,0.10164815077707023,0.1026527235741382,10163.287051880467,99984.9675,395
BANKBARODA.NS,out_of_sample,2026-07-06,2026-07-17,-0.026551121347762222,-0.025583258196731976,-2653.6636473228755,99945.4453379059,395
BANKINDIA.NS,development,2016-11-07,2016-11-21,0.09068623346997055,0.09168793911711,9060.800146970556,99913.7333228302,932
BANKINDIA.NS,development,2016-12-22,2017-01-04,-0.012111807665501989,-0.011139975287813868,-1211.0744324487755,99991.22062499999,919
BANKINDIA.NS,development,2017-05-25,2017-06-07,0.01822688878234277,0.019207773626676694,1821.0380643605379,99909.42975,702
BANKINDIA.NS,development,2018-01-17,2018-01-31,-0.0005651884117949252,0.0004099483742176237,-56.51616713753699,99995.26876011658,637
BANKINDIA.NS,development,2018-02-02,2018-02-16,-0.1431508093803691,-0.1422165656507828,-14310.394562481524,99967.26266812134,658
BANKINDIA.NS,development,2018-03-07,2018-03-20,-0.009365170202560148,-0.008392298550289463,-935.8515406616376,99928.94100374222,985
BANKINDIA.NS,development,2018-04-26,2018-05-10,0.024698660848809673,0.02568132026280671,2468.162840126731,99931.03898366546,1026
BANKINDIA.NS,development,2018-05-21,2018-06-01,-0.02517200044478868,-0.02420391693313318,-2516.934899395354,99989.46666618349,1010
BANKINDIA.NS,development,2018-06-28,2018-07-11,-0.021823662505910835,-0.020854418975127704,-2181.0621050156565,99940.24167230987,1139
BANKINDIA.NS,development,2018-07-17,2018-07-30,0.3378262829577272,0.3388987324519558,33781.26786933125,99995.973,1298
BANKINDIA.NS,development,2018-10-01,2018-10-15,0.007287031275714415,0.00826444704390096,728.6307387242912,99990.06607157135,1303
BANKINDIA.NS,development,2018-12-11,2018-12-24,0.3176338891864995,0.3187005909501993,31757.407109193904,99981.16759684753,1308
BANKINDIA.NS,development,2019-01-28,2019-02-08,-0.09030406482525445,-0.08935467294301429,-9028.570280990261,99979.66645755386,1053
BANKINDIA.NS,development,2019-04-23,2019-05-08,-0.0893696784269929,-0.08841988001976521,-8932.074791092045,99945.24930945969,1087
BANKINDIA.NS,development,2020-02-18,2020-03-03,-0.1877858522417238,-0.18686449321521315,-18774.709734037424,99979.36218256758,1649
BANKINDIA.NS,development,2020-03-04,2020-03-18,-0.2771838207936875,-0.2762882295339187,-27716.71036262875,99993.96892381666,2015
BANKINDIA.NS,out_of_sample,2026-07-09,2026-07-22,0.05928875319876631,0.06028113533935622,5928.114829000251,99987.17310054017,737
BATAINDIA.NS,development,2016-11-15,2016-11-28,-0.05548376718478017,-0.05452309729597753,-5529.778975845932,99664.8075,229
BATAINDIA.NS,development,2017-05-18,2017-05-31,-0.021777297778526983,-0.020806531286380443,-2168.252509342113,99564.80971115112,179
BATAINDIA.NS,development,2017-11-17,2017-11-30,-0.027267373453646018,-0.02629767776574914,-2711.4429750360264,99439.09631213378,132
BATAINDIA.NS,development,2018-01-19,2018-02-02,-0.04355416314789551,-0.04258864049440845,-4325.495911967183,99313.0300145874,138
BATAINDIA.NS,development,2018-10-04,2018-10-17,0.02147098216155493,0.022453521116241444,2141.2976156147274,99729.84000000001,112
BATAINDIA.NS,development,2019-11-22,2019-12-05,0.04106011204396007,0.04204781815104162,4099.683759009808,99845.898,61
BATAINDIA.NS,development,2020-03-20,2020-04-03,0.07110899946999504,0.07210529090729663,7100.937931718755,99859.905,90
BATAINDIA.NS,development,2020-07-14,2020-07-27,0.0049837690647435125,0.0059628335592614955,495.4658219720494,99415.88695935058,79
BATAINDIA.NS,development,2021-02-23,2021-03-08,0.017688964308662326,0.018675276909334286,1742.9978422499782,98535.89005187988,67
BATAINDIA.NS,development,2021-04-13,2021-04-28,0.0303512771989798,0.031338083807026955,3014.05264284677,99305.628,76
BATAINDIA.NS,validation,2022-11-14,2022-11-25,-0.029895710102108994,-0.028923061215279013,-2945.6494117803754,98530.83943212891,56
BATAINDIA.NS,validation,2023-02-17,2023-03-02,-0.04320385225432058,-0.04224029064306014,-4312.776465399993,99823.887,69
BATAINDIA.NS,validation,2023-09-29,2023-10-13,0.020041408608261053,0.021028268502848405,1975.4267130152964,98567.25899999999,62
BATAINDIA.NS,validation,2024-01-10,2024-01-24,-0.06950136772950578,-0.06854238197650342,-6886.579023186566,99085.51800000001,63
BATAINDIA.NS,validation,2024-01-25,2024-02-08,-0.03293574368125221,-0.031967234724621894,-3271.495562991057,99329.64,68
BDL.NS,out_of_sample,2025-06-26,2025-07-09,0.08111512405631044,0.08211790946785359,8027.69300376223,98966.66123803711,54
BDL.NS,out_of_sample,2025-07-18,2025-07-31,-0.07189293373340039,-0.07093522204415023,-7133.906338262489,99229.59,57
BDL.NS,out_of_sample,2025-08-29,2025-09-11,0.03710092693274389,0.03808765112002993,3702.92764317714,99806.87679016113,70
BDL.NS,out_of_sample,2025-11-06,2025-11-19,0.03373685375023183,0.034724208212344794,3353.8035892395233,99410.6805,67
BDL.NS,out_of_sample,2025-12-09,2025-12-22,-0.0013523182723440602,-0.0003757786294253316,-134.67706570954232,99589.77,70
BDL.NS,out_of_sample,2026-02-04,2026-02-17,-0.04612500796458134,-0.04515903028112234,-4567.274449774101,99019.48316802978,75
BDL.NS,out_of_sample,2026-06-01,2026-06-12,-0.01235770464602114,-0.011383765700785774,-1228.9749157849774,99450.09619409179,82
BEL.NS,development,2017-05-24,2017-06-06,-0.01901411604017013,-0.018044168979753014,-1900.7712389442797,99966.32159647178,1917
BEL.NS,development,2018-01-17,2018-01-31,-0.023534395515496985,-0.022565828372004316,-2353.1170618589767,99986.29709054947,1733
BEL.NS,development,2018-02-02,2018-02-16,-0.03802494488460045,-0.03706054985398964,-3802.0198187008436,99987.5168850174,1857
BEL.NS,development,2018-04-20,2018-05-04,-0.03489072230465394,-0.03392538249740576,-3488.2581170992175,99976.66676662445,2238
BEL.NS,development,2018-05-16,2018-05-29,0.025091939539217206,0.026074468747439038,2508.9882265659335,99991.80105804633,2509
BEL.NS,development,2018-07-20,2018-08-02,0.1846912628455347,0.18571969098564028,18467.569055398577,99991.56847416115,3047
BEL.NS,development,2018-09-05,2018-09-19,-0.24700894774814863,-0.24610457728431323,-24693.145460500913,99968.62739433289,2740
BEL.NS,development,2018-11-30,2018-12-13,-0.006596246316805565,-0.005622856785038146,-659.6145674577386,99998.47425,3538
BEL.NS,development,2019-01-28,2019-02-08,-0.006822071509762262,-0.005848667299558179,-682.0610159033928,99978.57907636643,3731
BEL.NS,development,2019-02-15,2019-02-28,0.09734754862563719,0.09835082458770619,9734.752428875003,99999.97499999999,3998
BEL.NS,development,2019-07-19,2019-08-01,0.010323663708476502,0.011301963154165401,1032.2370024368033,99987.46875,3075
BEL.NS,development,2020-01-08,2020-01-21,0.10254597107858894,0.10355082517757985,10252.463653413524,99979.19514123345,3154
BEL.NS,development,2020-02-03,2020-02-14,-0.02537407663329613,-0.024406019862554716,-2536.9414911221775,99981.62801294516,3527
BEL.NS,development,2020-03-02,2020-03-16,-0.13513121555678378,-0.13419475640514644,-13511.76551138506,99989.96498116493,3945
BEL.NS,development,2020-05-07,2020-05-20,-0.005622842452272911,-0.004649137084769921,-562.2252194295164,99989.50249837592,4729
BEL.NS,development,2020-09-10,2020-09-23,-0.07907071096693158,-0.07811805749676878,-7904.8496028738755,99971.90497224426,2949
BEL.NS,development,2020-09-25,2020-10-09,0.00730181905775582,0.00827929579500279,730.0059018893621,99975.89588500786,3262
BEL.NS,development,2021-08-10,2021-08-24,0.035436521295127345,0.03642221482143127,3541.6852586527684,99944.49593842507,1751
BEL.NS,validation,2022-12-16,2022-12-29,-0.035178323052751134,-0.03421295196555238,-3516.0100373599485,99948.199125,977
BEL.NS,validation,2023-01-31,2023-02-13,0.04561255442549954,0.04660126557742683,4557.685771059624,99921.73927693175,1106
BEL.NS,out_of_sample,2024-09-10,2024-09-23,0.01095252396090347,0.011931867005172682,1092.7591772265419,99772.36125,353
BEL.NS,out_of_sample,2025-01-14,2025-01-27,-0.0026635875967019242,-0.0016890330696850188,-266.3320438865975,99989.97,380
BEL.NS,out_of_sample,2025-02-17,2025-03-03,0.03136759645539213,0.032352382900149766,3132.9598768691585,99878.86325063324,401
BEL.NS,out_of_sample,2025-08-21,2025-09-04,-0.0038133493818303258,-0.0028377232295381154,-379.96516592500694,99640.79550000001,267
BEL.NS,out_of_sample,2025-12-09,2025-12-22,0.033560077539688406,0.0345459002218738,3348.5510675843047,99777.81081179812,259
BEL.NS,out_of_sample,2026-07-30,2026-08-12,0.0484698604917188,0.04946053448618771,4829.429974882616,99637.794,258
BEML.NS,development,2016-11-23,2016-12-06,0.09546341089560892,0.09646689937916143,9528.37414950769,99811.79239370728,298
BEML.NS,development,2017-05-22,2017-06-02,-0.03986038454884488,-0.03889497861596138,-3970.274092161504,99604.51052087403,182
BEML.NS,development,2017-10-03,2017-10-16,0.06476882908434217,0.0657644489906169,6449.269920880113,99573.66856951904,146
BEML.NS,development,2017-12-06,2017-12-19,0.013085317856522283,0.014066909901511356,1300.2498171613179,99367.07930355835,151
BEML.NS,development,2018-01-30,2018-02-12,-0.07611219142962952,-0.07515853115522367,-7606.1163494780585,99932.95694961547,163
BEML.NS,development,2018-05-04,2018-05-17,0.10448481911667232,0.10549019765681428,10447.17318603865,99987.47449017335,239
BEML.NS,development,2018-05-22,2018-06-04,-0.08038219612065307,-0.07942946263650022,-8026.792376239463,99857.8387207947,251
BEML.NS,development,2018-06-29,2018-07-12,0.02141998781604321,0.02240236892311816,2136.974615329305,99765.44495178222,296
BEML.NS,development,2018-07-17,2018-07-30,0.13299645627941997,0.13401063710850689,13277.97693495246,99837.0731552124,300
BEML.NS,development,2018-09-06,2018-09-21,-0.07477706468066833,-0.07382243626481297,-7461.805988507655,99787.36154425048,308
BEML.NS,development,2018-09-25,2018-10-09,-0.1892491736730145,-0.18832748404293004,-18885.551297425474,99791.98815449524,353
BEML.NS,development,2019-01-29,2019-02-11,-0.03897326457032278,-0.03800886877439375,-3894.178542299369,99919.22886708069,291
BEML.NS,development,2019-04-23,2019-05-08,-0.09577172487917875,-0.09482312059228984,-9556.484274868468,99783.98412396241,258
BEML.NS,development,2019-06-20,2019-07-03,0.17185847300752952,0.1728832540272881,17182.536044534856,99980.7326565857,307
BEML.NS,development,2019-08-14,2019-08-28,0.11581069839612551,0.11681938985323968,11578.005068401124,99973.53637225341,331
BEML.NS,development,2020-01-08,2020-01-21,0.05341478732701557,0.0544066237725013,5325.574687407645,99702.25388717651,250
BEML.NS,development,2020-02-19,2020-03-04,-0.20774862015229476,-0.20683181142578227,-20708.9623540099,99682.79134094239,268
BEML.NS,development,2020-03-13,2020-03-26,-0.07965832601334177,-0.07870566521518382,-7960.087867465124,99927.88281958007,513
BERGEPAINT.NS,development,2017-11-08,2017-11-21,-0.005687880008152616,-0.004713690739358505,-568.0148546640454,99864.07129719543,482
BERGEPAINT.NS,development,2018-01-22,2018-02-05,-0.02126658591753461,-0.020296937016468824,-2124.0870102801014,99879.07878192901,485
BERGEPAINT.NS,development,2018-09-12,2018-09-27,-0.022973205591309866,-0.022003766908372083,-2292.9366595735237,99809.17336328888,403
BERGEPAINT.NS,development,2018-10-05,2018-10-19,0.04360238276703265,0.044591026214080495,4351.279785610328,99794.54124925232,442
BERGEPAINT.NS,development,2019-02-12,2019-02-26,-0.01595281958352471,-0.014981257770277435,-1591.8240197087878,99783.23965706635,399
BERGEPAINT.NS,development,2021-03-01,2021-03-15,0.05205387220636778,0.05304440290867782,5201.74032635,99929.94,176
BERGEPAINT.NS,development,2021-08-10,2021-08-24,-0.03074110324348679,-0.02977372038918065,-3066.8816924951643,99764.85450778199,147
BERGEPAINT.NS,development,2021-10-22,2021-11-04,0.014893915871843435,0.015875821572390116,1480.724161476705,99418.0559510193,159
BERGEPAINT.NS,development,2022-05-26,2022-06-08,0.0130565583107143,0.014036905637030486,1301.3882019319024,99673.14287287902,209
BERGEPAINT.NS,validation,2022-10-24,2022-11-07,0.02678767858158421,0.027772505969687576,2666.48341813381,99541.41453552246,200
BERGEPAINT.NS,validation,2023-10-30,2023-11-10,0.07850104387609105,0.07950066908536096,7815.544695547876,99559.755,186
BERGEPAINT.NS,validation,2024-04-19,2024-05-03,0.013516822095970805,0.014496149983260771,1351.1409284562476,99959.95500000002,194
BERGEPAINT.NS,validation,2024-06-03,2024-06-14,0.08311655165870714,0.08411736290564073,8277.974053433434,99594.77249999999,215
BERGEPAINT.NS,out_of_sample,2024-11-12,2024-11-27,-0.00984992193821335,-0.008876824548430095,-983.395462375619,99837.894,202
BERGEPAINT.NS,out_of_sample,2024-12-18,2025-01-01,-0.015696394710986546,-0.01472512519126467,-1567.6681549878206,99874.40962417604,215
BHARATFORG.NS,development,2018-02-05,2018-02-19,0.08497919562209881,0.0859800547950926,8473.771279127537,99715.83300000001,147
BHARATFORG.NS,development,2018-05-22,2018-06-04,-0.08752445090264069,-0.08657264443234668,-8715.48911621274,99577.764,143
BHARATFORG.NS,development,2018-06-22,2018-07-05,0.010260323923805697,0.01123987326349228,1022.6630343924805,99671.6129029541,164
BHARATFORG.NS,development,2018-12-06,2018-12-19,-0.010539274184513265,-0.009566984568552284,-1053.821709531256,99989.97,190
BHARATFORG.NS,development,2019-01-04,2019-01-17,-0.001964251945554457,-0.0009887172299630753,-196.02384954563468,99795.67539147951,204
BHARATFORG.NS,development,2019-04-23,2019-05-08,-0.04485174113167649,-0.04388745833926369,-4463.965404127483,99527.13744204711,206
BHARATFORG.NS,development,2019-06-19,2019-07-02,0.0455029263600879,0.046492485186591506,4536.7703721221205,99702.8265,227
BHARATFORG.NS,development,2020-02-25,2020-03-09,-0.10098793526239125,-0.1000412723656167,-10088.08092804236,99893.92199999999,218
BHARATFORG.NS,development,2020-03-23,2020-04-07,-0.21893261391195235,-0.21802002224694103,-21878.361056425,99931.941,358
BHARATFORG.NS,development,2020-06-30,2020-07-13,0.1688065531964404,0.16983076019189083,16864.60645861527,99904.9275,317
BHARATFORG.NS,development,2020-09-11,2020-09-24,-0.06384482294431679,-0.06288694608082249,-6369.24609454375,99761.35575,217
BHARATFORG.NS,development,2020-09-25,2020-10-09,0.07091346951769441,0.07190975692348564,7080.489893617365,99846.8970954895,230
BHARATFORG.NS,development,2021-08-11,2021-08-25,-0.02905408275505629,-0.02808694261501674,-2903.8464704196717,99946.24490130616,133
BHARATFORG.NS,development,2022-03-04,2022-03-17,0.0737887169961945,0.07478719107636156,7342.658392532049,99509.22975,157
BHARATFORG.NS,development,2022-05-13,2022-05-26,0.08828657336496497,0.08928834946443626,8804.320016894633,99724.33725,163
BHARATFORG.NS,validation,2023-03-15,2023-03-28,-0.05336452245479687,-0.052403194740613064,-5317.924163330165,99652.8015,126
BHARATFORG.NS,validation,2024-02-13,2024-02-26,0.010122202495643247,0.011100827987482778,1011.1231713351239,99891.61664868164,86
BHARATFORG.NS,validation,2024-07-22,2024-08-02,0.05185326841636739,0.05284768095517244,5131.2076033987005,98956.30034729005,63
BHARATFORG.NS,validation,2024-08-07,2024-08-21,0.023777414303592263,0.024760230532584887,2373.6014971999994,99825.888,64
BHARATFORG.NS,out_of_sample,2024-09-27,2024-10-11,-0.02957753592883878,-0.028609798353527612,-2950.650695518247,99759.85500000001,65
BHARATFORG.NS,out_of_sample,2025-02-04,2025-02-17,-0.07140340521213549,-0.07044420968430701,-7061.80900135219,98900.17122253418,85
BHARATFORG.NS,out_of_sample,2025-04-08,2025-04-24,0.1094402491366336,0.11044883250915742,10894.202100304135,99544.74872131347,100
BHARATFORG.NS,out_of_sample,2025-07-11,2025-07-24,-0.00656207529254524,-0.0055847689903004314,-649.8521002750164,99031.49100000001,81
BHARATFORG.NS,out_of_sample,2025-08-04,2025-08-18,0.03196102785730053,0.032946845354615215,3185.389688899995,99664.8075,87
BHARTIARTL.NS,development,2017-03-20,2017-03-31,0.009209800047556315,0.01018838186798434,919.4797341739493,99837.10063476564,320
BHARTIARTL.NS,development,2018-01-25,2018-02-08,-0.07505199094600593,-0.07409784573800343,-7496.79633568867,99888.04082601929,239
BHARTIARTL.NS,development,2018-05-21,2018-06-01,0.05926589117564434,0.06025940070633998,5909.084150196817,99704.63673083497,306
BHARTIARTL.NS,development,2018-07-17,2018-07-30,0.10180573472125636,0.10281104329878377,10161.510413074095,99812.75063626096,319
BHARTIARTL.NS,development,2018-10-03,2018-10-16,-0.1004582280189728,-0.09951161871100592,-10040.328273758665,99945.30534484863,340
BHARTIARTL.NS,development,2020-08-14,2020-08-27,-0.06076627181793434,-0.05980723055178161,-6057.910586485126,99691.99039617922,187
BHARTIARTL.NS,development,2020-09-09,2020-09-22,-0.047604261743636064,-0.0466418166855182,-4750.277439200815,99786.81036547851,206
BHARTIARTL.NS,development,2020-09-24,2020-10-08,-0.004352438716498407,-0.0033776547742223216,-434.4238770072038,99811.60110548402,239
BHARTIARTL.NS,development,2021-03-02,2021-03-16,-0.023159187742404323,-0.022189730446404078,-2311.083735714233,99791.22590222167,188
BHARTIARTL.NS,development,2022-06-09,2022-06-22,-0.02841345157044675,-0.027445178001375786,-2833.1004258024786,99709.83,151
BHEL.NS,development,2016-12-19,2016-12-30,-0.017082083740646084,-0.016111419306126785,-1706.9432407786087,99925.938,1218
BHEL.NS,development,2017-05-19,2017-06-01,-0.17183533802331452,-0.1709091041526172,-17167.643511275524,99907.52605815126,898
BHEL.NS,development,2017-06-28,2017-07-11,0.039583605454747324,0.04057027270294942,3958.3279407275177,99999.1763067856,1118
BHEL.NS,development,2017-08-11,2017-08-28,0.027665439790703746,0.028648718007538602,2766.2555249560855,99989.5734853134,1207
BHEL.NS,development,2018-02-05,2018-02-19,0.010546173757115297,0.011524639324837058,1054.216157077114,99961.956,1086
BHEL.NS,development,2018-05-09,2018-05-22,-0.09262363911304035,-0.09167480332329878,-9257.91326909156,99951.94917566299,1195
BHEL.NS,development,2018-06-29,2018-07-12,-0.027763092775767297,-0.02679558139957721,-2774.81707916296,99946.25244291687,1406
BHEL.NS,development,2018-07-17,2018-07-30,0.1163972242544047,0.11740622892685054,11632.441051580705,99937.44374999999,1525
BHEL.NS,development,2018-12-11,2018-12-24,0.14552866948984902,0.14654599976695848,14545.655860946872,99950.44902105331,1610
BHEL.NS,development,2019-01-29,2019-02-11,-0.009581488818239189,-0.00860884046504616,-957.8533964392088,99969.16080681037,1581
BHEL.NS,development,2019-05-07,2019-05-20,-0.004739105041862566,-0.003765160200720673,-473.8781327421957,99993.16929171754,1512
BHEL.NS,development,2019-08-14,2019-08-28,0.007341338843152282,0.008318849719461228,733.9151647258336,99970.20712514877,1965
BHEL.NS,development,2019-10-03,2019-10-17,-0.04736146874556738,-0.04639976055347161,-4735.57714609154,99987.97063350677,2140
BHEL.NS,development,2019-12-03,2019-12-16,-0.1253309411340738,-0.12439167962851344,-12532.338618494226,99993.97200000001,1922
BHEL.NS,development,2020-02-05,2020-02-18,-0.1347372331844281,-0.13380058065525957,-13469.67581195795,99969.96,2498
BHEL.NS,development,2020-03-03,2020-03-17,-0.22873564172669442,-0.22782606156333463,-22868.981454087447,99979.965,3331
BHEL.NS,development,2020-09-23,2020-10-07,-0.14421418709147552,-0.14328029559794417,-14418.369998312226,99978.85984106826,3019
BHEL.NS,development,2021-04-13,2021-04-28,0.05340854590851168,0.0543992390301438,5340.142477365421,99986.6666752739,2194
BHEL.NS,development,2021-06-15,2021-06-28,-0.01584275709441219,-0.014871938188918767,-1583.9011654305234,99976.35865976714,1487
BHEL.NS,development,2021-07-30,2021-08-12,-0.07995714599904491,-0.0790046895848202,-7992.312622477141,99957.45249052047,1650
BHEL.NS,development,2021-11-12,2021-11-26,-0.08770607908976158,-0.08675584112287674,-8766.656969378362,99954.9525,1537
BHEL.NS,development,2022-02-15,2022-02-28,-0.07918861774966976,-0.07823591027362314,-7914.898384648604,99949.95,1850
BHEL.NS,development,2022-05-12,2022-05-25,0.0633542945123649,0.06434780961570002,6335.190169985404,99996.223125,2161
BHEL.NS,development,2022-06-20,2022-07-01,0.006350050423921588,0.007327309259249493,634.7634610738311,99961.95599999999,2208
BHEL.NS,validation,2023-02-23,2023-03-09,0.11661880332554943,0.11762773447890316,11658.581545911102,99971.71308099748,1445
BHEL.NS,validation,2024-06-05,2024-06-19,0.1621325430971788,0.1631554332840474,16173.507922108965,99754.8525,391
BHEL.NS,out_of_sample,2024-09-10,2024-09-23,0.039441634011358785,0.04042912440141238,3935.6327519655915,99783.71461061096,379
BHEL.NS,out_of_sample,2024-10-23,2024-11-05,0.0071646765531386955,0.00814292424603145,714.8474496874958,99773.862,428
BHEL.NS,out_of_sample,2024-12-31,2025-01-13,-0.14857766435620998,-0.14764507540440383,-14856.395525143738,99990.77310520933,443
BHEL.NS,out_of_sample,2025-01-14,2025-01-27,0.0018550149841467273,0.002830832156321003,185.49996436273912,99999.17302450561,516
BHEL.NS,out_of_sample,2025-02-19,2025-03-05,0.06047202588519574,0.06146539233407235,6036.711559839343,99826.51435061646,541
BHEL.NS,out_of_sample,2025-07-29,2025-08-11,-0.06496520145733109,-0.06400853876911988,-6495.462309237129,99983.716875,423
BHEL.NS,out_of_sample,2026-06-12,2026-06-25,0.05827056027086375,0.0592630600568078,5820.338538978998,99884.71900602721,263
BIOCON.NS,development,2017-04-25,2017-05-09,-0.05743476577610586,-0.056475459363258526,-5735.688839773398,99864.40725,541
BIOCON.NS,development,2017-05-11,2017-05-24,-0.11840541802768778,-0.11746367447145478,-11825.335525664581,99871.57448233795,593
BIOCON.NS,development,2017-05-25,2017-06-07,0.11586802904028125,0.11687681538786976,11581.467809258198,99953.95541967775,672
BIOCON.NS,development,2017-08-10,2017-08-24,0.0033021125028834726,0.004278460754264511,330.1137067105402,99970.46025,593
BIOCON.NS,development,2018-07-17,2018-07-30,-0.002302640396892789,-0.0013279199134380163,-230.20518748569313,99974.44142660522,343
BIOCON.NS,development,2018-11-29,2018-12-12,0.06554793020720616,0.06654239769747244,6549.2826028718855,99915.93299999999,334
BIOCON.NS,development,2019-03-28,2019-04-11,0.04677114798787835,0.047760079310930514,4674.773902831042,99949.95,333
BIOCON.NS,development,2019-05-03,2019-05-16,-0.060524353630253,-0.05956620649321251,-6048.316136041579,99931.941,358
BIOCON.NS,development,2019-06-17,2019-06-28,0.007790059497783395,0.008767604297472477,778.9589912996868,99993.972,403
BIOCON.NS,development,2019-08-20,2019-09-03,0.045811075411313996,0.046800292423964496,4572.3979394742,99809.87999999999,464
BIOCON.NS,development,2019-09-27,2019-10-14,0.17013335772948698,0.171158199129195,16986.437008558238,99841.89600000001,462
BIOCON.NS,development,2020-05-18,2020-06-01,0.1689508789258256,0.1699758023723702,16850.627370612514,99736.84349999999,303
BIOCON.NS,development,2020-09-01,2020-09-14,0.12163350633654049,0.12264428980174288,12147.460786659423,99869.36291262819,261
BIOCON.NS,development,2020-10-26,2020-11-06,-0.012480723586795802,-0.01150811752792847,-1245.2250188812122,99771.861,238
BIOCON.NS,development,2021-01-22,2021-02-05,-0.038395402465070984,-0.03743010579742764,-3829.4131426846684,99736.2417588501,236
BIOCON.NS,development,2021-05-04,2021-05-18,0.008005601301776494,0.008983697127814107,799.534700712506,99871.911,262
BIOCON.NS,development,2021-08-23,2021-09-03,0.009194471213399835,0.010172654661744522,918.8526004388555,99935.33930474853,278
BIOCON.NS,development,2021-10-18,2021-10-29,0.0074315632881855245,0.008409680548288275,741.8590455712934,99825.43602241518,287
BIOCON.NS,development,2022-01-19,2022-02-02,0.0934472526227651,0.09445068964717687,9314.860628239183,99680.411855896,282
BIOCON.NS,development,2022-03-07,2022-03-21,0.009160984873923217,0.010139678029622528,914.3201386866259,99805.878,306
BIOCON.NS,development,2022-07-29,2022-08-12,0.004796377172098256,0.005773740013816321,478.79636251919203,99824.58537757874,323
BIOCON.NS,validation,2022-09-27,2022-10-11,-0.033775121929284266,-0.03280928219411867,-3375.2136404050834,99931.94539672852,360
BIOCON.NS,validation,2022-10-14,2022-10-28,0.025766824428631735,0.02674954423013637,2576.493666145087,99992.6736521759,377
BIOCON.NS,validation,2022-12-14,2022-12-27,-0.009940731915971507,-0.008967468567904414,-991.9863120976055,99790.06782225036,373
BIOCON.NS,validation,2023-01-27,2023-02-09,0.023428474537968806,0.0244111864008414,2338.791715426901,99826.8885,421
BIOCON.NS,validation,2023-03-20,2023-04-03,0.013759136545707498,0.014738534118436326,1375.362669947777,99959.955,485
BIOCON.NS,validation,2023-10-19,2023-11-02,-0.07452081493993287,-0.07356677309880613,-7448.500843356239,99951.951,418
BIOCON.NS,validation,2024-03-18,2024-04-02,0.06563961158540248,0.06663414553972684,6557.786388163646,99905.92920604705,395
BIOCON.NS,out_of_sample,2024-10-07,2024-10-18,-0.02148517596421386,-0.02051549854159513,-2145.430169816303,99856.29968261719,288
BIOCON.NS,out_of_sample,2024-10-28,2024-11-08,0.020895196745489127,0.02187694279904168,2087.1380804305095,99886.02193377685,318
BIOCON.NS,out_of_sample,2025-08-12,2025-08-26,0.044795883145287485,0.045784273659789994,4477.041596142267,99943.14838311767,292
BIOCON.NS,out_of_sample,2026-07-08,2026-07-21,0.0830584851259577,0.08405839256411009,8290.497613936277,99815.17964556886,246
BLUESTARCO.NS,out_of_sample,2025-11-07,2025-11-20,8.531434008743668e-05,0.0010667155865372304,8.403396379998945,98499.225,55
BLUESTARCO.NS,out_of_sample,2026-06-02,2026-06-15,0.04837650238944655,0.04936689365370261,4823.2013465681275,99701.32416229248,65
BLUESTARCO.NS,out_of_sample,2026-08-10,2026-08-21,-0.0038584838622130026,-0.0028842088931436208,-385.74791901849596,99973.962,66
BOSCHLTD.NS,development,2016-11-11,2016-11-25,-0.09220781288071252,-0.09117617566895887,-7638.624309976258,82841.4,4
BOSCHLTD.NS,development,2017-08-16,2017-08-30,0.0035223610122002962,0.0045462722974047715,314.77459425253534,89364.66,4
BOSCHLTD.NS,development,2017-10-04,2017-10-17,0.08027985293394538,0.08136814935005039,6554.753977352531,81648.804,4
BOSCHLTD.NS,development,2017-11-14,2017-11-27,-0.05396050182440522,-0.05300011798455953,-5387.680773706303,99844.8975,5
BOSCHLTD.NS,development,2018-02-01,2018-02-15,-0.0010774556083314331,-9.190426449165933e-05,-104.96969848120395,97423.6875,5
BOSCHLTD.NS,development,2018-05-09,2018-05-22,-0.04144464330223246,-0.04045934945398483,-3929.0920230826273,94803.37409179687,5
BOSCHLTD.NS,development,2018-06-28,2018-07-11,0.019461385825586913,0.020506450123521966,1677.0959435296757,86175.56624999999,5
BOSCHLTD.NS,development,2019-08-14,2019-08-28,0.0549712091077887,0.05598772213589212,5168.694831023889,94025.48925,7
BOSCHLTD.NS,development,2020-03-02,2020-03-16,-0.10745864634577447,-0.10651028591733307,-10639.940419626068,99014.2792734375,8
BOSCHLTD.NS,development,2020-05-19,2020-06-02,0.1486960766452084,0.14975259918647102,13565.03551193457,91226.58659179688,10
BOSCHLTD.NS,development,2021-02-24,2021-03-09,-0.015612261804492787,-0.014603025182841416,-1424.3627548928023,91233.594,6
BOSCHLTD.NS,development,2021-08-10,2021-08-24,-0.0605209373433978,-0.05951100102998658,-5355.293399291046,88486.62354492188,6
BOSCHLTD.NS,validation,2023-05-30,2023-06-12,0.03538867482239016,0.03641108300870054,3239.6827781218235,91545.75,5
BOSCHLTD.NS,validation,2023-08-07,2023-08-21,-0.009873346985775213,-0.008866307104070595,-908.7527052343689,92040.9975,5
BOSCHLTD.NS,validation,2024-08-08,2024-08-22,-0.00023314556083122974,0.0007530074073162326,-22.694072979076978,97338.645,3
BOSCHLTD.NS,out_of_sample,2024-11-13,2024-11-28,0.017176245341134835,0.018344460697041154,1168.5686755387674,68034.0,2
BOSCHLTD.NS,out_of_sample,2025-01-13,2025-01-24,-0.0387336293032717,-0.03774641250803175,-3662.158133143755,94547.25,3
BOSCHLTD.NS,out_of_sample,2025-01-30,2025-02-11,-0.03368633363339049,-0.03264646077206053,-2841.1778042574656,84342.15,3
BOSCHLTD.NS,out_of_sample,2025-10-30,2025-11-13,-0.005668074760952911,-0.00456131934032989,-425.3181598750041,75037.5,2
BOSCHLTD.NS,out_of_sample,2025-11-26,2025-12-09,0.021126812308007437,0.022264650555724217,1518.7204450624995,71885.925,2
BOSCHLTD.NS,out_of_sample,2026-03-16,2026-03-30,-0.05249088464759138,-0.05149028261810932,-4767.5050695625,90825.39,3
BPCL.NS,development,2017-03-02,2017-03-16,-0.023888088097890923,-0.0229188100362288,-2383.6409597026554,99783.66413983156,452
BPCL.NS,development,2017-06-16,2017-06-30,-0.058053749573644925,-0.05709439986923894,-5794.302850483164,99809.27835044861,442
BPCL.NS,development,2017-09-27,2017-10-11,0.03421851682903432,0.03520412695646272,3417.674081057842,99877.914,423
BPCL.NS,development,2018-04-20,2018-05-04,0.019940941587436915,0.020922390654861674,1991.9335079124808,99891.64750211334,537
BPCL.NS,development,2018-06-29,2018-07-12,0.017355376698504607,0.018335848555214508,1734.6690332467006,99949.95,540
BPCL.NS,development,2018-08-16,2018-08-30,-0.04621136391269828,-0.04524933297190326,-4620.672891289784,99989.97,526
BPCL.NS,development,2018-09-12,2018-09-27,0.10277246682601184,0.1037777776221405,10265.065000053712,99881.46939619446,593
BPCL.NS,development,2018-10-08,2018-10-22,-0.009238421544796987,-0.00826566971976323,-923.5461462149818,99967.959,732
BPCL.NS,development,2019-02-15,2019-02-28,0.058893917763680956,0.059886527821547735,5883.61581427734,99901.92599999999,628
BPCL.NS,development,2019-04-05,2019-04-22,-0.04058458464895212,-0.039620743268661315,-4056.1024374306835,99941.94772510529,565
BPCL.NS,development,2019-07-08,2019-07-19,-0.045602994742405735,-0.044640160045285336,-4552.68802709886,99833.09326098632,544
BPCL.NS,development,2019-08-23,2019-09-06,0.21149731269667754,0.21253372863578168,21133.22135673663,99921.93795410157,640
BPCL.NS,development,2020-01-08,2020-01-21,0.02824879273664029,0.02923239735112901,2823.4654215875603,99949.95000000001,444
BPCL.NS,development,2020-03-13,2020-03-26,-0.16647925872940356,-0.1655513332841874,-16626.251329101877,99869.80634101869,591
BPCL.NS,development,2020-05-08,2020-05-21,-0.0618272289253724,-0.06086952861459882,-6179.628439729525,99949.95,600
BPCL.NS,development,2020-10-01,2020-10-15,-0.0898875134971936,-0.0889378106963615,-8982.633695438253,99931.94099999999,558
BPCL.NS,development,2020-12-22,2021-01-05,0.06450839217021472,0.06550234748812646,6448.849859551143,99969.16126098632,544
BPCL.NS,development,2021-09-17,2021-09-30,-0.022393049249599627,-0.02142395424776468,-2237.881695527068,99936.44325,453
BPCL.NS,development,2021-11-23,2021-12-06,-0.031662122077835204,-0.030695887006309118,-3165.7362469333852,99984.9675,506
BPCL.NS,development,2022-02-25,2022-03-11,0.06211583619654236,0.06310962165975824,6201.6385636999885,99839.895,587
BPCL.NS,validation,2023-08-07,2023-08-21,-0.032585758301696986,-0.03161934788755548,-3254.4997591281353,99874.9125,550
BPCL.NS,validation,2024-03-18,2024-04-02,0.04748261347165889,0.048472566513297156,4736.217397749194,99746.3503262329,340
BPCL.NS,out_of_sample,2024-09-20,2024-10-04,0.03972333939829463,0.04071026912540117,3970.095552980678,99943.65058721924,306
BPCL.NS,out_of_sample,2024-11-19,2024-12-03,0.0029830902153265286,0.003959855475469287,297.84230138534707,99843.54474266052,341
BPCL.NS,out_of_sample,2025-08-06,2025-08-20,0.011604608695136387,0.012584237817142815,1157.5347558265514,99747.849,316
BPCL.NS,out_of_sample,2026-03-10,2026-03-23,-0.1958870644889245,-0.19496807968920218,-19586.83969413964,99990.47025,297
BPCL.NS,out_of_sample,2026-05-19,2026-06-01,0.05009122097551083,0.05108139581773685,5003.006660747067,99877.914,354
BRITANNIA.NS,development,2017-03-07,2017-03-21,0.058397189549322256,0.059391639947689284,5805.245925997469,99409.68,64
BRITANNIA.NS,development,2018-08-08,2018-08-23,0.10461736754548825,0.1056237149440484,10436.153033790575,99755.45436328126,32
BRITANNIA.NS,development,2019-02-18,2019-03-01,0.07334087977729319,0.0743484027217162,7135.232983118762,97288.62,34
BRITANNIA.NS,development,2019-04-03,2019-04-16,0.007703438788675501,0.008686125164842337,760.4783544312509,98719.33499999999,33
BRITANNIA.NS,development,2019-05-02,2019-05-15,-0.08406852577857304,-0.08311568506829603,-8370.514714206247,99567.75899999999,34
BRITANNIA.NS,development,2019-08-21,2019-09-04,0.1004940294092195,0.10150638419622471,9848.211331446942,97997.9745,41
BRITANNIA.NS,development,2019-11-25,2019-12-06,0.01207584363917842,0.01305503174989725,1206.2731778723826,99891.42074999999,33
BRITANNIA.NS,development,2020-10-21,2020-11-03,-0.05165924425012411,-0.050685201410075306,-4995.879240491605,96708.33,27
BRITANNIA.NS,development,2021-02-09,2021-02-22,-0.0491309683083121,-0.04816243769108223,-4824.124086392639,98189.07,28
BRITANNIA.NS,development,2021-10-05,2021-10-19,-0.027632129549451146,-0.026654109401024615,-2691.3328055448887,97398.675,25
BRITANNIA.NS,development,2021-10-22,2021-11-04,-0.030328117693574522,-0.02934974731204471,-2945.8471656520705,97132.542,26
BRITANNIA.NS,development,2022-08-08,2022-08-23,-0.005019535466293486,-0.004044206602329258,-500.08874898728874,99628.49198803712,27
BRITANNIA.NS,validation,2023-07-26,2023-08-08,-0.06250699567182304,-0.06154172963342935,-6128.7484186265765,98049.0,20
BRITANNIA.NS,validation,2023-08-09,2023-08-23,-0.025702378367301323,-0.024722397041535917,-2494.8375168517928,97066.40689819335,21
BRITANNIA.NS,out_of_sample,2024-11-13,2024-11-28,-0.019502816381351207,-0.01851305282846571,-1857.0305890984905,95218.5855,19
BSE.NS,out_of_sample,2025-07-09,2025-07-22,0.016841507139955414,0.017831685133995565,1642.8679696187257,97548.75,39
BSE.NS,out_of_sample,2025-08-26,2025-09-09,0.02866369058419408,0.029654651736665823,2814.059628915761,98175.06300000001,43
BSE.NS,out_of_sample,2026-07-08,2026-07-21,0.004101012314864035,0.005084271051287439,403.2490140499898,98329.14,27
BSE.NS,out_of_sample,2026-08-18,2026-08-31,-0.007531359278011136,-0.0065542459823693605,-745.683489896235,99010.47903442383,30
BSOFT.NS,development,2019-07-10,2019-07-23,-0.07808683767508587,-0.07713396895640229,-7807.810566207264,99988.8175609703,1221
BSOFT.NS,development,2019-08-09,2019-08-26,0.008275947006237478,0.00925378774142081,827.2218899009843,99954.9525,1537
BSOFT.NS,development,2019-10-04,2019-10-18,0.06107062133675247,0.062063662942024755,6104.036024603129,99950.44902105331,1610
BSOFT.NS,development,2020-03-20,2020-04-03,0.0834832977338767,0.08448278683534213,8344.151434336089,99949.95,1850
BSOFT.NS,development,2022-06-20,2022-07-01,0.04370073498124938,0.044688919596561655,4366.399708437269,99915.93299999999,299
BSOFT.NS,development,2022-07-18,2022-07-29,0.07310600397066691,0.0741035547246842,7287.89891927026,99689.471772995,319
BSOFT.NS,development,2022-08-30,2022-09-13,0.05906326229226795,0.060056539701066,5891.433368576538,99747.849,316
BSOFT.NS,validation,2022-10-31,2022-11-14,0.07134944758572632,0.07234543436115143,7131.602478758915,99953.15619213867,376
BSOFT.NS,validation,2023-02-06,2023-02-17,0.08050873048722208,0.0815079928532025,8034.225770679652,99793.22394053651,371
BSOFT.NS,validation,2024-02-27,2024-03-12,-0.028806188968300464,-0.027836114734376086,-2858.6280649314176,99236.5935,127
BSOFT.NS,validation,2024-03-14,2024-03-28,0.029311812986819844,0.03029840269177952,2910.235502998058,99285.41452917481,138
BSOFT.NS,validation,2024-04-23,2024-05-07,-0.08314138151834917,-0.08218772830923123,-8266.971339397815,99432.6915,149
BSOFT.NS,validation,2024-08-01,2024-08-14,-0.16428902420982325,-0.16335836522893263,-16321.810497334383,99348.14925,147
BSOFT.NS,out_of_sample,2024-10-07,2024-10-18,0.00906685385544496,0.01004703488947998,901.5185315323085,99430.13816098023,169
BSOFT.NS,out_of_sample,2025-02-18,2025-03-04,-0.1262320476002873,-0.12529245784400816,-12603.941591774867,99847.39875,209
BSOFT.NS,out_of_sample,2025-04-08,2025-04-24,0.11330593112789236,0.11431388973268815,11327.949127050286,99976.665072052,282
BSOFT.NS,out_of_sample,2025-07-24,2025-08-06,-0.05374706550112634,-0.05278620020482536,-5360.7507888452365,99740.343753891,245
BSOFT.NS,out_of_sample,2025-09-30,2025-10-14,-0.007523800323866619,-0.006549470929275218,-750.1065204999971,99697.824,288
BSOFT.NS,out_of_sample,2026-05-13,2026-05-26,-0.024148531356957107,-0.023179640765960262,-2411.5087485511085,99861.50763807677,301
BSOFT.NS,out_of_sample,2026-06-26,2026-07-09,-0.08828682367060203,-0.08733646162974609,-8818.292796142663,99882.32025476074,332
CAMS.NS,out_of_sample,2025-08-01,2025-08-14,0.03267641886232688,0.03366329343206865,3249.7974686681323,99453.90534869385,133
CAMS.NS,out_of_sample,2026-03-05,2026-03-18,0.026797346897007884,0.027781150533255417,2674.275454080209,99796.27701049804,156
CANBK.NS,development,2016-11-07,2016-11-21,0.03147189418059334,0.03245644903412623,3145.4309300183522,99944.12512857057,1729
CANBK.NS,development,2016-12-23,2017-01-05,-0.06087057789078456,-0.05991276099001435,-6086.421460488396,99989.54620422363,1816
CANBK.NS,development,2017-06-29,2017-07-12,0.0920584117548965,0.0930603697939503,9201.167379536162,99949.23010440446,1521
CANBK.NS,development,2017-08-11,2017-08-28,0.031154847485244008,0.032139252580144835,3114.1996757095894,99958.75207492446,1523
CANBK.NS,development,2017-10-03,2017-10-16,-0.01115134177362644,-0.010179023704581769,-1114.452861175954,99938.90276161194,1608
CANBK.NS,development,2017-12-04,2017-12-15,-0.028728233652338946,-0.027761162853865744,-2872.448993257054,99986.9685,1369
CANBK.NS,development,2018-01-17,2018-01-31,0.005781896265600175,0.006758879733069118,578.1313949318958,99989.92862800599,1476
CANBK.NS,development,2018-02-02,2018-02-16,-0.05637751259072089,-0.05541826507072105,-5635.211593073658,99954.9525,1537
CANBK.NS,development,2018-03-05,2018-03-16,-0.0673404412889301,-0.06638446028762936,-6732.924214113964,99983.36935788345,1741
CANBK.NS,development,2018-05-21,2018-06-01,0.060769820234927496,0.06176262256189659,6076.289736877474,99988.60805227661,2076
CANBK.NS,development,2018-07-16,2018-07-27,0.20602739240505297,0.20706200047749468,20598.73550010636,99980.56695106316,2163
CANBK.NS,development,2018-09-19,2018-10-04,-0.0839076435636565,-0.08295641204997332,-8389.055460728463,99979.63361185456,2003
CANBK.NS,development,2019-01-28,2019-02-08,-0.11067863663960924,-0.10973515498510027,-11067.019483689166,99992.37269000243,1952
CANBK.NS,development,2019-05-02,2019-05-15,-0.06382859430141267,-0.06287149961187807,-6380.143950389521,99957.45668878555,1925
CANBK.NS,development,2019-07-26,2019-08-08,-0.053008449406074354,-0.05204835717288457,-5300.10112604537,99985.96800000001,2082
CANBK.NS,development,2019-08-23,2019-09-06,-0.08597654202777981,-0.08502584241455947,-8594.548500055036,99963.87732456207,2388
CANBK.NS,development,2019-10-03,2019-10-17,0.055278694735030456,0.05626996517691251,5526.586933758547,99976.79866084672,2834
CANBK.NS,development,2020-01-29,2020-02-11,-0.0909723092243024,-0.09002306900092466,-9094.460392484709,99969.54534880829,2427
CANBK.NS,development,2020-03-02,2020-03-16,-0.32076967267633466,-0.3198865314735951,-32068.26229468209,99972.8622320223,3415
CANBK.NS,development,2020-09-23,2020-10-07,-0.018397028149554052,-0.01742698011547749,-1839.4347593714017,99985.42940839006,5497
CANBK.NS,development,2020-10-30,2020-11-12,0.048921533929726806,0.04991095084364168,4891.327791290263,99983.12396165657,5717
CANBK.NS,development,2021-03-19,2021-04-05,0.013069271471477762,0.01404836571715595,1306.7463570431223,99986.16678021813,3458
CANBK.NS,development,2021-04-13,2021-04-28,0.05741894035921307,0.05841082563881633,5740.571304501722,99976.9635,3701
CANBK.NS,development,2022-02-25,2022-03-11,0.006537703898887196,0.0075149782372248616,653.5844743627154,99971.5625655613,2313
CANBK.NS,development,2022-05-10,2022-05-23,-0.054345207114955496,-0.05338554216342547,-5434.340088948047,99996.67638496398,2485
CANBK.NS,validation,2022-09-28,2022-10-12,0.0659615213482263,0.06695592101363722,6593.6821724794745,99962.55449703598,2362
CANBK.NS,validation,2022-12-26,2023-01-06,0.09647436025805094,0.09747741175962005,9646.791000644045,99993.3140249977,1714
CANBK.NS,validation,2023-01-31,2023-02-13,-0.03405017265118723,-0.03308448894346867,-3403.3538904557518,99951.14930311775,1699
CANBK.NS,validation,2023-02-23,2023-03-09,0.1244098579143924,0.1254211288899293,12434.383103514489,99946.92793613434,1814
CANBK.NS,validation,2024-05-09,2024-05-23,0.042738037006017804,0.043725903874790854,4270.646930113331,99926.13674586867,887
CANBK.NS,validation,2024-07-09,2024-07-23,-0.02104932876067825,-0.02008004163360751,-2104.61645203323,99984.9675,869
CANBK.NS,validation,2024-08-05,2024-08-19,0.010965480544474847,0.011944222029070495,1095.7056738373303,99923.1788696594,921
CANBK.NS,out_of_sample,2024-09-12,2024-09-25,0.05292845225283488,0.053919045757226974,5291.631077242585,99977.06057915499,973
CANBK.NS,out_of_sample,2025-01-13,2025-01-24,0.04735536573203763,0.04834450273022375,4732.72115250821,99940.54695487976,1084
CANBK.NS,out_of_sample,2025-02-17,2025-03-03,-0.0513294731274501,-0.05036878137408732,-5130.731118991359,99956.82414763642,1167
CANBK.NS,out_of_sample,2026-07-09,2026-07-22,0.035972239765419266,0.03695826036336113,3593.674341893867,99901.32294593811,820
CANFINHOME.NS,development,2017-07-25,2017-08-07,-0.03361964964678129,-0.03265308255809895,-3353.9586468326456,99761.856,164
CANFINHOME.NS,development,2017-08-08,2017-08-22,-0.0904627313713791,-0.08951215709467154,-9016.765279717343,99673.812,168
CANFINHOME.NS,development,2017-08-23,2017-09-06,0.054776466879421386,0.055769385675497156,5451.953027740334,99530.93615441895,182
CANFINHOME.NS,development,2017-10-26,2017-11-08,-0.09731510050769968,-0.096366798830948,-9707.069314619908,99748.8495,199
CANFINHOME.NS,development,2018-01-24,2018-02-07,-0.0045324046347289025,-0.003556924780178579,-451.5443832697191,99625.788,216
CANFINHOME.NS,development,2018-04-03,2018-04-16,0.024832276086687633,0.025816043478462926,2474.904015966576,99664.8075,229
CANFINHOME.NS,development,2018-05-02,2018-05-15,-0.10336105680368256,-0.10241406287990575,-10299.08133637695,99641.796,236
CANFINHOME.NS,development,2018-06-29,2018-07-12,-0.025208132750766915,-0.024239130149075316,-2514.706614283938,99757.7503715515,293
CANFINHOME.NS,development,2018-09-24,2018-10-08,-0.2383239025569815,-0.2374161968212298,-23775.157962118603,99759.855,338
CANFINHOME.NS,development,2018-12-07,2018-12-20,0.1930440255867882,0.19407483821142268,19303.625170387782,99995.973,413
CANFINHOME.NS,development,2019-01-22,2019-02-04,-0.059537295381650986,-0.058578181749659876,-5939.550950337698,99761.85367950439,380
CANFINHOME.NS,development,2020-01-16,2020-01-29,0.2964583771602046,0.2975191823391215,29625.957661935663,99932.9415,266
CANFINHOME.NS,development,2022-06-21,2022-07-04,0.05701091850249385,0.05800374656176017,5684.720110299402,99712.8315,239
CANFINHOME.NS,validation,2022-09-23,2022-10-07,-0.0885511726392176,-0.08760046283717207,-8835.349602474036,99776.76567279054,182
CANFINHOME.NS,validation,2024-03-14,2024-03-28,0.047794250233201455,0.048784511716684464,4764.702849526134,99691.96767974854,139
CANFINHOME.NS,validation,2024-07-26,2024-08-08,-0.053046880702671335,-0.052084503986312196,-5273.691798331346,99415.68153442383,120
CANFINHOME.NS,out_of_sample,2024-12-09,2024-12-20,-0.07121905444705184,-0.07026273638420617,-7094.969401246548,99621.78600000001,124
CANFINHOME.NS,out_of_sample,2024-12-23,2025-01-06,-0.0689745370277019,-0.06801697621868726,-6861.163470942023,99473.86045065308,133
CANFINHOME.NS,out_of_sample,2025-01-14,2025-01-27,0.026556611270044335,0.027541096329966024,2645.298206154637,99609.78,152
CANFINHOME.NS,out_of_sample,2025-02-12,2025-02-25,-0.06307854458217514,-0.062120249764747414,-6289.702545940011,99712.23317852782,162
CASTROLIND.NS,development,2016-11-03,2016-11-17,-0.08228106538215858,-0.08132893081997054,-8217.493033784634,99871.00915159607,458
CASTROLIND.NS,development,2016-12-16,2016-12-29,0.0036432310825022995,0.004620041077175269,363.8848699994057,99879.71165130616,532
CASTROLIND.NS,development,2017-05-24,2017-06-06,-0.0007699832209742916,0.00020553673120556485,-76.90971050340139,99884.9175,487
CASTROLIND.NS,development,2018-01-29,2018-02-09,0.06894328512588478,0.06993903603981264,6883.256088493728,99839.39807807922,545
CASTROLIND.NS,development,2018-04-27,2018-05-11,-0.08124633889398926,-0.08029426425209123,-8121.400701498431,99960.205125,517
CASTROLIND.NS,development,2018-07-03,2018-07-16,-0.03148480716090993,-0.03051814032101381,-3145.01486851872,99889.92000000001,624
CASTROLIND.NS,development,2018-09-05,2018-09-19,0.013641901105801057,0.014621499472958354,1362.845370410027,99901.42575,658
CASTROLIND.NS,development,2019-02-12,2019-02-26,0.027805799790310833,0.028789266196985762,2779.2633541326263,99952.64927071381,681
CASTROLIND.NS,development,2019-04-30,2019-05-14,-0.07539528939327265,-0.07444167526626301,-7539.225322496878,99995.973,649
CASTROLIND.NS,development,2019-07-02,2019-07-15,-0.05581399467876895,-0.05485425226318125,-5574.250309112485,99871.911,762
CASTROLIND.NS,development,2019-12-04,2019-12-17,-0.031833550230815154,-0.030866919481435873,-3179.3411944000127,99873.91200000001,734
CASTROLIND.NS,development,2020-01-07,2020-01-20,0.07097028621054265,0.071966353174562,7090.35238988337,99905.92920604705,790
CASTROLIND.NS,development,2020-03-25,2020-04-09,0.2772240194333185,0.27827923983106584,27707.501105813284,99946.24983235932,1102
CASTROLIND.NS,development,2020-05-21,2020-06-04,0.13169705190957998,0.13271034735478482,13165.057256291346,99964.707375,923
CDSL.NS,out_of_sample,2025-07-29,2025-08-11,0.02498646029234063,0.02597281287034495,2474.608950431875,99037.99583770751,65
CDSL.NS,out_of_sample,2025-12-11,2025-12-24,0.009588120353910257,0.010569073592608367,951.8761185666318,99276.6135,67
CDSL.NS,out_of_sample,2025-12-31,2026-01-13,-0.013668969983003801,-0.012694123419036786,-1355.0534099068466,99133.542,69
CDSL.NS,out_of_sample,2026-01-21,2026-02-04,0.01894033724907594,0.019924975978113848,1875.6973835063038,99031.88939245605,74
CEATLTD.NS,development,2017-02-08,2017-02-21,-0.023396122106884867,-0.022423790408161334,-2317.718241863603,99064.20522491456,87
CEATLTD.NS,development,2017-08-07,2017-08-21,-0.039393606503618006,-0.038426548570744255,-3909.011421975348,99229.59,57
CEATLTD.NS,development,2018-01-22,2018-02-05,-0.13470325044617407,-0.13376265791550948,-13335.328354699754,98997.82158581543,53
CEATLTD.NS,development,2018-02-06,2018-02-20,0.08654769756597354,0.08755381274569846,8528.05441160412,98535.89005187988,67
CEATLTD.NS,development,2018-05-07,2018-05-18,-0.0955684682287209,-0.09461601436124042,-9446.885743328123,98849.4,65
CEATLTD.NS,development,2018-06-28,2018-07-11,0.019413262112823928,0.020397695888897654,1924.1558215812497,99115.533,79
CEATLTD.NS,development,2018-09-05,2018-09-19,0.007228301270843903,0.008207369103427503,719.7563823227299,99574.76250000001,75
CEATLTD.NS,development,2018-09-26,2018-10-10,-0.12314801710345331,-0.122205126783099,-12222.391438310899,99249.59999999999,80
CEATLTD.NS,development,2019-01-29,2019-02-11,-0.032225397065976207,-0.03125794172650187,-3210.9641989572356,99640.79550000001,89
CEATLTD.NS,development,2019-05-07,2019-05-20,-0.03434597209348166,-0.0333764946619344,-3399.9754820312387,98991.97124999999,95
CEATLTD.NS,development,2019-06-17,2019-06-28,-0.008278365302910744,-0.0073032637498778846,-823.3057933783394,99452.70150000001,107
CESC.NS,development,2017-05-19,2017-06-01,0.06294247688215682,0.06393592397725162,6293.216907250912,99983.62344451905,1305
CESC.NS,development,2017-11-08,2017-11-21,0.02974271196041573,0.03072680693435567,2972.3316237319036,99934.7883168068,1131
CESC.NS,development,2018-02-05,2018-02-19,0.0010710613582585848,0.0020469078961233285,107.03708303406242,99935.52863123703,1129
CESC.NS,development,2018-03-22,2018-04-06,0.13109213939175107,0.13210539556944842,13100.178861386343,99931.07841682434,1260
CESC.NS,development,2018-06-20,2018-07-03,-0.05503940707715886,-0.05407981579844184,-5502.025648472489,99965.20567089845,1184
CESC.NS,development,2018-10-01,2018-10-15,0.11130039422865722,0.11230771694890083,11129.086449743174,99991.4378279686,1371
CESC.NS,development,2020-03-05,2020-03-19,-0.24774016165708357,-0.24683589583318719,-24759.708523734436,99942.24738581658,1619
CESC.NS,out_of_sample,2025-08-07,2025-08-21,0.01805932063753337,0.019039968505949287,1805.1473776037908,99956.5495200348,619
CESC.NS,out_of_sample,2025-08-29,2025-09-11,0.04219327614783354,0.04318080442618541,4218.127588283759,99971.55882147216,648
CESC.NS,out_of_sample,2026-01-20,2026-02-03,-0.0337565500810791,-0.03279057572585256,-3372.268864483945,99899.68928649902,656
CESC.NS,out_of_sample,2026-07-15,2026-07-28,0.027128277373738033,0.02811198767912234,2708.57453776024,99843.21895729065,627
CESC.NS,out_of_sample,2026-08-24,2026-09-04,-0.0632629137754841,-0.06230538576865417,-6319.327396000004,99889.92,640
CGPOWER.NS,development,2017-08-09,2017-08-23,0.02696059747797192,0.027943759513910354,2695.1959032934,99967.959,1281
CGPOWER.NS,development,2018-02-05,2018-02-19,-0.017904098134855016,-0.016933809557812856,-1789.7071418440619,99960.7535863495,1188
CGPOWER.NS,development,2018-05-17,2018-05-30,0.0027523747850100033,0.0037285220789093484,275.18564466942235,99981.16759684753,1308
CGPOWER.NS,development,2018-06-01,2018-06-14,-0.09754191713204331,-0.09659455986292573,-9751.066372637504,99967.959,1586
CGPOWER.NS,development,2018-06-28,2018-07-11,0.175249636579254,0.1762753664848897,17522.740995861128,99987.31716591454,1977
CGPOWER.NS,development,2018-09-05,2018-09-19,-0.027975786066565648,-0.02700835226441691,-2796.1895755442583,99950.34880846596,1823
CGPOWER.NS,development,2018-09-25,2018-10-09,-0.17257770436208864,-0.17165189804377348,-17251.0322260309,99960.95550000001,2039
CGPOWER.NS,development,2019-01-23,2019-02-05,-0.24428463364058328,-0.24337953111960645,-24423.936621037592,99981.4693910408,2385
CGPOWER.NS,development,2019-02-06,2019-02-20,-0.031314735539103106,-0.03034837733371886,-3130.8210605287377,99979.16337563324,3208
CGPOWER.NS,development,2019-04-23,2019-05-08,0.13516082275881502,0.13617501539245908,13514.652536506803,99989.421939394,2901
CGPOWER.NS,development,2019-06-10,2019-06-21,-0.12706065132962666,-0.12612182998001809,-12703.48074548346,99979.6602059555,3042
CGPOWER.NS,development,2019-07-09,2019-07-22,-0.06526814579651131,-0.06431161446093524,-6526.473167870298,99994.76909024047,4336
CGPOWER.NS,development,2019-08-21,2019-09-04,-0.02774509551894546,-0.026777765623206874,-2774.311858903248,99992.87466892434,8434
CGPOWER.NS,development,2020-01-16,2020-01-29,0.13706143225608464,0.1380761408445161,13705.742403272818,99997.07560085249,10747
CGPOWER.NS,development,2020-02-28,2020-03-13,-0.2334038384143252,-0.2324956563904474,-23338.952866629763,99993.86910338546,14917
CGPOWER.NS,out_of_sample,2025-10-27,2025-11-10,0.01283440902188752,0.013814790527223892,1278.9334513230606,99648.79950000001,137
CGPOWER.NS,out_of_sample,2026-01-09,2026-01-22,-0.06633898177072325,-0.06538051267764647,-6596.5289974374955,99436.6935,162
CGPOWER.NS,out_of_sample,2026-07-29,2026-08-11,0.04116193068730655,0.04215043935898124,4101.9345355072155,99653.5990177002,118
CHAMBLFERT.NS,development,2022-06-21,2022-07-04,-0.036817511586179213,-0.03585180582417275,-3672.4492469837987,99747.35088729858,350
CHAMBLFERT.NS,validation,2022-09-29,2022-10-13,0.030556826678735917,0.03154120326640954,3053.3278518608354,99922.93650000001,324
CHAMBLFERT.NS,validation,2022-11-03,2022-11-17,-0.07483678851473557,-0.0738824565147455,-7472.969968965858,99856.9035,323
CHAMBLFERT.NS,validation,2023-06-26,2023-07-10,0.021221425337839234,0.022203500483074578,2118.4794770295775,99827.38875000001,373
CHAMBLFERT.NS,validation,2023-07-14,2023-07-27,0.01615302584500783,0.017132970265910714,1615.22710513427,99995.32723049927,373
CHAMBLFERT.NS,validation,2024-02-06,2024-02-19,0.048153658246785344,0.04914308335081851,4811.799468441461,99925.938,287
CHAMBLFERT.NS,validation,2024-02-29,2024-03-14,0.0033119436347094173,0.004289159767942134,330.38244876875183,99754.85250000001,289
CHAMBLFERT.NS,validation,2024-06-05,2024-06-19,0.30344572594302527,0.3045086004851982,30319.686231210297,99917.98743246461,279
CHAMBLFERT.NS,validation,2024-07-24,2024-08-06,0.0015985918826803077,0.002576262888963634,159.09144053749532,99519.735,203
CHAMBLFERT.NS,out_of_sample,2024-10-29,2024-11-11,0.07607140905340225,0.07706983055139424,7583.17954223344,99685.01486425783,224
CHAMBLFERT.NS,out_of_sample,2025-01-14,2025-01-27,0.04196842839855672,0.042956028226937386,4194.22176303733,99937.54646246339,218
CHAMBLFERT.NS,out_of_sample,2025-05-15,2025-05-28,-0.10383625523028926,-0.10289020274612043,-10367.208595731996,99841.896,154
CHAMBLFERT.NS,out_of_sample,2025-11-11,2025-11-24,-0.0516047708107568,-0.05064291988959802,-5142.340552121258,99648.549375,215
CHAMBLFERT.NS,out_of_sample,2025-11-25,2025-12-08,-0.04667434101193858,-0.04571079644097297,-4647.838524155457,99580.16381991576,226
CHAMBLFERT.NS,out_of_sample,2026-07-09,2026-07-22,-0.04481213270474887,-0.04384855879365812,-4468.028434187969,99705.7753003235,219
CHAMBLFERT.NS,out_of_sample,2026-09-01,2026-09-14,0.02394785484084511,0.024931621946810503,2385.2488735383704,99601.776,244
CHENNPETRO.NS,development,2018-07-11,2018-07-24,-0.012386711914146668,-0.011414697172013811,-1237.7538067568814,99925.93800000001,348
CHENNPETRO.NS,development,2018-10-09,2018-10-23,0.1853066066469344,0.18633536234046308,18522.127666070563,99953.952,448
CHENNPETRO.NS,development,2019-01-29,2019-02-11,-0.07037898744923386,-0.06942303997105352,-7021.983381459591,99773.862,428
CHENNPETRO.NS,development,2019-05-10,2019-05-23,-0.11688821975647208,-0.11594606530932008,-11674.55156045002,99877.914,423
CHENNPETRO.NS,development,2019-07-10,2019-07-23,0.022770337741281347,0.02375262827808902,2274.4087869602236,99884.71900602721,526
CHENNPETRO.NS,development,2019-09-23,2019-10-07,-0.07116133258369635,-0.07020599537519888,-7106.868883248737,99869.81166899872,563
CHENNPETRO.NS,development,2019-11-14,2019-11-27,-0.12712284517652375,-0.1261841114107416,-12711.912763715027,99997.07563233947,682
CHENNPETRO.NS,development,2020-02-28,2020-03-13,-0.25833400259941275,-0.25743264785435277,-25809.743609142744,99908.42610511782,1030
CHENNPETRO.NS,development,2020-03-16,2020-03-27,-0.20921680861999467,-0.20830169443971888,-20921.632876811058,99999.77064372253,1394
CHENNPETRO.NS,development,2020-05-26,2020-06-08,0.3768473792103448,0.3779310344827586,37684.728499849996,99999.97499999999,1999
CHOLAFIN.NS,development,2017-09-27,2017-10-11,0.02418749989425871,0.025170496745057044,2414.161073692535,99810.27738487245,461
CHOLAFIN.NS,development,2018-07-31,2018-08-13,0.0028821824425316095,0.0038585882542245104,288.0047840571022,99925.93800000001,348
CHOLAFIN.NS,development,2018-09-12,2018-09-27,-0.11101055012030207,-0.11006640899208671,-11079.305758685854,99804.07940217589,377
CHOLAFIN.NS,development,2018-10-09,2018-10-23,0.05087223825905661,0.05186260515209885,5081.425994292409,99886.03152108764,473
CHOLAFIN.NS,development,2018-12-11,2018-12-24,0.048378034501813744,0.04936779051829659,4831.006505327758,99859.50349319458,428
CHOLAFIN.NS,development,2019-01-23,2019-02-05,0.08087038061810696,0.08186947605877996,8075.773038682383,99860.70273143006,437
CHOLAFIN.NS,development,2019-05-03,2019-05-16,-0.03547867247332878,-0.0345128108086296,-3540.9261662316417,99804.3590524292,371
CHOLAFIN.NS,development,2019-07-25,2019-08-07,0.13490255153795733,0.1359168183194548,13483.826866400737,99952.34865966797,416
CHOLAFIN.NS,development,2020-03-06,2020-03-20,-0.29921602356763644,-0.2983262913997547,-29884.174172415624,99874.91249999999,363
CHOLAFIN.NS,development,2020-03-24,2020-04-08,0.07225838705892419,0.07325481644204652,7219.185803937516,99907.92899999999,712
CHOLAFIN.NS,development,2020-05-19,2020-06-02,0.21456227409463227,0.2155995835093885,21438.8333069906,99918.93214897157,770
CHOLAFIN.NS,development,2021-07-22,2021-08-04,0.03283318623906767,0.03381851036335227,3278.3903626522833,99849.90000000001,200
CHOLAFIN.NS,development,2021-12-20,2021-12-31,0.03308265829521305,0.034069282552054235,3293.2048666257638,99544.74750000001,198
CHOLAFIN.NS,development,2022-05-13,2022-05-26,0.03463450447850672,0.035620378754857074,3457.9745941546016,99841.896,162
CHOLAFIN.NS,validation,2022-09-27,2022-10-11,-0.00017924614615568368,0.000796827448850612,-17.88685068391073,99789.31802737428,139
CHOLAFIN.NS,validation,2023-08-03,2023-08-17,-0.07430692278032337,-0.07334915380218662,-7359.728672879186,99044.99335327148,90
CHOLAFIN.NS,validation,2023-11-22,2023-12-06,0.04305533155813579,0.044045424606479235,4279.535100237355,99396.17105163574,90
CHOLAFIN.NS,validation,2024-02-06,2024-02-19,-0.014955132332188094,-0.013983751541717408,-1494.0150385278075,99899.8206998291,87
CHOLAFIN.NS,validation,2024-03-06,2024-03-20,0.0011699868940227645,0.0021456599071230484,116.98227214617953,99985.96800000001,96
CHOLAFIN.NS,validation,2024-07-15,2024-07-29,0.03465044233822361,0.035637481107238224,3449.581543229814,99553.75200000001,72
CHOLAFIN.NS,out_of_sample,2024-10-29,2024-11-11,-0.023641646441701,-0.022670636224808548,-2349.3168161924946,99371.96303082276,77
CIPLA.NS,development,2017-04-25,2017-05-09,-0.009643990166031551,-0.00867045588870353,-961.9291831139835,99743.89921115112,179
CIPLA.NS,development,2017-05-26,2017-06-08,0.13630298254026174,0.13731927905539668,13568.655093869358,99547.749,206
CIPLA.NS,development,2018-02-01,2018-02-15,0.021050112556579525,0.022033501995219272,2094.2530420940125,99488.92370361328,168
CIPLA.NS,development,2018-05-21,2018-06-01,-0.015900676660918874,-0.014927830097249618,-1581.612701385938,99468.2638427124,187
CIPLA.NS,development,2018-11-06,2018-11-20,-0.06416540173319475,-0.0632083738404236,-6413.32869496273,99949.95000000001,180
CIPLA.NS,development,2019-08-13,2019-08-27,-0.04192905899036539,-0.04096526329732532,-4186.9059974467245,99856.9035,206
CIPLA.NS,development,2019-09-24,2019-10-09,-0.06159043852273,-0.06063267011513782,-6155.961250824938,99949.95000000001,222
CIPLA.NS,development,2020-05-14,2020-05-28,0.09778445214024724,0.09878795385206103,9775.996935804262,99974.9625,175
CIPLA.NS,development,2020-09-09,2020-09-22,0.0939454477836957,0.0949504415022184,9331.661821676957,99330.64391967774,140
CIPLA.NS,development,2020-11-11,2020-11-24,0.02697689695251882,0.027961345592436442,2688.215395553709,99648.79950000001,137
CIPLA.NS,development,2021-02-24,2021-03-09,0.001294947614353939,0.0022734224827132108,128.58781249999078,99299.625,125
CIPLA.NS,development,2021-07-29,2021-08-11,0.014823516369998652,0.01580578908588708,1472.3084632387204,99322.48371368408,111
CIPLA.NS,development,2022-01-21,2022-02-04,0.07250356079940558,0.0735017441396933,7213.358962935837,99489.72,113
CIPLA.NS,validation,2023-02-21,2023-03-06,-0.09397866179619481,-0.09303016519519858,-9392.165757473907,99939.34344204713,103
CIPLA.NS,validation,2023-09-27,2023-10-11,-0.015131205300541187,-0.014159305165695866,-1509.4565692154138,99757.85399999999,84
CIPLA.NS,validation,2024-04-16,2024-04-30,0.00833623646710525,0.009314837166254272,831.7051452499855,99769.86000000002,72
CIPLA.NS,out_of_sample,2024-10-31,2024-11-13,-0.037314673132643986,-0.03634969571168555,-3727.479297370116,99893.1247265625,64
CIPLA.NS,out_of_sample,2026-01-27,2026-02-09,0.03015543347885769,0.031144043362933867,2980.8465061249954,98849.40000000001,76
COALINDIA.NS,development,2016-12-15,2016-12-28,0.015424464678180845,0.016404943027879974,1539.5139685934687,99809.87999999999,344
COALINDIA.NS,development,2017-03-15,2017-03-28,-0.02317885505007597,-0.022210122266313345,-2317.2008074241317,99970.46025,337
COALINDIA.NS,development,2017-06-23,2017-07-07,0.019464195104879834,0.020445858524229046,1942.6060048084075,99804.07586036682,406
COALINDIA.NS,development,2017-08-04,2017-08-18,0.003094737119216939,0.004070923618405926,309.4612494153148,99995.973,413
COALINDIA.NS,development,2017-11-17,2017-11-30,0.013335629315665861,0.014314897082492948,1333.0555908849008,99961.95599999999,368
COALINDIA.NS,development,2018-03-21,2018-04-05,0.022950274883242496,0.023933194192467637,2289.0843620877813,99741.0433527832,368
COALINDIA.NS,development,2018-06-26,2018-07-09,0.047184706927430445,0.04817454495394535,4706.846607400966,99753.64718572998,386
COALINDIA.NS,development,2018-11-29,2018-12-12,-0.01445318561345899,-0.0134812593703149,-1442.4261175750055,99799.875,399
COALINDIA.NS,development,2019-01-28,2019-02-08,-0.014204934072988137,-0.01323307203985391,-1418.1303011006828,99833.641875,451
COALINDIA.NS,development,2019-07-08,2019-07-19,-0.08310835678817914,-0.08215693517177441,-8309.968631927135,99989.56727188111,414
COALINDIA.NS,development,2019-08-22,2019-09-05,0.03389680770348389,0.034882325312939784,3385.542444683101,99877.91399999999,531
COALINDIA.NS,development,2019-10-09,2019-10-23,0.127163685453416,0.12817616951299335,12696.263667680749,99841.89764877319,540
COALINDIA.NS,development,2019-12-09,2019-12-20,0.043549065114346246,0.04453741474131434,4348.97971937284,99863.90541229249,520
COALINDIA.NS,development,2020-02-18,2020-03-03,0.05750168487139192,0.05849389693927347,5744.494757211608,99901.32932730103,594
COALINDIA.NS,development,2020-05-08,2020-05-21,-0.0652146160858959,-0.06425790276989599,-6518.406707643913,99953.15619213867,752
COALINDIA.NS,development,2020-09-14,2020-09-25,-0.07298270374401328,-0.07202828367049036,-7295.9319355906655,99967.959,793
COALINDIA.NS,development,2021-03-26,2021-04-12,-0.03649522045120221,-0.03553032885807339,-3648.55004698332,99973.36642648315,774
COALINDIA.NS,development,2021-08-18,2021-09-01,0.03300980398062481,0.03399500932689098,3297.42098803528,99892.17112500001,717
COALINDIA.NS,development,2021-10-29,2021-11-12,0.009322731991980422,0.010301194562076198,931.1070419599954,99874.9125,605
COALINDIA.NS,development,2021-11-18,2021-12-02,0.01831532282118264,0.019296182965906676,1830.1025505475523,99921.93795410157,640
COALINDIA.NS,validation,2022-11-16,2022-11-29,-0.028782344518244192,-0.027815036066363704,-2876.0394962320374,99923.73951361084,428
COALINDIA.NS,validation,2024-03-14,2024-03-28,0.03349909100644991,0.034484920063624816,3342.266651521871,99771.861,238
COALINDIA.NS,out_of_sample,2024-09-10,2024-09-23,0.024770498573278493,0.025753116926193337,2475.7232917631636,99946.44574630739,205
COALINDIA.NS,out_of_sample,2024-10-29,2024-11-11,-0.05337335230856222,-0.0524134010613492,-5337.067042995079,99994.97524795533,225
COALINDIA.NS,out_of_sample,2026-07-29,2026-08-11,-0.0035629128018757413,-0.002587029257551143,-354.84765768791044,99594.81958163454,241
COFORGE.NS,development,2022-01-24,2022-02-07,-0.10635565164694813,-0.10541051636516471,-10623.857534561517,99889.92,96
COFORGE.NS,development,2022-04-13,2022-04-28,-0.024620155669054646,-0.023651442297933426,-2458.8610892077945,99871.87417739868,119
COFORGE.NS,development,2022-05-11,2022-05-24,0.004030865137641328,0.005008589961164653,401.7958912100371,99679.815,135
COFORGE.NS,development,2022-05-26,2022-06-08,-4.3167545385051955e-05,0.0009326457041166895,-4.310879737751108,99863.907,143
COFORGE.NS,development,2022-06-15,2022-06-28,0.1292024540119882,0.13021606735782723,12882.363957374519,99706.80553930665,151
COFORGE.NS,validation,2022-09-19,2022-09-30,0.022777302482562246,0.023760210680128867,2271.6131518396455,99731.43894360351,152
COFORGE.NS,validation,2023-03-22,2023-04-06,0.06126575722621243,0.06226142183126352,6084.524867365401,99313.632,132
COFORGE.NS,validation,2024-03-11,2024-03-22,-0.12008474055334188,-0.11914106679803509,-11921.245940813127,99273.612,79
COFORGE.NS,validation,2024-04-18,2024-05-02,-0.048740077299236004,-0.0477763242584319,-4843.869969865719,99381.66367950439,95
COFORGE.NS,validation,2024-05-06,2024-05-17,0.035475631228408744,0.03646139431574832,3545.077700117012,99929.93999999999,110
COFORGE.NS,out_of_sample,2025-04-07,2025-04-23,0.23425429329732037,0.23530002729986335,23246.12933673507,99234.59250000001,83
COFORGE.NS,out_of_sample,2025-07-25,2025-08-07,0.014863712867845845,0.01584782272168483,1469.640877376948,98874.4125,59
COFORGE.NS,out_of_sample,2025-09-25,2025-10-09,0.05672190147834835,0.05771712243286188,5621.2158131050355,99101.32888000489,61
COFORGE.NS,out_of_sample,2025-12-26,2026-01-08,-0.05037043158245434,-0.04940419963428686,-4969.511772474996,98659.30500000001,57
COFORGE.NS,out_of_sample,2026-02-10,2026-02-23,-0.17641001972188156,-0.175485287465172,-17632.878643600005,99953.952,64
COLPAL.NS,development,2017-01-30,2017-02-10,0.027947943596122213,0.028933381272061933,2780.0646815815494,99472.9602204895,115
COLPAL.NS,development,2017-08-03,2017-08-17,0.01751171787807323,0.018492918692149238,1747.309796539128,99779.46245507812,96
COLPAL.NS,development,2018-06-22,2018-07-05,-0.027908768339622785,-0.02693799245294431,-2766.527522027923,99127.539,84
COLPAL.NS,development,2018-07-18,2018-07-31,0.010995596885034879,0.011976091600217512,1093.9488553249923,99489.72,88
COLPAL.NS,development,2019-04-08,2019-04-23,-0.01626554999769552,-0.015292680652911613,-1617.392509729775,99436.6935,81
COLPAL.NS,development,2019-05-06,2019-05-17,-0.019611280238668035,-0.018636981366772564,-1938.558338835137,98849.1477987671,85
COLPAL.NS,development,2020-08-31,2020-09-11,0.017985879740156283,0.018971397299572236,1776.1056613781282,98750.00205926514,71
COLPAL.NS,development,2021-10-20,2021-11-02,-0.06957870373682373,-0.06862307247776671,-6951.60710785633,99909.98300500489,61
COLPAL.NS,validation,2023-01-25,2023-02-08,-0.0011064525560830823,-0.00012768341104183427,-109.60242850001015,99057.504,68
COLPAL.NS,out_of_sample,2024-10-28,2024-11-08,-0.07981122011192211,-0.07885742140452712,-7951.894503897464,99633.792,32
COLPAL.NS,out_of_sample,2025-02-14,2025-02-28,-0.011068660665425277,-0.010094511248561668,-1101.2179503781745,99489.72,40
COLPAL.NS,out_of_sample,2025-05-23,2025-06-05,-0.01608173574054876,-0.015109205884424168,-1600.675398962649,99533.74590820313,40
COLPAL.NS,out_of_sample,2026-08-19,2026-09-01,-0.026162037697795796,-0.02519068613761535,-2592.907260070823,99109.53,52
CONCOR.NS,development,2016-11-24,2016-12-07,-0.021135933425378894,-0.02016609776641921,-2110.2516953145637,99841.89734344483,275
CONCOR.NS,development,2018-06-18,2018-06-29,0.031878792563345526,0.03286352478798951,3185.617776181304,99929.06004364014,198
CONCOR.NS,development,2019-02-18,2019-03-01,-0.030574249079747595,-0.029607464758295794,-3055.160517939415,99925.938,203
CONCOR.NS,development,2019-05-09,2019-05-22,0.02091931771850815,0.02190065368520251,2091.7250636064628,99990.11878651429,211
CONCOR.NS,development,2019-08-08,2019-08-23,0.013642731573415985,0.014622376311844048,1362.771365449997,99889.92,208
CONCOR.NS,development,2019-11-25,2019-12-06,0.0071130151478798745,0.008091332449307822,709.5435437637117,99752.8515,179
CONCOR.NS,development,2020-02-28,2020-03-13,-0.23422764323625822,-0.23331872610301993,-23364.57094653167,99751.55205299378,197
CONCOR.NS,development,2020-03-19,2020-04-01,0.09218361258675004,0.09318616553792079,9200.83531025001,99809.87999999999,344
CONCOR.NS,development,2020-08-11,2020-08-24,0.005598055081806681,0.006575900503119116,558.4723649512663,99761.856,256
CONCOR.NS,development,2020-10-05,2020-10-16,0.03974840924963515,0.04073643000890336,3961.8753349204453,99673.80858032226,280
CONCOR.NS,development,2020-12-22,2021-01-05,0.08428096146648519,0.08528147495577942,8407.181910341571,99751.851,261
CONCOR.NS,development,2021-07-28,2021-08-10,0.02462615663708912,0.025608667373023555,2461.703331439129,99962.95271392821,155
CONCOR.NS,development,2021-10-18,2021-10-29,-0.04549045510763752,-0.04452550390152702,-4517.958696554932,99316.62995819093,145
CONCOR.NS,validation,2023-01-27,2023-02-09,-0.05537071770909576,-0.054410582753371566,-5526.323096446451,99805.878,153
CONCOR.NS,validation,2023-02-23,2023-03-09,0.009152662352847498,0.010132902273950757,909.9731225088252,99421.686,169
CONCOR.NS,validation,2024-03-14,2024-03-28,0.020266269633817613,0.02125047759346236,2011.0491387622055,99231.3422795105,115
CONCOR.NS,validation,2024-07-22,2024-08-02,0.023473505569997118,0.024457766744468028,2334.339145915251,99445.69799999999,99
CONCOR.NS,validation,2024-08-14,2024-08-28,0.00890019607634044,0.009878060132081973,889.9659572520958,99993.972,104
CONCOR.NS,out_of_sample,2024-09-20,2024-10-04,-0.02996443540435028,-0.028996607871366934,-2987.7487602137476,99709.83,110
CONCOR.NS,out_of_sample,2024-10-29,2024-11-11,0.05207331970924068,0.053063630425519655,5206.61706944735,99986.27125213623,127
CONCOR.NS,out_of_sample,2025-01-02,2025-01-15,-0.03411453850204004,-0.03314816522127535,-3403.7666282194746,99774.66434188843,159
CONCOR.NS,out_of_sample,2025-02-12,2025-02-25,-0.02647160357222189,-0.02550307092062524,-2641.4496455349813,99784.27027770995,180
CONCOR.NS,out_of_sample,2025-03-03,2025-03-17,0.025018752643141934,0.02600220338721153,2495.7910834883123,99756.81518128967,199
CONCOR.NS,out_of_sample,2025-05-12,2025-05-23,0.07319929307097113,0.07419658392970187,7302.415543243909,99760.7386203003,186
CONCOR.NS,out_of_sample,2025-08-08,2025-08-22,-0.013733020614557582,-0.012760875224068827,-1370.5125814242585,99796.8778967285,180
CONCOR.NS,out_of_sample,2026-03-05,2026-03-18,-0.012382897844299011,-0.011409940679399249,-1234.4705705981298,99691.57350082399,215
CONCOR.NS,out_of_sample,2026-05-28,2026-06-10,-0.0591172109836488,-0.058157748348255905,-5894.288915093322,99705.12507302858,211
COROMANDEL.NS,validation,2022-11-11,2022-11-24,-0.04158503753847073,-0.04061961556535171,-4136.784470931256,99477.714,106
COROMANDEL.NS,validation,2024-01-10,2024-01-24,-0.01991405043797635,-0.018942691345922115,-1982.4586252491924,99550.74842376709,85
COROMANDEL.NS,validation,2024-01-31,2024-02-13,0.0404692806048341,0.04145925084332835,4016.296730468449,99243.09675,94
COROMANDEL.NS,out_of_sample,2024-10-08,2024-10-21,0.02572396473667203,0.02670678875812595,2571.4590502893034,99963.55836328125,64
CROMPTON.NS,validation,2022-10-31,2022-11-14,0.021292312848384558,0.022274611750199475,2124.4780258402147,99776.76173405457,281
CROMPTON.NS,validation,2023-02-06,2023-02-17,-0.02651799375345276,-0.025549673939951785,-2647.3957980491246,99833.94002815247,327
CROMPTON.NS,validation,2023-04-26,2023-05-10,-0.01759265522713708,-0.01662217929555941,-1758.1455482865024,99936.33852236939,383
CROMPTON.NS,validation,2024-02-07,2024-02-20,-0.010837296949959361,-0.009864232160416951,-1081.2947374097464,99775.31688967896,341
CROMPTON.NS,validation,2024-03-21,2024-04-05,0.04613216275756277,0.047121729453093425,4601.491694327116,99745.848,372
CROMPTON.NS,out_of_sample,2024-09-27,2024-10-11,0.01954808493346242,0.020529157936207215,1953.9738053766105,99957.30078048707,237
CROMPTON.NS,out_of_sample,2025-01-03,2025-01-16,-0.032922812410969865,-0.03195608836652727,-3284.7966688955735,99772.66303656006,268
CROMPTON.NS,out_of_sample,2025-04-07,2025-04-23,0.12451114982970944,0.12552310010626097,12424.328588030203,99784.8675,327
CROMPTON.NS,out_of_sample,2025-05-05,2025-05-16,0.07484103283519783,0.07583861443511372,7469.5749925437485,99805.878,306
CROMPTON.NS,out_of_sample,2025-09-29,2025-10-13,-0.03767809352411636,-0.03671254951574824,-3757.4869125530613,99726.03603598023,338
CROMPTON.NS,out_of_sample,2025-12-04,2025-12-17,-0.025757214501237177,-0.024788515395797597,-2570.4148055219903,99793.97443766784,391
CROMPTON.NS,out_of_sample,2026-01-23,2026-02-06,0.049966367061443855,0.05095633270842992,4992.696204034785,99921.1369098587,429
CROMPTON.NS,out_of_sample,2026-06-09,2026-06-22,0.07104363523953675,0.07203981799604187,7096.0025023386615,99882.31146130372,388
CUB.NS,development,2021-07-29,2021-08-11,0.008469855730199509,0.009447794806526216,846.5139899807027,99944.3221875,885
CUB.NS,development,2021-08-18,2021-09-01,0.08688282409940247,0.08788317576207164,8686.431122177952,99978.6921318283,907
CUB.NS,development,2021-12-22,2022-01-04,0.04852680999153154,0.049516368574578674,4848.770137751752,99919.40823223113,986
CUB.NS,development,2022-03-08,2022-03-22,0.07992267370396802,0.08092101356158186,7990.767778668852,99981.236967453,1202
CUB.NS,validation,2022-12-26,2023-01-06,0.0604435805085142,0.06143657907374438,6039.291858819385,99916.183125,807
CUB.NS,validation,2023-02-14,2023-02-27,-0.0024738844834370677,-0.0014992503748124928,-247.3481657734274,99983.716875,987
CUB.NS,validation,2023-05-30,2023-06-12,-0.02251680767335274,-0.021547871477877553,-2250.9424102510543,99967.208625,1049
CUB.NS,validation,2023-06-26,2023-07-10,0.05981126045328598,0.06080387878399051,5979.074990108727,99965.70787500001,1101
CUB.NS,validation,2024-01-19,2024-02-05,-0.06608721627102654,-0.0651308843749174,-6607.7795994622775,99985.74569041442,918
CUB.NS,validation,2024-02-07,2024-02-20,0.01428701894912337,0.015266620421132669,1427.9439471265575,99946.9485,994
CUB.NS,validation,2024-05-22,2024-06-04,-0.07392166386618415,-0.07296729739562212,-7385.80409685278,99913.932,912
CUB.NS,validation,2024-06-05,2024-06-19,0.13532276401330165,0.13633725142884576,13522.457212419904,99927.43875,965
CUB.NS,validation,2024-07-22,2024-08-02,0.0788188568368619,0.07981699236508459,7878.180124198874,99952.98638376618,863
CUB.NS,out_of_sample,2024-10-07,2024-10-18,-0.031039114976170956,-0.030072686722860495,-3103.3362109003488,99981.46575,838
CUB.NS,out_of_sample,2025-02-19,2025-03-05,-0.027914165176648523,-0.026946863925162663,-2791.0782748129923,99987.88275236893,849
CUMMINSIND.NS,development,2017-03-08,2017-03-22,0.0373737338215165,0.03836028344082383,3732.511433118809,99869.91,115
CUMMINSIND.NS,development,2017-05-23,2017-06-05,0.010205145883570447,0.011185300069643947,1015.5929934723586,99517.734,108
CUMMINSIND.NS,development,2018-02-05,2018-02-19,0.037110234810902136,0.03809648401762701,3708.275022879648,99925.938,123
CUMMINSIND.NS,development,2018-03-28,2018-04-12,0.049332628915857914,0.05032431053536825,4906.115145893395,99449.7,140
CUMMINSIND.NS,development,2018-06-28,2018-07-11,0.015050502714693232,0.016031678817079967,1499.1772642999956,99609.78,152
CUMMINSIND.NS,development,2018-07-17,2018-07-30,0.09179958110841739,0.09280363745606808,9125.766982121819,99409.68000000001,160
CUMMINSIND.NS,development,2019-02-11,2019-02-25,-0.05882711611316547,-0.05786724804407521,-5860.662292075586,99625.18442687987,134
CUMMINSIND.NS,development,2019-04-08,2019-04-23,0.03047944535501392,0.03146414035708213,3043.0067874865613,99837.99744525147,139
CUMMINSIND.NS,development,2019-08-09,2019-08-26,-0.06071718104766796,-0.059758860743472524,-6064.123144382496,99874.9125,165
CUMMINSIND.NS,development,2019-10-27,2019-11-08,0.026577353362029914,0.027561797573258134,2647.672892271859,99621.39029443359,184
CUMMINSIND.NS,development,2020-05-19,2020-06-02,0.17407311707152243,0.17509897906582192,17384.666535352408,99869.91,310
CUMMINSIND.NS,development,2021-05-28,2021-06-10,0.07159761367985025,0.07259625280742017,7110.561528243273,99312.82849786377,127
CUMMINSIND.NS,development,2021-10-04,2021-10-18,-0.011174118416698018,-0.010198886500716323,-1108.64221608041,99215.18411901855,108
CUMMINSIND.NS,development,2022-04-26,2022-05-10,-0.024609038951167627,-0.023638405012740324,-2446.044299106256,99396.17325,99
CUMMINSIND.NS,validation,2023-04-18,2023-05-02,0.06349379601832429,0.06449090659247529,6293.22143454949,99115.53300000001,66
CUMMINSIND.NS,validation,2023-08-08,2023-08-22,-0.006336223044476973,-0.005357121881841435,-624.8103923352822,98609.28,56
CUMMINSIND.NS,validation,2024-07-22,2024-08-02,-0.012092650711992597,-0.011118066479145825,-1200.9166679272214,99309.63,28
CUMMINSIND.NS,out_of_sample,2025-01-14,2025-01-27,-0.03658082275325934,-0.03560682220200135,-3575.510223115123,97742.75027197265,34
CUMMINSIND.NS,out_of_sample,2025-04-08,2025-04-24,0.03370699811346749,0.034695151714306406,3344.124515967592,99211.57929016114,35
CUMMINSIND.NS,out_of_sample,2026-01-07,2026-01-20,-0.028916982833286784,-0.027946697210314474,-2867.8926348660098,99176.75891015623,24
CUMMINSIND.NS,out_of_sample,2026-08-20,2026-09-02,-0.033181575622026054,-0.03221503533947309,-3311.517099381247,99799.875,19
CYIENT.NS,out_of_sample,2026-02-09,2026-02-20,-0.0791892599576455,-0.07823532150716202,-7890.694955033216,99643.49912164308,93
CYIENT.NS,out_of_sample,2026-03-24,2026-04-09,0.0896292186607422,0.09063236749088543,8916.289128043314,99479.715,122
DABUR.NS,development,2017-02-06,2017-02-17,-0.017452876014579392,-0.016482266079522575,-1743.7679662891135,99912.92924057007,370
DABUR.NS,development,2018-02-02,2018-02-16,-0.01753337392129985,-0.01656283927002017,-1752.0388353906255,99925.938,287
DABUR.NS,development,2018-11-02,2018-11-16,0.05615747163280455,0.0571495921599741,5606.0764092495165,99827.79221090699,267
DABUR.NS,development,2019-03-28,2019-04-11,-0.017813479811142372,-0.016842037042882712,-1775.6443720809066,99679.815,243
DABUR.NS,development,2019-05-03,2019-05-16,-0.05758996537800835,-0.05663040894592401,-5746.961328162671,99791.01898118592,261
DABUR.NS,development,2019-10-04,2019-10-18,0.07042462612133732,0.07142173594054035,7014.822979892187,99607.528875,229
DABUR.NS,development,2020-05-08,2020-05-21,-0.017771923056578084,-0.01680067370657431,-1772.4088237338615,99730.8405,223
DABUR.NS,development,2020-09-01,2020-09-14,0.05135786957786552,0.052349700193942826,5113.032973325388,99556.95232983398,208
DABUR.NS,development,2021-02-23,2021-03-08,0.050518838801487234,0.05150885590999006,5049.254324070267,99947.949,199
DABUR.NS,development,2021-10-22,2021-11-04,0.032349392113572364,0.03333603102930942,3218.4062038454704,99488.92370361328,168
DABUR.NS,validation,2023-05-08,2023-05-19,0.019335959876283285,0.02031833612790361,1926.205474388255,99617.784,196
DABUR.NS,out_of_sample,2024-10-04,2024-10-17,-0.02330237106098983,-0.02233160836396545,-2317.588666470969,99457.20375,170
DABUR.NS,out_of_sample,2025-04-04,2025-04-22,0.034940353203788035,0.03592581569257923,3492.8668099088254,99966.55699319458,214
DABUR.NS,out_of_sample,2026-08-05,2026-08-18,-0.023069020647318025,-0.022099387199604144,-2301.2236714375063,99753.852,242
DALBHARAT.NS,development,2023-07-13,2023-07-26,-0.05757083861098836,-0.056609738608956364,-5723.098643649997,99409.68,48
DALBHARAT.NS,validation,2023-10-26,2023-11-08,0.038497478862817576,0.03949211541503457,3771.650497232046,97971.36354492187,48
DALBHARAT.NS,validation,2024-02-13,2024-02-26,0.014699472852126007,0.01567982632606065,1466.846650585882,99789.06491015626,48
DALBHARAT.NS,validation,2024-03-07,2024-03-21,-0.007106125066842361,-0.006126940845117852,-700.2044623651337,98535.34180426024,51
DALBHARAT.NS,validation,2024-04-26,2024-05-10,-0.06247092814287695,-0.06150781796805003,-6157.900665047377,98572.26150000001,54
DALBHARAT.NS,out_of_sample,2025-03-17,2025-03-28,0.1176071605561712,0.11861935720948688,11670.45708717733,99232.53849499513,61
DALBHARAT.NS,out_of_sample,2025-09-29,2025-10-13,0.006402689744475925,0.00738089731400266,638.5360489915688,99729.34414672852,45
DALBHARAT.NS,out_of_sample,2025-10-24,2025-11-07,-0.05224080336005509,-0.05127524248730582,-5155.73456568176,98691.71670556642,46
DALBHARAT.NS,out_of_sample,2026-05-12,2026-05-25,0.025911772857092338,0.026897354717796546,2572.852968751062,99292.81886425782,56
DCBBANK.NS,development,2017-08-10,2017-08-24,0.025254138155521806,0.026236881559220358,2524.1498459374966,99949.95,555
DCBBANK.NS,development,2018-01-19,2018-02-02,-0.10300015477260646,-0.10205404005775806,-10288.306063812946,99886.31654512024,542
DCBBANK.NS,development,2018-02-05,2018-02-19,0.026776348416719723,0.02775971558531748,2675.051742379027,99903.5305616455,616
DCBBANK.NS,development,2018-05-21,2018-06-01,-0.0008236747379544639,0.00015209076162049724,-82.21911485361582,99819.88164138795,550
DCBBANK.NS,development,2018-06-05,2018-06-18,0.035974951565424525,0.03696110152084025,3592.791844160027,99869.26146727752,587
DCBBANK.NS,development,2018-06-29,2018-07-12,0.12237924435383976,0.12339026215409185,12221.330926899125,99864.40912776947,615
DCBBANK.NS,development,2018-09-26,2018-10-10,-0.013609242335212796,-0.012637362547791646,-1359.1809848455348,99871.90700019836,655
DCBBANK.NS,development,2018-12-11,2018-12-24,0.092324811891133,0.09332671025679722,9230.93647346354,99983.26868348694,666
DCBBANK.NS,development,2019-04-16,2019-05-03,0.11427423903405694,0.11528292799608578,11411.871797958764,99863.90541229249,520
DCBBANK.NS,development,2019-07-18,2019-07-31,-0.027852367950527243,-0.02688489226171041,-2783.8094291848547,99948.75244107054,498
DCBBANK.NS,development,2019-10-03,2019-10-17,-0.03703275046690937,-0.036067851560238534,-3700.7916859937513,99932.9415,532
DCBBANK.NS,development,2019-12-20,2020-01-03,0.08821832909496251,0.08921926767820254,8815.48479553245,99928.04087281036,597
DCBBANK.NS,development,2020-02-18,2020-03-03,-0.059937852407196,-0.0589796908744082,-5992.0146915439545,99970.46025,593
DCBBANK.NS,development,2020-03-23,2020-04-07,-0.22857311497544558,-0.22766340636425497,-22848.06713985813,99959.55623351669,939
DCBBANK.NS,development,2020-05-05,2020-05-18,-0.11983231731041229,-0.1188913974029242,-11980.201212111926,99974.71033693313,1335
DEEPAKNTR.NS,development,2021-11-23,2021-12-06,0.05530556322859413,0.056304985130731976,5419.003176743752,97982.967,46
DEEPAKNTR.NS,development,2022-01-27,2022-02-09,0.03844204858053637,0.03942923483102094,3836.049938826948,99787.86460327149,45
DEEPAKNTR.NS,development,2022-02-25,2022-03-11,0.05486416430235411,0.055859463560166016,5428.874942721245,98951.200875,51
DEEPAKNTR.NS,development,2022-05-11,2022-05-24,0.005449952339918878,0.006431093060817954,539.209807110709,98938.4445,51
DEEPAKNTR.NS,development,2022-06-09,2022-06-22,0.01707707152652895,0.018058983807468013,1700.394084619446,99571.761,57
DEEPAKNTR.NS,validation,2022-11-11,2022-11-24,0.0005895700728353947,0.0015704736862756652,58.16421417530793,98655.303,47
DEEPAKNTR.NS,validation,2023-07-12,2023-07-25,0.03243383638013371,0.03342252874096524,3210.6082733361545,98989.47,51
DEEPAKNTR.NS,validation,2024-01-29,2024-02-09,-0.011965018710188121,-0.010986883113169773,-1177.9656221671078,98450.79650097656,44
DEEPAKNTR.NS,validation,2024-03-14,2024-03-28,0.0337789365515518,0.034770035752479535,3327.131479999986,98497.22400000002,48
DEEPAKNTR.NS,validation,2024-05-29,2024-06-11,0.01236913210156195,0.013355398282986928,1214.366956240333,98177.21617565917,43
DEEPAKNTR.NS,out_of_sample,2024-11-14,2024-11-29,0.10912088170779055,0.1101350058765969,10712.294383624994,98169.06000000001,40
DEEPAKNTR.NS,out_of_sample,2025-01-01,2025-01-14,-0.06603011464296661,-0.06506376909201644,-6441.15514577809,97548.75,39
DEEPAKNTR.NS,out_of_sample,2025-01-28,2025-02-07,0.05071687599245234,0.0517138389679278,4983.293358945492,98257.10399999999,44
DEEPAKNTR.NS,out_of_sample,2025-02-17,2025-03-03,-0.020794400107260427,-0.019817437840121042,-2040.368081522904,98121.036,52
DEEPAKNTR.NS,out_of_sample,2025-04-09,2025-04-25,0.07045859222445652,0.07145920886051124,6957.634443347855,98747.84925,54
DELHIVERY.NS,validation,2025-09-30,2025-10-14,0.06411130390495565,0.06510530211578772,6406.638752543983,99929.94,227
DELHIVERY.NS,out_of_sample,2025-11-07,2025-11-20,-0.022903161692307734,-0.021933029868988523,-2282.114424533398,99641.89465159607,229
DELTACORP.NS,development,2022-06-17,2022-06-30,0.014294822515353783,0.015274586599279926,1428.15178433749,99906.92663749694,610
DELTACORP.NS,validation,2022-12-26,2023-01-06,0.08225528621087876,0.08325479516441879,8213.758306866193,99856.9050724411,515
DELTACORP.NS,validation,2023-01-31,2023-02-13,0.06994725135413721,0.07094308550170221,6987.074106149178,99890.61715626527,523
DELTACORP.NS,validation,2023-07-13,2023-07-26,0.038155241568637685,0.039142090408414695,3809.85234600629,99851.34910370636,531
DELTACORP.NS,validation,2023-09-26,2023-10-10,0.01830703775648828,0.01928787106173339,1829.386423898033,99928.04123920441,717
DELTACORP.NS,validation,2024-03-13,2024-03-27,-0.1304205636329666,-0.12948256190708793,-13034.627849798331,99943.04185404968,769
DELTACORP.NS,validation,2024-06-05,2024-06-19,0.3249580863809178,0.3260270194492597,32479.544485868413,99949.95,900
DISHTV.NS,development,2017-04-25,2017-05-09,0.009207276191069627,0.010185316657064776,920.4694562898413,99971.961,1063
DISHTV.NS,development,2017-05-26,2017-06-08,0.026741912932788298,0.027725180389720154,2672.2107337232014,99925.938,1218
DISHTV.NS,development,2017-06-23,2017-07-07,0.027381438426223776,0.028364821248012862,2736.5844295383845,99943.04853310775,1299
DISHTV.NS,development,2017-08-10,2017-08-24,0.07676027267964652,0.07775767936121478,7675.042008394867,99987.16445974732,1356
DISHTV.NS,development,2017-09-25,2017-10-09,-0.05862775759663482,-0.05766904540446756,-5858.49843010647,99927.04258644104,1322
DISHTV.NS,development,2018-01-17,2018-01-31,0.034700812684665454,0.035686252753539774,3468.518083607133,99954.9525,1378
DISHTV.NS,development,2018-03-12,2018-03-23,0.052315373409200554,0.05330570089922012,5231.509862270172,99999.47475,1503
DISHTV.NS,development,2018-05-15,2018-05-28,0.05894373898443441,0.05993617455758534,5891.370434117127,99949.04523571015,1413
DISHTV.NS,development,2018-07-18,2018-07-31,-0.04109090129821556,-0.04012740380689987,-4108.739655251658,99991.47075,1459
DISHTV.NS,development,2018-09-24,2018-10-08,-0.15991840581028294,-0.15898899495511382,-15987.036827428255,99969.96122131347,1600
DISHTV.NS,development,2018-10-22,2018-11-02,-0.08228836794947084,-0.08133672775801375,-8228.332795420461,99993.87520327378,2131
DISHTV.NS,development,2018-12-10,2018-12-21,0.171457248110638,0.17248194084775792,17141.260407237496,99973.962,3028
DISHTV.NS,development,2019-01-18,2019-01-31,-0.32618036683756985,-0.3252987900646321,-32609.869942822286,99974.9625,2855
DISHTV.NS,development,2019-03-26,2019-04-09,0.08202348959699958,0.08302235944325527,8202.33013708008,99999.77052159118,2868
DISHTV.NS,development,2019-05-08,2019-05-21,-0.08060875794393112,-0.07965662269166982,-8060.139676240613,99990.8680127163,3193
DISHTV.NS,development,2019-08-06,2019-08-21,-0.0002356264871433067,0.0007395918620835566,-23.56231197552158,99998.57087879562,4482
DISHTV.NS,development,2019-09-04,2019-09-18,0.03111992401560046,0.03210417809492911,3111.80469651776,99993.96833224298,4805
DISHTV.NS,development,2019-09-20,2019-10-04,-0.14971041544048563,-0.14877814903430855,-14969.539948581694,99989.97,4997
DISHTV.NS,development,2019-10-24,2019-11-06,0.07372565553570583,0.07472217867473084,7371.818923659806,99989.87286168768,7629
DISHTV.NS,development,2020-02-28,2020-03-13,-0.4017593011377562,-0.40089953964439284,-40173.91026888915,99994.9725,11105
DISHTV.NS,development,2020-06-01,2020-06-12,0.4910251521698573,0.492141655019187,49101.02702480582,99996.96921395302,22460
DIVISLAB.NS,development,2016-12-26,2017-01-06,-0.13470975529205273,-0.13377120335167897,-13403.58360637654,99499.72499999999,117
DIVISLAB.NS,development,2017-01-24,2017-02-07,0.06837168014856261,0.0693668033757408,6834.088041594769,99954.9525,145
DIVISLAB.NS,development,2017-03-22,2017-04-05,0.01644341889241847,0.017423949315664822,1642.202764878132,99869.90999999999,161
DIVISLAB.NS,development,2017-05-19,2017-06-01,-0.02516112731823517,-0.024192449229930437,-2512.1346569499947,99841.896,162
DIVISLAB.NS,development,2018-02-01,2018-02-15,-0.004280936077642578,-0.0033060844717151387,-427.23688543171966,99799.87500000001,95
DIVISLAB.NS,development,2018-05-29,2018-06-11,-0.062455746068659675,-0.06149539803576062,-6198.651437913457,99248.69732720948,91
DIVISLAB.NS,development,2018-12-03,2018-12-14,0.044258590903054416,0.04524748607141081,4416.0717933266815,99778.86108032227,70
DIVISLAB.NS,development,2020-07-02,2020-07-15,0.057081220858254414,0.05807798423611847,5636.733456959066,98749.35,47
DIVISLAB.NS,development,2021-01-19,2021-02-02,-0.010136374843460751,-0.009149927955878373,-979.1766075177653,96600.276,27
DIVISLAB.NS,development,2021-09-29,2021-10-12,0.08857568141111201,0.08959385465784674,8488.020654939088,95827.89000000001,20
DIVISLAB.NS,development,2022-01-21,2022-02-04,-0.007964250477426615,-0.006989656283309387,-793.2446912098808,99600.6709555664,23
DIVISLAB.NS,development,2022-05-24,2022-06-06,-0.10357481134077816,-0.10261863099230913,-10088.049387966767,97398.675,25
DIVISLAB.NS,development,2022-08-23,2022-09-06,0.004110954381085281,0.0050882756263642215,410.21515122499756,99785.868,28
DIVISLAB.NS,validation,2022-11-10,2022-11-23,-0.0021147012877172746,-0.001136036386292493,-209.38076424881365,99011.98125,30
DIVISLAB.NS,validation,2023-02-06,2023-02-17,0.004553367000633345,0.005536466207926919,448.0475563345456,98399.175,35
DIVISLAB.NS,validation,2024-03-04,2024-03-18,-0.004808871350908216,-0.003828730652001305,-473.498826349076,98463.6085678711,28
DIVISLAB.NS,out_of_sample,2025-01-29,2025-02-10,0.10240318167451538,0.10342121454725567,9910.802000009566,96782.16865869141,18
DIVISLAB.NS,out_of_sample,2025-08-07,2025-08-21,-0.02228208270051967,-0.021306907521848842,-2193.653216200001,98449.2,16
DIVISLAB.NS,out_of_sample,2025-09-29,2025-10-13,0.144007956552558,0.1450360179364577,14002.987284031253,97237.5945,17
DIVISLAB.NS,out_of_sample,2025-12-09,2025-12-22,0.02775095690123038,0.028755954301330433,2632.106109593758,94847.4,15
DIXON.NS,development,2022-12-12,2022-12-23,-0.09259418207296373,-0.09163793469565759,-9086.919320238454,98137.04400000001,24
DIXON.NS,development,2022-12-26,2023-01-06,0.019113285272810036,0.020105587507912505,1857.8147371867772,97200.17834033203,26
DIXON.NS,development,2023-01-17,2023-01-31,-0.24617360481362188,-0.24526663915077013,-24465.6841508574,99383.86436425781,28
DIXON.NS,validation,2023-07-24,2023-08-04,0.1150485943330293,0.11606031124873407,11409.31847862501,99169.56,24
DIXON.NS,validation,2024-01-23,2024-02-06,0.05276481645289725,0.05377000229442258,5089.113638198917,96448.9972734375,16
DIXON.NS,validation,2024-07-24,2024-08-06,0.01869311677263901,0.019682066083364678,1831.3535926070756,97969.4084663086,9
DIXON.NS,out_of_sample,2025-01-22,2025-02-03,-0.04939209440683338,-0.0483926299853774,-4506.811289408156,91245.6,6
DIXON.NS,out_of_sample,2025-02-17,2025-03-03,0.011090642108275185,0.012081100386176132,1076.8006741625165,97090.9225678711,7
DIXON.NS,out_of_sample,2025-03-11,2025-03-25,0.05149943186146798,0.052531421374956616,4661.776729953085,90520.93511425782,7
DIXON.NS,out_of_sample,2025-05-23,2025-06-05,-0.04016382687530933,-0.039163718730025936,-3681.6497232249985,91665.81,6
DIXON.NS,out_of_sample,2025-06-20,2025-07-03,0.07409547087604153,0.07510002141786246,7264.986823924996,98049.0,7
DIXON.NS,out_of_sample,2025-10-01,2025-10-15,0.020217717351141182,0.021205015634099596,1990.903566875004,98473.212,6
DIXON.NS,out_of_sample,2025-12-04,2025-12-17,-0.05962152222463243,-0.05865774499114081,-5879.235379075002,98609.28,7
DIXON.NS,out_of_sample,2025-12-30,2026-01-12,-0.005687423811242617,-0.004693107991458906,-540.8030254000086,95087.52,8
DLF.NS,development,2016-11-10,2016-11-24,-0.0638006945910818,-0.0628433735800338,-6373.879132520997,99902.97399382784,829
DLF.NS,development,2017-05-30,2017-06-12,0.04800720715002224,0.048996393788317716,4799.518734553206,99974.96250000001,571
DLF.NS,development,2017-08-09,2017-08-23,0.0509713941206654,0.051961537368958366,5094.537296910982,99948.94949999999,566
DLF.NS,development,2017-09-25,2017-10-09,0.000708618149820229,0.0016843928685282598,70.81039676329925,99927.43875,579
DLF.NS,development,2018-02-05,2018-02-19,0.020378492609505514,0.021360199660210057,2034.9698127399101,99858.70160929872,457
DLF.NS,development,2018-05-16,2018-05-29,0.014595655033944588,0.015575468529893404,1458.3421412009354,99916.183125,495
DLF.NS,development,2018-06-28,2018-07-11,0.006705589563355586,0.007682968667868398,670.2736693944839,99957.45535297394,525
DLF.NS,development,2018-07-19,2018-08-01,0.12208490075013105,0.12309559563249797,12199.191283466098,99923.83340208435,581
DLF.NS,development,2018-09-25,2018-10-09,-0.16839162250032286,-0.16746409567588058,-16810.888355264815,99832.0944097595,542
DLF.NS,development,2019-01-28,2019-02-08,0.027160208499015646,0.02814374062968509,2713.0310541499935,99889.92000000001,624
DLF.NS,development,2019-04-12,2019-04-30,-0.030280310994008262,-0.029313407653058534,-3025.527886168741,99917.33198405457,562
DLF.NS,development,2019-08-23,2019-09-06,0.0874710253174047,0.08847166522745697,8742.637092162504,99948.9495,706
DLF.NS,development,2019-10-03,2019-10-17,0.12226000856322777,0.1232705854881666,12221.826136837371,99965.85376089478,686
DLF.NS,development,2020-03-11,2020-03-24,-0.3394086658146879,-0.33853090449894074,-33933.320592231656,99977.7672463989,548
DLF.NS,development,2021-04-13,2021-04-28,0.006761363544563237,0.007738639725849176,676.0496132942042,99987.17105484007,402
DLF.NS,development,2021-08-23,2021-09-03,0.09229082938723181,0.09329317141713515,9217.095112904663,99870.10815811157,318
DLF.NS,development,2022-02-15,2022-02-28,-0.02268931294828066,-0.021720285108842167,-2267.3870828781187,99931.94099999999,279
DLF.NS,development,2022-05-09,2022-05-20,0.004652175055869255,0.005629666227027136,464.2047939509305,99782.31437471008,303
DLF.NS,validation,2024-06-05,2024-06-19,0.1038975278222302,0.10490467482497591,10338.399143351271,99505.728,128
DLF.NS,validation,2024-07-24,2024-08-06,0.023351950583966732,0.02433697175765152,2317.6717546784644,99249.59999999999,124
DLF.NS,out_of_sample,2024-10-28,2024-11-08,-0.012534209170603605,-0.011559711328214976,-1244.642270312499,99299.625,125
DLF.NS,out_of_sample,2025-01-13,2025-01-24,-0.06662706501333657,-0.06566938603376636,-6636.840608781245,99611.781,134
DLF.NS,out_of_sample,2025-02-13,2025-02-27,-0.06043609656697068,-0.059476677512199316,-6020.751878870088,99621.78600000001,146
DLF.NS,out_of_sample,2025-04-08,2025-04-24,0.09307784574218128,0.09408223730043644,9253.58367351336,99417.68204589843,160
DLF.NS,out_of_sample,2025-11-24,2025-12-05,-0.010182728597500605,-0.009208053033728285,-1012.3936895974172,99422.63312860107,137
DLF.NS,out_of_sample,2026-01-21,2026-02-04,0.07032141484175249,0.07131820367921976,7009.625621964143,99679.815,162
DLF.NS,out_of_sample,2026-03-05,2026-03-18,-0.017061816153018793,-0.01608935912878567,-1697.3439063407636,99482.01827508544,174
DMART.NS,out_of_sample,2025-10-07,2025-10-20,-0.011660734610301763,-0.010685965271637047,-1157.8482412025983,99294.62250000001,23
DMART.NS,out_of_sample,2025-11-10,2025-11-21,0.004230328161046156,0.005222145845551364,407.43192424999467,96312.13200000001,24
DMART.NS,out_of_sample,2025-12-04,2025-12-17,-0.02395169759949859,-0.022974331443970816,-2342.628836374556,97806.37997131348,25
DMART.NS,out_of_sample,2026-01-06,2026-01-19,0.031981294586363965,0.0329724594502263,3145.557119465133,98356.1535,27
DRREDDY.NS,development,2017-03-10,2017-03-24,-0.032157156637670214,-0.03119007049328679,-3207.270202492459,99737.36915332031,184
DRREDDY.NS,development,2017-05-26,2017-06-08,0.05192701710994381,0.05291904047976016,5169.321571540629,99549.75,199
DRREDDY.NS,development,2017-07-31,2017-08-11,-0.17724501789614946,-0.17631878083624944,-17639.44836535238,99520.13644573974,204
DRREDDY.NS,development,2018-01-31,2018-02-14,-0.05023136398530211,-0.04926878503019961,-5001.333948429282,99565.95942512513,217
DRREDDY.NS,development,2018-05-11,2018-05-24,-0.017695639974381352,-0.016724743860464485,-1766.4529303553554,99824.19019107058,249
DRREDDY.NS,development,2018-07-17,2018-07-30,0.0010141017381244696,0.001990661074717216,101.16055469781111,99753.852,242
DRREDDY.NS,development,2019-05-21,2019-06-03,0.04758946295466396,0.048579796692518905,4742.737441219887,99659.40245507813,192
DRREDDY.NS,development,2020-07-08,2020-07-21,0.05030167892896182,0.05129280714785241,5012.854285778224,99655.80458770752,130
DRREDDY.NS,development,2020-09-01,2020-09-14,0.019261553460435378,0.020242398317772983,1926.034160834876,99993.70844055175,117
DRREDDY.NS,development,2020-11-03,2020-11-14,0.0018576227520423233,0.002833515136521545,185.7261752001351,99980.56655795287,103
DRREDDY.NS,development,2021-01-19,2021-02-02,-0.12126762294990448,-0.12032631336931128,-12099.43584958988,99774.66000622559,98
DRREDDY.NS,development,2021-02-03,2021-02-16,0.02317346292164111,0.02415592434356679,2314.357336249103,99871.01815878296,109
DRREDDY.NS,development,2021-07-28,2021-08-10,-0.023014631169833107,-0.022043540648227066,-2287.577296651862,99396.65249340821,102
DRREDDY.NS,development,2021-10-22,2021-11-04,0.021359720586070954,0.022342481270944754,2128.8551812654414,99666.8085,107
DRREDDY.NS,development,2022-01-25,2022-02-08,-0.012173300828991793,-0.01119974059926699,-1211.9364954234861,99556.93303308106,114
DRREDDY.NS,development,2022-03-04,2022-03-17,0.08689244644341919,0.08789481631570402,8643.86193605877,99477.71399999999,134
DRREDDY.NS,development,2022-07-27,2022-08-10,0.00590928793144818,0.006888856000230037,587.1307577625987,99357.27698052979,118
DRREDDY.NS,validation,2023-05-12,2023-05-25,-0.011482232569338831,-0.010506740472195584,-1138.2273866255352,99129.44889001465,109
DRREDDY.NS,validation,2023-09-26,2023-10-10,0.0010985444934113152,0.0020765418926176017,109.19914705810245,99403.48134558105,91
DRREDDY.NS,out_of_sample,2025-01-27,2025-02-06,0.007510088683020488,0.008490649934738593,745.195985901264,99225.99017852783,81
DRREDDY.NS,out_of_sample,2025-02-20,2025-03-06,-0.023393519844676504,-0.022421056015271244,-2316.7068525647046,99031.99124999999,85
DRREDDY.NS,out_of_sample,2025-10-31,2025-11-14,0.03363562618256909,0.03462115096298002,3358.7663040968723,99857.40375,83
EICHERMOT.NS,development,2016-11-11,2016-11-25,-0.1190612902447255,-0.11811417658910339,-11728.111497684155,98504.82447802734,43
EICHERMOT.NS,development,2017-12-07,2017-12-20,0.06001027075856651,0.06100506559389036,5967.372898353432,99439.19304016113,35
EICHERMOT.NS,development,2018-01-25,2018-02-08,0.061479460246930046,0.062480174546423746,6031.075107750096,98099.025,37
EICHERMOT.NS,development,2018-09-26,2018-10-10,-0.13024497950309452,-0.12930088809311394,-12823.634461186868,98457.8024436035,38
EICHERMOT.NS,development,2019-01-03,2019-01-16,-0.01691517512727975,-0.015940462140120334,-1673.5441919054333,98937.444,47
EICHERMOT.NS,development,2019-01-30,2019-02-12,0.11569415140122757,0.11670950239166135,11376.106410312503,98329.14,52
EICHERMOT.NS,development,2019-06-25,2019-07-08,-0.006011808720990518,-0.005035730741996974,-597.4086077588803,99372.52422436522,52
EICHERMOT.NS,development,2019-07-22,2019-08-02,-0.0486563020280611,-0.04769223286805113,-4832.039351574997,99309.63,56
EICHERMOT.NS,development,2020-01-09,2020-01-22,0.040040050560002836,0.041030008339560234,3972.605067521123,99215.78549377441,49
EICHERMOT.NS,development,2020-02-26,2020-03-11,0.016056287601582623,0.017038597950715398,1596.0058336195875,99400.6755,57
EICHERMOT.NS,development,2020-05-19,2020-06-02,0.3049639341486056,0.3060277192230953,30435.36250753907,99799.875,75
EICHERMOT.NS,development,2020-10-27,2020-11-09,0.034266792485026204,0.035254121194057186,3407.9936522275166,99454.7025,47
EICHERMOT.NS,development,2020-12-15,2020-12-29,0.018121139773547963,0.0191061135241968,1792.0398028018624,98892.2234029541,41
EICHERMOT.NS,development,2021-02-22,2021-03-05,-0.0018438013430998545,-0.0008622182937514264,-181.28428051290737,98320.93961279298,38
EICHERMOT.NS,development,2021-07-23,2021-08-05,0.0621717671268819,0.06317495566611059,6065.157490506334,97554.85119360352,38
EICHERMOT.NS,development,2021-10-20,2021-11-02,-0.06246947123139313,-0.06150159625521688,-6086.31874706732,97428.69,36
EICHERMOT.NS,validation,2022-11-21,2022-12-02,-0.019733362280217517,-0.01875713605545905,-1941.2144603722932,98372.21010827637,29
EICHERMOT.NS,validation,2023-07-05,2023-07-18,-0.02049141079116807,-0.019517829304839647,-2027.8844784065657,98962.65801672362,29
EICHERMOT.NS,validation,2024-01-03,2024-01-16,-0.028567429107355973,-0.027589683214764772,-2782.4655052437183,97399.92684631348,25
ENGINERSIN.NS,development,2017-05-23,2017-06-05,-0.015804485227871444,-0.014833228743317049,-1578.3925173038506,99869.91,620
ENGINERSIN.NS,development,2018-01-19,2018-02-02,-0.0755277527072928,-0.0745739202879683,-7547.634927407774,99931.94099999999,558
ENGINERSIN.NS,development,2018-05-16,2018-05-29,-0.08304565206513409,-0.08209418900961357,-8303.213134934433,99983.71893596649,675
ENGINERSIN.NS,development,2018-10-08,2018-10-22,0.07199035521081498,0.07298660445653796,7194.25858838386,99933.6448238983,974
ENGINERSIN.NS,development,2018-12-11,2018-12-24,0.1586023498930515,0.1596235122821577,15849.511632715172,99932.38841292573,921
ENGINERSIN.NS,development,2019-01-22,2019-02-04,-0.022704963897417,-0.02173620854459494,-2270.4707744116977,99998.87181806947,862
ENGINERSIN.NS,development,2019-07-31,2019-08-14,0.09575454236691552,0.09675747232766596,9572.769375078125,99971.961,1063
ENGINERSIN.NS,development,2019-12-31,2020-01-13,0.024777441349165163,0.025760091740567467,2476.2313740507643,99938.94604190828,1010
ENGINERSIN.NS,development,2020-02-17,2020-03-02,-0.14946102784903698,-0.14852868213009415,-14944.32011225554,99988.07265898133,1182
ENGINERSIN.NS,development,2020-03-17,2020-03-30,0.03773439173793662,0.03872062410313946,3772.4942981484455,99974.95982837676,1750
ENGINERSIN.NS,development,2020-05-12,2020-05-26,-0.021670438687705657,-0.02070119960631879,-2166.011351337503,99952.35364415358,1601
ESCORTS.NS,development,2017-08-11,2017-08-28,0.08611833122793362,0.08711988469737014,8579.5204484375,99624.78749999999,175
ESCORTS.NS,development,2018-05-21,2018-06-01,0.07293780349618612,0.07393411969463873,7292.683912087556,99984.9675,115
ESCORTS.NS,development,2018-06-28,2018-07-11,0.03028909427581044,0.03127509702754324,3013.7565509422125,99499.72499999999,117
ESCORTS.NS,development,2018-09-04,2018-09-18,-0.08366651877628256,-0.0827129477375019,-8317.7639857568,99415.68153442383,120
ESCORTS.NS,development,2018-09-24,2018-10-08,-0.19214751161345817,-0.19122602693580215,-19144.76935230871,99635.79122909546,145
ESCORTS.NS,development,2018-12-07,2018-12-20,0.08951542402991636,0.0905175974139806,8925.889957412708,99713.42988253785,157
ESCORTS.NS,development,2019-01-30,2019-02-12,-0.058402809106057926,-0.0574430713545855,-5822.048663256253,99687.81899999999,154
ESCORTS.NS,development,2019-02-14,2019-02-27,0.06594431486343258,0.06693856461108381,6594.350535323686,99998.7724336853,161
ESCORTS.NS,development,2019-05-03,2019-05-16,-0.17147846548505427,-0.17055017194778976,-17048.678151216904,99421.686,147
ESCORTS.NS,development,2019-06-19,2019-07-02,0.04179862820576202,0.0427861295182488,4177.770799234504,99949.95,185
ESCORTS.NS,development,2019-07-23,2019-08-05,-0.07256940832873057,-0.07161390129401564,-7237.110582903159,99726.74091705323,202
ESCORTS.NS,development,2019-08-23,2019-09-06,0.12444363745452482,0.12545626909323948,12395.927855104252,99610.78050000001,231
ESCORTS.NS,development,2019-12-05,2019-12-18,-0.007187889608632235,-0.0062129336977224305,-715.6719779724842,99566.35632147217,162
ESCORTS.NS,development,2020-12-14,2020-12-28,-0.0966249509470425,-0.09567273534489931,-9549.771653929822,98833.39199999999,72
ESCORTS.NS,development,2021-04-26,2021-05-07,0.015797031867577912,0.01677936128949189,1569.8704775003268,99377.55969982911,87
ESCORTS.NS,development,2022-03-29,2022-04-11,-0.04201961972005397,-0.041050656940780195,-4142.263227582426,98579.265,59
ESCORTS.NS,development,2022-04-13,2022-04-28,0.04266486975905069,0.043655705252149235,4231.739340697466,99185.568,64
ESCORTS.NS,validation,2022-12-26,2023-01-06,0.07340560054097245,0.07440752892220708,7240.3496924468245,98634.84038122559,49
ESCORTS.NS,validation,2023-02-09,2023-02-22,0.07414909118650288,0.07514997815168888,7336.385102544811,98940.9982664795,51
ESCORTS.NS,validation,2023-12-21,2024-01-04,-0.03576803492816792,-0.03479333393687424,-3492.084861062835,97631.44293713379,33
ESCORTS.NS,validation,2024-03-18,2024-04-02,0.053130431004882156,0.05412884330279327,5210.778249458633,98075.2113413086,36
ESCORTS.NS,validation,2024-07-12,2024-07-26,0.03686952664270196,0.0378563782606482,3678.0526119013266,99758.60681762696,25
ESCORTS.NS,validation,2024-08-06,2024-08-20,-0.008515339602426113,-0.007534835268682787,-835.5117710971806,98118.43215966797,26
ESCORTS.NS,out_of_sample,2024-12-20,2025-01-03,0.025519398232006742,0.026508332691937343,2512.2876691474407,98446.19556884764,30
ESCORTS.NS,out_of_sample,2025-02-12,2025-02-25,-0.06699277326742609,-0.06602669657996052,-6534.934144270046,97546.85207885741,31
ETERNAL.NS,out_of_sample,2025-11-03,2025-11-17,-0.024240414894336523,-0.023271028804595334,-2417.5352341384346,99731.59472213745,315
ETERNAL.NS,out_of_sample,2025-12-08,2025-12-19,-0.019117141250746383,-0.01814667159053923,-1908.437203424848,99828.58725544739,343
ETERNAL.NS,out_of_sample,2026-01-28,2026-02-10,0.18391090294156717,0.18493951385703947,18370.84538196091,99889.92,390
ETERNAL.NS,out_of_sample,2026-02-27,2026-03-13,-0.12568378639121555,-0.12474443529829507,-12561.623058889814,99946.24938963319,406
EXIDEIND.NS,development,2017-06-27,2017-07-10,0.058730410550693196,0.05972302893505604,5866.470409571776,99888.12192123411,462
EXIDEIND.NS,development,2017-08-10,2017-08-24,-0.014404136158308167,-0.013432537152369837,-1438.755951831378,99884.9175,487
EXIDEIND.NS,development,2017-11-09,2017-11-22,0.010502387668754574,0.011481289842139326,1048.6623584863773,99849.9,499
EXIDEIND.NS,development,2018-02-05,2018-02-19,0.011762065984187293,0.012740895031505566,1175.7185576551024,99958.50722447204,483
EXIDEIND.NS,development,2018-11-21,2018-12-05,0.06358352429596233,0.06457800511508953,6343.846547946877,99771.861,419
EXIDEIND.NS,development,2019-01-21,2019-02-01,-0.08198305748493898,-0.08103120772577431,-8195.309719749861,99963.45551342011,405
EXIDEIND.NS,development,2019-04-04,2019-04-18,0.053113844812351096,0.05410501132937961,5303.279396187492,99847.40165061949,475
EXIDEIND.NS,development,2020-03-03,2020-03-17,-0.13739276155971386,-0.13645669637730812,-13729.100057280886,99925.93424446107,615
EXIDEIND.NS,development,2020-09-10,2020-09-23,0.0051920164655673935,0.0061692158803411555,518.6495891809865,99893.671875,639
EXIDEIND.NS,development,2021-03-22,2021-04-06,-0.029453031287549388,-0.028485709113006692,-2941.539312185533,99872.20953481292,529
EXIDEIND.NS,development,2021-04-20,2021-05-04,0.03668826092682775,0.03767440801171733,3665.932823148238,99921.13909295654,572
EXIDEIND.NS,development,2021-08-04,2021-08-17,-0.06360700834170205,-0.06264949340169468,-6352.336881165093,99868.50579483033,574
EXIDEIND.NS,development,2022-02-25,2022-03-11,0.057804330638374146,0.0587966911520169,5773.844170305427,99886.01384257508,689
EXIDEIND.NS,validation,2024-03-14,2024-03-28,0.022212377701897257,0.023194409890494046,2219.219413694011,99909.13370361328,336
EXIDEIND.NS,validation,2024-07-22,2024-08-02,-0.05656086554990553,-0.05560016256293392,-5632.317699656189,99579.765,185
EXIDEIND.NS,validation,2024-08-05,2024-08-19,0.011682612095927308,0.012663183091768941,1162.6504598944803,99519.735,203
EXIDEIND.NS,out_of_sample,2025-01-14,2025-01-27,-0.0574035876705392,-0.056443924776742184,-5727.607363703137,99777.864,271
EXIDEIND.NS,out_of_sample,2025-01-28,2025-02-07,0.06885612806700127,0.06985260894530164,6861.627076168521,99651.65438131713,283
EXIDEIND.NS,out_of_sample,2025-10-28,2025-11-11,-0.012176257318637869,-0.011203649754589895,-1215.1085938500337,99793.27489984133,262
EXIDEIND.NS,out_of_sample,2025-11-25,2025-12-08,0.02571215413689971,0.02669533002093991,2567.999144609372,99874.9125,275
EXIDEIND.NS,out_of_sample,2026-01-22,2026-02-05,0.02477529095223888,0.02575883490711662,2470.4987361840654,99716.23505639649,304
FEDERALBNK.NS,development,2016-12-27,2017-01-09,0.08487973222585268,0.08587949674162222,8486.399834374548,99981.46332263945,1590
FEDERALBNK.NS,development,2017-08-11,2017-08-28,0.06197381167317031,0.06296707495138862,6194.899426028579,99959.955,970
FEDERALBNK.NS,development,2017-12-15,2017-12-29,0.030799589363097225,0.03178410794602698,3077.030742349999,99904.92749999999,951
FEDERALBNK.NS,development,2018-01-19,2018-02-02,-0.08761591321306568,-0.08666546090968198,-8753.524436561129,99907.929,979
FEDERALBNK.NS,development,2018-05-11,2018-05-24,-0.08122197085758531,-0.0802698481386749,-8118.131926117108,99949.95,1110
FEDERALBNK.NS,development,2018-07-16,2018-07-27,0.16133551602831203,0.16235732196345473,16128.382251562141,99967.959,1281
FEDERALBNK.NS,development,2018-08-21,2018-09-04,-0.05932254509323492,-0.058364283106952144,-5931.635874164338,99989.57166860961,1224
FEDERALBNK.NS,development,2018-10-05,2018-10-19,0.19423278424985135,0.19526415504531588,19412.002434928298,99941.94600000001,1469
FEDERALBNK.NS,development,2019-01-29,2019-02-11,-0.009010074982533253,-0.008037089178102147,-900.3401940799689,99925.938,1189
FEDERALBNK.NS,development,2019-02-15,2019-02-28,0.037776708940149666,0.03876287738842545,3777.4431045008096,99993.97010696412,1240
FEDERALBNK.NS,development,2020-02-18,2020-03-03,-0.0012912015277118459,-0.00031621068801047036,-129.093769143629,99979.56660754395,1184
FEDERALBNK.NS,development,2020-03-12,2020-03-25,-0.4384585675319365,-0.43760914781104326,-43820.40247951416,99941.94600000001,1469
FEDERALBNK.NS,development,2020-05-19,2020-06-02,0.1754255646915524,0.17645129612488777,17542.482540772042,99999.57857691192,2474
FEDERALBNK.NS,development,2020-09-25,2020-10-09,0.1408980206303303,0.14191395951750535,14084.92079943917,99965.35605275346,2158
FEDERALBNK.NS,development,2021-04-13,2021-04-28,0.08617844462799279,0.08717876691929531,8612.281019404818,99935.44274999999,1397
FEDERALBNK.NS,development,2021-08-23,2021-09-03,0.02666636281455138,0.02764951034603166,2665.3149698442676,99950.45025,1241
FEDERALBNK.NS,development,2021-12-22,2022-01-04,0.07142272204070656,0.07241886778456018,7136.468125863127,99918.73625028992,1212
FEDERALBNK.NS,validation,2024-01-18,2024-02-02,0.0006154055045205488,0.0015911041294735036,61.50346655008302,99939.74070478822,687
FEDERALBNK.NS,out_of_sample,2024-12-20,2025-01-03,0.021683972297643867,0.022666093325489786,2165.125043728594,99849.09655892946,498
FEDERALBNK.NS,out_of_sample,2025-02-04,2025-02-17,-0.004449745025456313,-0.0034753960117725247,-444.5875002000776,99913.02819749452,549
FORTIS.NS,development,2017-06-27,2017-07-10,-0.06842893976804376,-0.06747315683475677,-6839.791005121427,99954.65410258484,574
FORTIS.NS,development,2017-11-09,2017-11-22,-0.10164869228673734,-0.10070232006193555,-10156.638750259846,99919.03015937805,719
FORTIS.NS,development,2018-02-05,2018-02-19,0.16842001357215883,0.1694440292061,16829.35932994712,99924.9375,799
FORTIS.NS,development,2018-04-02,2018-04-13,0.20438086612247305,0.20541521005420788,20423.42979686547,99928.28675374604,793
FORTIS.NS,development,2018-06-13,2018-06-26,-0.0409768245420723,-0.04001280718632027,-4092.351779102551,99869.90999999999,713
FORTIS.NS,out_of_sample,2025-11-14,2025-11-27,-0.03179060677275966,-0.03082366647165721,-3172.698582095568,99799.875,105
FORTIS.NS,out_of_sample,2025-12-09,2025-12-22,0.05951544219805196,0.06050827431354366,5945.064298484871,99891.12201672363,116
FORTIS.NS,out_of_sample,2026-08-13,2026-08-26,0.020943704499676162,0.021928391441476472,2076.808287959454,99161.45866131592,111
FSL.NS,validation,2022-10-31,2022-11-14,0.07750013031569566,0.07849792441528236,7745.6377857374455,99943.54530999756,976
FSL.NS,validation,2022-12-26,2023-01-06,0.0332676486775945,0.034252694624554846,3325.1164640843867,99950.45025,1022
GAIL.NS,development,2017-05-24,2017-06-06,0.04168773531027547,0.04267523268803024,4166.396098367786,99942.97045301057,1046
GAIL.NS,development,2018-01-19,2018-02-02,-0.006841877552060326,-0.005868395063144602,-683.8976928288921,99957.60485700988,853
GAIL.NS,development,2018-06-29,2018-07-12,0.10944190365559359,0.11044871413799415,10942.645343757238,99985.8827217865,935
GAIL.NS,development,2019-01-16,2019-01-29,-0.009822931740378328,-0.008850134248622998,-981.4542628752484,99914.59666169358,919
GAIL.NS,development,2019-04-11,2019-04-26,0.04177320286452792,0.04276053342887363,4176.934849504892,99990.77310520933,886
GAIL.NS,development,2019-06-07,2019-06-20,-0.021204319433828632,-0.020234882562328027,-2119.0842045717386,99936.44036464691,945
GAIL.NS,development,2019-07-22,2019-08-02,-0.06855919182207554,-0.06760335589087738,-6851.262105016587,99932.07216906738,1096
GAIL.NS,development,2019-12-09,2019-12-20,0.012355076297005862,0.013334132597878173,1234.820027113051,99944.34655270386,1272
GAIL.NS,development,2020-02-27,2020-03-12,-0.26173216144721284,-0.2608320945385157,-26169.543519031857,99985.96800000001,1388
GAIL.NS,development,2020-03-13,2020-03-26,-0.02776189427319766,-0.02679459762001339,-2776.188733272409,99999.97499999999,1999
GAIL.NS,development,2020-09-11,2020-09-24,-0.08822350399514674,-0.08727355715025854,-8821.512519709308,99990.5027598381,1651
GAIL.NS,development,2020-09-25,2020-10-09,0.02137828805206492,0.022359765420477802,2137.5672960010747,99987.76753289223,1791
GAIL.NS,development,2021-03-25,2021-04-09,0.05655823481092524,0.05754979060507124,5655.67884633834,99997.4427286377,1144
GAIL.NS,development,2021-07-16,2021-07-30,-0.0399932392264627,-0.03902908610887983,-3995.5882490193576,99906.59237163163,1033
GAIL.NS,development,2021-11-17,2021-12-01,-0.10411532005845009,-0.10316979670387912,-10406.727450723341,99953.85352396774,1031
GAIL.NS,development,2022-06-21,2022-07-04,-0.005826365267119701,-0.004852458548794388,-582.1972586502175,99924.60684464264,1118
GAIL.NS,development,2022-08-08,2022-08-23,-0.015138088201344942,-0.014166859373256662,-1512.6675118989167,99924.60684464264,1118
GAIL.NS,out_of_sample,2024-09-12,2024-09-25,0.03133363251357852,0.032317981676038346,3132.9109942896143,99985.56640159606,458
GAIL.NS,out_of_sample,2025-01-14,2025-01-27,-0.03440479507205827,-0.03343933125162829,-3439.8119414849366,99980.59672439576,577
GAIL.NS,out_of_sample,2025-01-28,2025-02-07,0.023266973956020124,0.024249213016916203,2325.1429668808432,99933.19162499999,599
GAIL.NS,out_of_sample,2025-02-12,2025-02-25,0.0015163467784093613,0.002492253972229469,151.56243151459748,99952.35501049804,624
GAIL.NS,out_of_sample,2025-06-20,2025-07-03,0.06728702526578229,0.06828224528428777,6718.811210524464,99852.99816696168,554
GAIL.NS,out_of_sample,2025-08-06,2025-08-20,0.03370519385350704,0.03469049554524061,3367.756357937784,99918.02369020843,581
GAIL.NS,out_of_sample,2025-12-04,2025-12-17,-0.013682844994091782,-0.012711131475357481,-1367.0269404541748,99908.09228961181,584
GLENMARK.NS,development,2017-01-24,2017-02-07,0.09075699297400179,0.09176161741637515,9002.710332791965,99195.77586016846,113
GLENMARK.NS,development,2017-03-10,2017-03-24,-0.008961914488782984,-0.007989184052788489,-896.1302288239157,99993.16886425781,112
GLENMARK.NS,development,2017-03-31,2017-04-17,0.030104025952942936,0.03108826029534766,3008.173030924167,99925.93800000001,116
GLENMARK.NS,development,2017-05-15,2017-05-26,-0.1907663166898566,-0.18984388564564234,-18981.196049903643,99499.725,130
GLENMARK.NS,development,2017-08-11,2017-08-28,0.03648651781830135,0.0374722968227387,3648.599615057582,99998.57024523927,166
GLENMARK.NS,development,2017-09-11,2017-09-22,0.0745284287768817,0.07552548692293531,7446.428364880202,99913.932,171
GLENMARK.NS,development,2017-12-04,2017-12-15,-0.03666445224259052,-0.035698147667446355,-3652.1307653020876,99609.58208615112,179
GLENMARK.NS,development,2018-02-12,2018-02-26,-0.007002974645842701,-0.00602950782909329,-699.9469657032456,99949.95,185
GLENMARK.NS,development,2018-05-08,2018-05-21,-0.050111826747889276,-0.049150879480758365,-5010.203869065638,99980.4675704956,190
GLENMARK.NS,development,2019-02-11,2019-02-25,-0.036616616537410274,-0.03564992747925708,-3644.0027045499965,99517.734,162
GLENMARK.NS,development,2019-05-17,2019-05-30,-0.043837957325797414,-0.04287313470397014,-4360.373462684226,99465.708,172
GLENMARK.NS,development,2019-06-24,2019-07-05,-0.13244511111023788,-0.13150608977294015,-13184.215143078074,99544.7475,201
GLENMARK.NS,development,2019-08-16,2019-08-29,0.005933155670597421,0.006910235118149389,593.1780165584182,99976.81663705445,263
GLENMARK.NS,development,2019-09-30,2019-10-15,-0.1420140636330186,-0.1410794236670726,-14194.298559417028,99949.95,300
GLENMARK.NS,development,2020-01-31,2020-02-13,0.026045549341899097,0.027029361606205112,2597.7920835869263,99740.34525,313
GLENMARK.NS,development,2020-02-26,2020-03-11,-0.13052814745727043,-0.12958977109900305,-13032.17772350146,99841.89600000001,336
GLENMARK.NS,development,2020-03-13,2020-03-26,0.14753381332982407,0.14855167417006385,14747.768556588086,99961.95599999999,552
GLENMARK.NS,development,2021-02-23,2021-03-08,0.03604979288805287,0.0370356529569162,3603.0667932178862,99946.9485,213
GLENMARK.NS,development,2021-07-28,2021-08-10,-0.021025295826325875,-0.020054040508063975,-2091.960709962576,99497.32585180664,168
GLENMARK.NS,development,2021-08-24,2021-09-06,0.014287911701356777,0.01526869508386512,1423.8304286248342,99652.8015,189
GLENMARK.NS,development,2021-09-21,2021-10-04,0.045423293345378465,0.04641265618234379,4530.784913687532,99745.848,201
GLENMARK.NS,development,2022-01-25,2022-02-08,0.026872647312753312,0.027855963587199366,2685.199243024994,99923.13789459228,212
GLENMARK.NS,development,2022-06-21,2022-07-04,0.07882762146865605,0.07982595569833356,7875.196693190609,99904.02534626769,279
GLENMARK.NS,development,2022-07-25,2022-08-05,0.012798415808667994,0.013777804109366415,1278.4762257348855,99893.3184268799,268
GLENMARK.NS,validation,2023-01-31,2023-02-13,0.12453195482872136,0.12554395773738133,12424.959116855496,99773.26007565307,266
GLENMARK.NS,validation,2024-02-15,2024-02-28,0.17904115816370467,0.1800699030443588,17816.158177078803,99508.7295,129
GLENMARK.NS,out_of_sample,2024-11-13,2024-11-28,-0.04764088079469783,-0.046674061188021185,-4702.504094452021,98707.329,63
GLENMARK.NS,out_of_sample,2025-02-17,2025-03-03,-0.007620007650421872,-0.006643079050850986,-754.7579477704612,99049.5,75
GLENMARK.NS,out_of_sample,2025-08-20,2025-09-03,0.02589803315550854,0.02688297943878159,2575.525716923206,99448.6995,51
GLENMARK.NS,out_of_sample,2026-06-03,2026-06-16,-0.019404575773462572,-0.018429913023302883,-1916.6842234290893,98774.8583532715,45
GMRAIRPORT.NS,development,2017-05-24,2017-06-06,0.016360336305270912,0.017340346274471435,1635.9329402999138,99993.84546715308,6977
GMRAIRPORT.NS,development,2017-08-10,2017-08-24,0.01819919920178835,0.019179747760616084,1819.7635053795173,99991.4054020958,6564
GMRAIRPORT.NS,development,2018-02-05,2018-02-19,-0.05291540238906256,-0.05195533111190875,-5291.428657908737,99997.89133234405,5901
GMRAIRPORT.NS,development,2018-05-11,2018-05-24,-0.08008299839823914,-0.07913070907168386,-8007.510991621615,99990.14961704635,5948
GMRAIRPORT.NS,development,2018-06-06,2018-06-19,-0.030548601920180614,-0.029582059391979186,-3054.498460925469,99988.15883314275,6933
GMRAIRPORT.NS,development,2018-06-29,2018-07-12,0.15852843884727794,0.1595493368186941,15851.752607247252,99993.11620370152,7157
GMRAIRPORT.NS,development,2018-09-24,2018-10-08,-0.06206875023010817,-0.06111129852909479,-6206.546086301372,99994.70044574403,6623
GMRAIRPORT.NS,development,2018-12-06,2018-12-19,0.05191598146887051,0.05290622637568379,5191.1521395736945,99991.40905554056,7111
GMRAIRPORT.NS,development,2020-03-02,2020-03-16,-0.2050099476354285,-0.20409358909096456,-20499.17795585957,99991.13795352745,5359
GMRAIRPORT.NS,development,2020-09-23,2020-10-07,0.07239205848573342,0.07338821936860948,7238.088110298533,99984.55993242645,5042
GMRAIRPORT.NS,development,2021-01-29,2021-02-11,0.031262999903035174,0.03224728714586929,3126.1737883895676,99995.96321804238,4411
GMRAIRPORT.NS,development,2021-07-22,2021-08-04,-0.03489447584736179,-0.033929139835660815,-3488.6570602467846,99977.3452825928,3792
GMRAIRPORT.NS,development,2022-02-25,2022-03-11,0.09804544245422732,0.09904903424223463,9801.721578412875,99971.21062499999,2795
GMRAIRPORT.NS,development,2022-05-10,2022-05-23,0.08009628741641052,0.08109470153541949,8007.638997146305,99975.15809335328,2952
GMRAIRPORT.NS,validation,2023-05-30,2023-06-12,0.03671968507021617,0.03770564964504159,3670.8287096371946,99968.9595,2452
GMRAIRPORT.NS,validation,2024-03-14,2024-03-28,0.06616559809483805,0.06715993810322077,6616.0383634752125,99992.11907662582,1309
GMRAIRPORT.NS,validation,2024-07-22,2024-08-02,0.056879226236481374,0.05787106446776613,5685.075818375001,99949.95,1080
GMRAIRPORT.NS,out_of_sample,2024-09-10,2024-09-23,0.024862482754743877,0.02584514658694179,2484.7986901720446,99941.69587499999,1077
GMRAIRPORT.NS,out_of_sample,2024-10-23,2024-11-05,-0.0337761483600579,-0.03281027282175962,-3375.011927796644,99922.9365,1233
GMRAIRPORT.NS,out_of_sample,2025-01-14,2025-01-27,-0.009223465653673785,-0.008250568985701603,-921.7273798938114,99932.86845782089,1407
GMRAIRPORT.NS,out_of_sample,2025-06-13,2025-06-26,0.05302384433990794,0.05401442481163552,5301.7041644534165,99987.1704976158,1243
GMRAIRPORT.NS,out_of_sample,2026-01-27,2026-02-09,0.07044339034237267,0.07143915689404014,7040.32967103084,99943.08389776613,1094
GMRAIRPORT.NS,out_of_sample,2026-07-31,2026-08-13,-0.012072051921664849,-0.011100219121208637,-1207.1324218375012,99993.97200000001,961
GMRAIRPORT.NS,out_of_sample,2026-08-17,2026-08-28,-0.036601192073648044,-0.035636060762307936,-3656.675726718275,99905.91889358139,981
GNFC.NS,development,2022-06-21,2022-07-04,0.08062010598288752,0.08161872359983835,8058.943486976738,99961.95599999999,181
GNFC.NS,validation,2022-09-27,2022-10-11,0.0321477952263425,0.033134000802394266,3201.3375000672745,99581.8679796753,158
GNFC.NS,validation,2022-11-14,2022-11-25,0.002232696022981997,0.0032095505147087706,222.75073455912417,99767.60484466553,165
GNFC.NS,validation,2022-12-22,2023-01-04,0.04057447594212629,0.041562776563200905,4043.786442040627,99663.30674999999,179
GNFC.NS,validation,2023-08-08,2023-08-22,-0.012177616276444678,-0.011203835901657055,-1211.6986583097535,99502.12182769775,179
GNFC.NS,validation,2024-02-09,2024-02-22,-0.025072046805955185,-0.024101311885130795,-2490.616873398435,99338.39437499999,145
GNFC.NS,validation,2024-03-14,2024-03-28,0.042762577178015945,0.04375049199539289,4272.66279622597,99915.93299999999,167
GNFC.NS,validation,2024-08-06,2024-08-20,-0.00451674718359051,-0.0035416013362283127,-450.3640938287885,99709.83,151
GNFC.NS,out_of_sample,2024-11-14,2024-11-29,0.21621720594453234,0.2172562341065648,21537.348316349555,99609.77999999998,190
GNFC.NS,out_of_sample,2024-12-31,2025-01-13,-0.06553641047513242,-0.06457855337043258,-6530.401978723651,99645.40217230223,179
GNFC.NS,out_of_sample,2025-01-14,2025-01-27,0.017394607408017397,0.018375692524831344,1735.9796449942105,99799.87500000001,190
GNFC.NS,out_of_sample,2025-02-28,2025-03-13,-0.0008167209044368527,0.00015936341432144438,-81.46059800429315,99741.04686405945,207
GNFC.NS,out_of_sample,2025-05-12,2025-05-23,0.055978170727223706,0.05696970976295033,5595.575426875599,99959.955,206
GODFRYPHLP.NS,development,2017-07-19,2017-08-01,-0.03971040220817503,-0.03874524317490209,-3958.1930080309025,99676.47739453125,256
GODFRYPHLP.NS,development,2017-08-04,2017-08-18,0.02455667332199691,0.025539598539370795,2452.0959599120906,99854.56611973573,283
GODFRYPHLP.NS,development,2017-09-26,2017-10-10,0.08271588190909432,0.08371584342887871,8253.158582457034,99777.19383476257,311
GODFRYPHLP.NS,development,2017-11-09,2017-11-22,0.036878548663716954,0.037865695677893205,3676.268859954828,99685.83344961549,301
GODFRYPHLP.NS,development,2018-02-01,2018-02-15,-0.03181186294877571,-0.030844515681982897,-3171.552189317943,99697.15368209839,326
GODFRYPHLP.NS,development,2018-05-11,2018-05-24,-0.0849744667083677,-0.08402294772975621,-8483.11918973592,99831.39074999999,357
GODFRYPHLP.NS,development,2018-07-19,2018-08-01,0.18338680031309093,0.18441544862566595,18309.893624171717,99843.02901251218,436
GODFRYPHLP.NS,development,2019-02-14,2019-02-27,0.008450773886849453,0.009429005749738883,843.9780571830067,99869.91351127625,345
GODFRYPHLP.NS,development,2019-05-06,2019-05-17,-0.037648000600328344,-0.03668264219854248,-3756.3046004177295,99774.34499894714,283
GODFRYPHLP.NS,development,2019-05-31,2019-06-14,-0.05862072069712475,-0.057661879066822214,-5855.931824576547,99895.25469726563,320
GODFRYPHLP.NS,development,2019-07-01,2019-07-12,-0.07298639750274928,-0.07203118378462364,-7281.842660753647,99769.86000000002,360
GODFRYPHLP.NS,development,2020-01-31,2020-02-13,0.14525192959287717,0.1462704552422221,14471.904027197786,99633.12754440308,250
GODREJCP.NS,development,2016-11-16,2016-11-29,0.03030445651170637,0.03128944166438186,3022.968051025743,99753.25080844115,219
GODREJCP.NS,development,2018-10-08,2018-10-22,0.04527649300435871,0.04626481023226937,4527.467126829557,99995.97641967773,140
GODREJCP.NS,development,2019-01-31,2019-02-14,-0.020043750248290915,-0.019073687228442805,-2001.6392597192441,99863.51031738281,144
GODREJCP.NS,development,2019-04-03,2019-04-16,0.012228255996817839,0.013209131493211887,1216.5062418059165,99483.21675,151
GODREJCP.NS,development,2019-12-06,2019-12-19,0.016760621354758445,0.017742709292413547,1667.7778296375852,99505.728,148
GODREJCP.NS,development,2020-02-05,2020-02-18,-0.05898601976994278,-0.05802531864766705,-5863.663318778124,99407.67899999999,151
GODREJCP.NS,development,2020-03-02,2020-03-16,-0.11542531919478322,-0.11448293657147769,-11533.983289488118,99925.93800000001,174
GODREJCP.NS,development,2020-05-08,2020-05-21,0.16832862279798694,0.16935301547670017,16803.301627445428,99824.38725,203
GODREJCP.NS,development,2020-07-28,2020-08-10,0.01974305248755728,0.02072620298928952,1963.546396970418,99455.05631451415,149
GODREJCP.NS,development,2020-09-01,2020-09-14,0.05645576404303211,0.05744744443272352,5643.259149240183,99958.9545,153
GODREJCP.NS,development,2021-02-23,2021-03-08,-0.01808982041185151,-0.01711755704973405,-1799.1556835837507,99456.80181573486,142
GODREJCP.NS,development,2021-09-27,2021-10-08,-0.02525310818209839,-0.02428163577272276,-2503.695292215598,99144.0449295044,95
GODREJCP.NS,development,2021-10-21,2021-11-03,-0.04426834486298132,-0.04330276198709451,-4393.52693935488,99247.599,99
GODREJCP.NS,development,2022-01-21,2022-02-04,0.012348814693185562,0.013328292039021363,1232.8920073530032,99838.8945,111
GODREJCP.NS,development,2022-03-08,2022-03-22,0.04901217112799259,0.05000234890851685,4891.408552052269,99799.875,150
GODREJCP.NS,validation,2022-10-07,2022-10-20,-0.03567996496078914,-0.034712686147169436,-3547.9619453969776,99438.49298327637,116
GODREJCP.NS,validation,2022-11-10,2022-11-23,0.04087552399921957,0.041865740769868896,4055.3089408766814,99211.17930999756,122
GODREJCP.NS,validation,2023-05-02,2023-05-15,0.10452039843560179,0.10552794077533577,10394.789067721453,99452.25260623169,109
GODREJCP.NS,validation,2023-09-26,2023-10-10,-0.0025270084491619427,-0.001550443040198619,-251.43664576428975,99499.72499999999,102
GODREJCP.NS,out_of_sample,2024-09-30,2024-10-14,-0.05721484175977833,-0.05625054215621154,-5644.275643524376,98650.550625,71
GODREJCP.NS,out_of_sample,2024-11-13,2024-11-28,0.06135006948063419,0.06234769873395648,6063.69351709068,98837.59820361328,84
GODREJCP.NS,out_of_sample,2024-12-10,2024-12-23,-0.05216571122750176,-0.05120338061057973,-5189.952003625006,99489.72,88
GODREJCP.NS,out_of_sample,2025-02-14,2025-02-28,-0.052384149547838724,-0.05142194929735924,-5212.559864212978,99506.43294213868,94
GODREJCP.NS,out_of_sample,2025-09-25,2025-10-09,-0.05061827658549968,-0.04965624373370085,-5045.316584147097,99673.812,84
GODREJCP.NS,out_of_sample,2026-08-13,2026-08-26,0.010009579854662302,0.010990185300653623,994.8749031637498,99392.27396246337,109
GODREJIND.NS,development,2016-11-15,2016-11-28,-0.059617974159920116,-0.058658935205160315,-5948.363058378632,99774.65927343752,256
GODREJIND.NS,development,2017-08-09,2017-08-23,-0.04269163475454479,-0.04172663819141466,-4247.998126290223,99504.22725000001,159
GODREJIND.NS,development,2017-11-09,2017-11-22,0.003943497346633368,0.0049199191182705965,394.34254294893765,99998.1763105774,181
GODREJIND.NS,development,2018-02-05,2018-02-19,-0.04926159186671987,-0.048298567576775524,-4902.74699936743,99524.7375,173
GODREJIND.NS,development,2018-07-17,2018-07-30,0.12260870161589148,0.12361934235189898,12257.800346222439,99974.9625,175
GODREJIND.NS,development,2018-09-24,2018-10-08,-0.13975689998934712,-0.1388198658141701,-13908.065971136111,99516.13102606201,178
GODREJIND.NS,development,2019-02-06,2019-02-20,-0.017347071474277376,-0.01637484891263701,-1726.3759561461438,99519.735,203
GODREJIND.NS,development,2019-05-08,2019-05-21,-0.021908313027565875,-0.020939100668118975,-2189.559437552085,99941.946,208
GODREJIND.NS,development,2019-09-04,2019-09-18,0.003360505347334851,0.0043377716549985595,335.1964555784493,99745.848,248
GODREJIND.NS,development,2019-10-04,2019-10-18,0.042412735895352764,0.04340068448082958,4236.286541000942,99882.41625000001,261
GODREJIND.NS,development,2020-02-05,2020-02-18,0.02592331233592708,0.02690634437750543,2590.4113012344847,99925.938,246
GODREJIND.NS,development,2020-04-28,2020-05-12,-0.029919759249509046,-0.02895271932532396,-2989.256964141002,99909.12491015624,384
GODREJPROP.NS,development,2021-01-27,2021-02-09,0.07086173099124839,0.07185906842514991,7056.571632689792,99582.26441802978,75
GODREJPROP.NS,development,2021-03-22,2021-04-06,0.03608968892763201,0.037079187678887696,3574.6656434374863,99049.5,75
GODREJPROP.NS,development,2021-04-13,2021-04-28,0.059790628500525834,0.0607847687563771,5954.2835804067545,99585.56599475098,78
GODREJPROP.NS,development,2021-05-06,2021-05-20,0.053691601296907095,0.054686897854063644,5308.456942180439,98869.40999999999,81
GODREJPROP.NS,development,2021-12-20,2021-12-31,0.012024719861360458,0.013004743579048926,1198.621851207236,99679.81499999999,54
GODREJPROP.NS,development,2022-01-25,2022-02-08,-0.05882601630263904,-0.05786233937732881,-5805.499547216361,98689.31999999999,60
GODREJPROP.NS,development,2022-05-10,2022-05-23,-0.05954040492261994,-0.05857886603067533,-5904.145797058162,99162.00275646974,71
GODREJPROP.NS,development,2022-06-14,2022-06-27,-0.027972241142599046,-0.027002969095138402,-2783.062493279912,99493.72590820312,80
GODREJPROP.NS,validation,2022-09-26,2022-10-10,-0.0026015771687620363,-0.0016221375691551103,-257.0055666304279,98788.3695,81
GODREJPROP.NS,validation,2023-02-27,2023-03-13,0.03604648472262916,0.03703430255927638,3585.194537513014,99460.30979443359,92
GODREJPROP.NS,validation,2024-03-15,2024-04-01,0.09909565042851379,0.10010013491212134,9892.113010567462,99823.887,46
GODREJPROP.NS,validation,2024-08-05,2024-08-19,-0.0021345608672536606,-0.0011578825971629643,-212.38821928750076,99499.725,34
GODREJPROP.NS,out_of_sample,2024-11-14,2024-11-29,0.07607969048856514,0.07708565953449609,7444.070732377632,97845.70211279296,38
GODREJPROP.NS,out_of_sample,2025-01-09,2025-01-22,-0.1304448519779213,-0.1294977029853567,-12745.613866285874,97708.82999999999,38
GODREJPROP.NS,out_of_sample,2025-02-12,2025-02-25,-0.021643075354897366,-0.020671284525070718,-2149.615856257445,99321.18338122558,49
GODREJPROP.NS,out_of_sample,2025-08-04,2025-08-18,-0.01894802065223572,-0.017977443307006433,-1891.275497515819,99813.882,49
GODREJPROP.NS,out_of_sample,2025-12-09,2025-12-22,0.028125434711647454,0.029114693612406223,2771.7404967568227,98549.25,50
GODREJPROP.NS,out_of_sample,2026-01-14,2026-01-28,-0.17534009836993994,-0.17441292752061469,-17433.13448665054,99424.6875,53
GRANULES.NS,development,2016-11-17,2016-11-30,0.0677130187745343,0.06870780277940058,6770.785409268366,99992.37269000243,976
GRANULES.NS,development,2017-01-10,2017-01-23,0.09529403177960293,0.09629710266610082,9520.228783830073,99903.72540694429,978
GRANULES.NS,development,2017-05-25,2017-06-07,0.0321651588649564,0.03315017045647243,3212.6533333933417,99879.91500000001,745
GRANULES.NS,development,2017-08-04,2017-08-18,-0.04029952810576072,-0.03933558128495471,-4027.377298510142,99936.09076366425,757
GRANULES.NS,development,2017-09-26,2017-10-10,0.059731832751091,0.06072431589565122,5972.8114117497435,99993.77445254516,836
GRANULES.NS,development,2017-11-13,2017-11-24,-0.023562917729497316,-0.02259437189581801,-2356.0460632656504,99989.57218766784,782
GRANULES.NS,development,2018-02-02,2018-02-16,-0.074056036692363,-0.07310173413163898,-7399.6966895538335,99920.23635146713,787
GRANULES.NS,development,2018-05-07,2018-05-18,-0.05238470367356358,-0.05142428785607193,-5235.848512937496,99949.95,999
GRANULES.NS,development,2018-05-25,2018-06-07,-0.03930840050998035,-0.03834429510339069,-3929.5689196250905,99967.66260248565,1229
GRANULES.NS,development,2018-09-26,2018-10-10,-0.06610724369218328,-0.06515066601692862,-6605.629913644055,99922.9365,972
GRANULES.NS,development,2018-11-28,2018-12-11,-0.06853229159278329,-0.06757648748895582,-6849.250703847621,99941.94772510529,1130
GRANULES.NS,development,2021-08-17,2021-08-31,-0.07068711493854873,-0.0697320571310748,-7066.842775067937,99973.56351594543,281
GRANULES.NS,development,2022-01-25,2022-02-08,0.016405912203808652,0.017386865777637515,1636.6842508250015,99761.856,328
GRANULES.NS,development,2022-04-21,2022-05-05,-0.07648007828333228,-0.07552603008840408,-7633.46743585,99809.87999999999,344
GRANULES.NS,development,2022-05-11,2022-05-24,0.11022075121043878,0.11122836278219701,11004.648779394503,99841.89600000001,396
GRANULES.NS,development,2022-06-21,2022-07-04,0.1959314039402102,0.19696324459908351,19582.677073419523,99946.59702124786,427
GRANULES.NS,validation,2022-11-30,2022-12-13,-0.03857638126022192,-0.037612138614196516,-3857.0968222403485,99985.968,288
GRANULES.NS,validation,2023-01-27,2023-02-09,-0.000575129886367167,0.0004009683918449218,-57.3719969828985,99754.8525,345
GRANULES.NS,validation,2023-05-18,2023-05-31,-0.02140389090216256,-0.02043387430637213,-2135.6301872338504,99777.6617810211,347
GRANULES.NS,validation,2024-05-10,2024-05-24,0.09070155588116274,0.09170435320023754,9037.793114347032,99643.19825106811,254
GRANULES.NS,out_of_sample,2025-01-29,2025-02-10,0.09717346963630488,0.09817706334464564,9708.420007620853,99908.13381427001,193
GRANULES.NS,out_of_sample,2025-03-03,2025-03-17,0.059588523446807144,0.06058146165485101,5951.1004736655195,99869.91,217
GRANULES.NS,out_of_sample,2025-04-07,2025-04-23,0.09725579920823875,0.09826027993357529,9695.743817856435,99693.22031991577,226
GRANULES.NS,out_of_sample,2025-06-20,2025-07-03,0.01863378728377106,0.019614867363376438,1861.3275210729084,99889.92,208
GRANULES.NS,out_of_sample,2025-07-14,2025-07-25,-0.0022611799304419955,-0.001286337433815995,-225.9980340571197,99946.9485,213
GRANULES.NS,out_of_sample,2025-11-12,2025-11-25,0.015204486502581285,0.016184859784953102,1517.716248085547,99820.28974328612,186
GRASIM.NS,development,2016-11-16,2016-11-29,0.01595757262813596,0.016938309615132374,1592.3050539704486,99783.66328491211,155
GRASIM.NS,development,2017-05-24,2017-06-06,0.025213397787803443,0.026196750060245386,2516.1771695001903,99795.24341290283,117
GRASIM.NS,development,2017-12-06,2017-12-19,0.018732597421188813,0.019713901743458974,1870.283300712201,99841.1089855957,90
GRASIM.NS,development,2018-02-06,2018-02-20,0.04584625510412678,0.04683491735060984,4582.366315096076,99950.72235864257,94
GRASIM.NS,development,2018-07-05,2018-07-18,-0.025523298804620422,-0.024551900776465276,-2530.462260572657,99143.22909210206,103
GRASIM.NS,development,2018-12-07,2018-12-20,0.030509125462949496,0.03149356867033426,3047.949890295034,99902.89279174805,125
GRASIM.NS,development,2019-01-28,2019-02-08,-0.06141318061959548,-0.06045398259917328,-6117.177531991316,99606.91614202881,131
GRASIM.NS,development,2019-07-30,2019-08-13,-0.10513728763306371,-0.10418950717947448,-10442.330972472944,99320.9089520874,126
GRASIM.NS,development,2019-10-07,2019-10-22,0.15258086955435013,0.15360092569654507,15223.989935240408,99776.53148593141,153
GRASIM.NS,development,2020-03-03,2020-03-17,-0.1740758538174492,-0.1731491601020403,-17343.66966913422,99632.828383667,149
GRASIM.NS,development,2020-03-25,2020-04-09,0.35726662386305447,0.35834511680124337,35684.847140383004,99882.95787199402,257
GRASIM.NS,development,2020-07-17,2020-07-30,0.02903357803800118,0.030018801029844264,2891.844024078155,99603.43228427124,171
GRASIM.NS,development,2021-08-24,2021-09-06,0.057664975249738126,0.05865969608801542,5725.614125826655,99291.018526062,69
GRASIM.NS,development,2022-03-04,2022-03-17,0.08816869901371074,0.08917276329574593,8741.970607595471,99150.50018188477,67
GRASIM.NS,development,2022-05-13,2022-05-26,-0.07620238700965386,-0.07524454631378805,-7535.958371310047,98893.99357470703,66
GRASIM.NS,development,2022-06-06,2022-06-17,-0.03536222960453016,-0.03439592925588997,-3525.7411233536145,99703.58664550782,75
GRASIM.NS,validation,2024-08-09,2024-08-23,0.07268109570225699,0.07367832998937009,7249.048790108326,99737.74776049804,39
GRASIM.NS,out_of_sample,2025-01-14,2025-01-27,0.062420220455850155,0.06341629825438094,6197.929775099853,99293.622,43
GRASIM.NS,out_of_sample,2025-05-29,2025-06-11,0.053516435565691696,0.05451528122856837,5244.4917779542375,97997.77811279298,38
GSFC.NS,development,2017-09-25,2017-10-09,0.04359714050026274,0.04458539960788842,4354.914876800005,99889.92,768
GSFC.NS,development,2018-02-02,2018-02-16,-0.041455509468137516,-0.04049184238108755,-4142.356240159854,99922.9365,729
GSFC.NS,development,2018-04-02,2018-04-13,0.11611252676785105,0.11712160754489115,11599.412145601942,99898.02537665177,869
GSFC.NS,development,2018-05-21,2018-06-01,-0.029601861548450573,-0.028634701343968887,-2957.282981875555,99901.926,848
GSFC.NS,development,2018-06-28,2018-07-11,0.04637960341352722,0.047368522339244205,4634.478972371494,99924.9375,940
GSFC.NS,development,2018-09-26,2018-10-10,-0.07604755999498757,-0.07509394119673529,-7600.7977634703575,99947.95051900863,995
GSFC.NS,development,2019-01-28,2019-02-08,-0.07126359620437901,-0.07030864567812685,-7123.434348560159,99958.95138565065,1020
GSFC.NS,development,2019-08-08,2019-08-23,-0.04790880219109606,-0.04694729462754847,-4790.821402758088,99998.77232682037,1358
GSFC.NS,development,2019-11-15,2019-11-28,-0.03071875507205336,-0.029752142744432084,-3070.600680851875,99958.5000645218,1379
GSFC.NS,development,2019-12-10,2019-12-23,-0.0046889621460111655,-0.0037148811354012585,-468.7215701904707,99962.75414362336,1478
GSFC.NS,development,2020-03-02,2020-03-16,-0.3130473910424073,-0.3121619198622585,-31287.70825746497,99945.59658613014,1623
HAL.NS,validation,2024-07-19,2024-08-01,-0.04168520397141475,-0.040701903562627414,-3969.9985733219896,95237.595,19
HAL.NS,validation,2024-09-18,2024-10-01,-0.008723561787144576,-0.007742774026282151,-855.2222113717938,98035.89774902344,22
HAL.NS,out_of_sample,2025-01-14,2025-01-27,-0.03772370059408733,-0.03675514346863207,-3733.8717026229456,98979.465,26
HAL.NS,out_of_sample,2025-01-29,2025-02-10,0.04375919667786937,0.04475622162430976,4277.980306177142,97761.8565,27
HAL.NS,out_of_sample,2025-02-19,2025-03-05,0.03424174081719862,0.03523034123265342,3394.710604624999,99139.545,30
HAL.NS,out_of_sample,2025-10-31,2025-11-14,0.016856654216948572,0.017847097988461787,1643.298191832981,97486.61689819336,21
HAL.NS,out_of_sample,2025-11-25,2025-12-08,-0.039023523672744934,-0.038051087364499074,-3822.31316904551,97948.95000000001,22
HAL.NS,out_of_sample,2026-02-06,2026-02-19,0.022926425664061115,0.02392166139228007,2218.552612173105,96768.36,24
HAVELLS.NS,development,2016-11-15,2016-11-28,-0.06374168665777005,-0.0627836533907543,-6356.948211709542,99729.84,280
HAVELLS.NS,development,2017-02-28,2017-03-14,0.04782081104448179,0.04880996731580349,4780.606219086034,99969.1580855713,248
HAVELLS.NS,development,2017-05-24,2017-06-06,0.10275797439466725,0.10376303861915924,10269.831928021216,99941.946,221
HAVELLS.NS,development,2018-02-01,2018-02-15,-0.02060434386774287,-0.019634796574074357,-2059.4443208434964,99951.94867950439,190
HAVELLS.NS,development,2019-07-31,2019-08-14,0.030774288869156105,0.03176042447502536,3062.0841415255504,99501.37774246217,157
HAVELLS.NS,development,2019-11-25,2019-12-06,0.033245165037616486,0.034231356674423556,3313.332996294315,99663.60499475097,156
HAVELLS.NS,development,2020-05-08,2020-05-21,-0.05935647087781228,-0.05839761071405165,-5926.025047713109,99837.894,202
HAVELLS.NS,development,2021-03-18,2021-04-01,-0.010429139902842914,-0.009453940622928038,-1035.3628615589894,99275.95863171386,93
HAVELLS.NS,development,2021-10-22,2021-11-04,0.0009670963410711071,0.0019451524010887507,96.10971039837236,99379.665,77
HAVELLS.NS,development,2022-01-19,2022-02-02,-0.08556141823839018,-0.08460684303898733,-8473.531946311155,99034.49616394044,75
HAVELLS.NS,development,2022-06-06,2022-06-17,-0.07715954816536566,-0.0762043604545805,-7675.72510516453,99478.6165506592,86
HAVELLS.NS,validation,2022-10-24,2022-11-07,0.0331299076644524,0.03411949589969976,3273.8771005079734,98819.38500000001,83
HAVELLS.NS,validation,2022-12-14,2022-12-27,-0.045959232184158566,-0.04499654491680428,-4588.767333823616,99844.29930065919,86
HAVELLS.NS,validation,2023-10-23,2023-11-06,-0.02526772374318299,-0.02429783560232268,-2514.99109598125,99533.742,77
HAVELLS.NS,validation,2024-07-23,2024-08-05,0.003913881553519088,0.004892966738024585,388.78479736649126,99334.83986425781,56
HAVELLS.NS,out_of_sample,2024-10-23,2024-11-05,-0.08202379406614319,-0.08106988827879193,-8157.24171273972,99449.7,56
HAVELLS.NS,out_of_sample,2025-01-15,2025-01-28,-0.026142048902631415,-0.025172011770439096,-2599.4265939531174,99434.6925,65
HCC.NS,development,2017-08-09,2017-08-23,-0.05486634538542324,-0.0539067732299303,-5485.669708030177,99982.41489376832,3077
HCC.NS,development,2018-01-22,2018-02-05,-0.03341584782775429,-0.032450059410922605,-3340.60090137869,99970.55644370269,3002
HCC.NS,development,2018-02-07,2018-02-21,-0.06494905039241104,-0.06399232643493984,-6492.928732611204,99969.57143148422,3098
HCC.NS,development,2018-03-08,2018-03-21,-0.082203383744463,-0.08125170663184322,-8219.57850983051,99990.75628543281,3559
HCC.NS,development,2018-03-22,2018-04-06,-0.123995497752181,-0.12305587364554388,-12399.466999159977,99999.33242690563,3875
HCC.NS,development,2018-05-04,2018-05-17,0.0064122994336402684,0.007389465754508879,641.1628625583875,99989.53872844935,6611
HCC.NS,development,2018-06-22,2018-07-05,-0.14344287667637096,-0.14250883142529283,-14343.694551819026,99995.86514275361,8504
HCC.NS,development,2018-07-19,2018-08-01,0.15565907548961078,0.1566791351022114,15565.3487039609,99996.4098142147,11030
HCC.NS,development,2018-09-24,2018-10-08,-0.06434656082271419,-0.06338977712055369,-6434.5231597795655,99997.93427200842,9207
HCC.NS,development,2019-02-01,2019-02-15,-0.038553822863348595,-0.037589624171288416,-3855.3272610857216,99998.57276801491,8028
HCC.NS,development,2019-05-02,2019-05-15,-0.14561388667572311,-0.14468046119670297,-14560.620172083643,99994.722375,7543
HCLTECH.NS,development,2017-10-30,2017-11-10,0.005708435316469646,0.006686119504405776,569.7582439245973,99809.87999999999,232
HCLTECH.NS,development,2018-12-10,2018-12-21,-0.008193511347157052,-0.007220125475707048,-818.4065758315951,99884.71867016601,208
HCLTECH.NS,development,2019-12-13,2019-12-27,0.052352005782593025,0.05334403022499117,5213.200433109255,99579.765,185
HCLTECH.NS,development,2020-06-26,2020-07-09,0.0668488087746489,0.06784488501451198,6658.7314494088605,99608.82731442261,181
HCLTECH.NS,development,2021-02-24,2021-03-09,0.05749189262165322,0.058486959559053135,5702.826190182227,99193.572,108
HCLTECH.NS,development,2021-10-19,2021-11-01,-0.03558662200872472,-0.034620290488330624,-3547.267898304609,99679.815,81
HCLTECH.NS,development,2022-01-20,2022-02-03,-0.03845250980361352,-0.037486881559220406,-3831.7849114281257,99649.79999999999,83
HCLTECH.NS,development,2022-04-12,2022-04-27,-0.032692776492255604,-0.03172477462132066,-3252.0196392214075,99472.11549902344,88
HCLTECH.NS,development,2022-07-12,2022-07-25,-0.007121279282609694,-0.0061446555977109005,-706.1428846942964,99159.555,106
HCLTECH.NS,validation,2022-12-13,2022-12-26,-0.0028642159099062756,-0.0018862522997792892,-283.9329839301566,99131.13845507812,96
HCLTECH.NS,validation,2024-03-26,2024-04-09,-0.016377388479457293,-0.015400605026339472,-1612.697180195315,98470.960875,63
HCLTECH.NS,validation,2024-04-22,2024-05-06,-0.0666799374851169,-0.06571896917448339,-6587.90924174871,98798.97147802734,68
HCLTECH.NS,out_of_sample,2025-04-04,2025-04-22,0.018807399278979373,0.01979384661682161,1854.0572310892737,98581.266,68
HCLTECH.NS,out_of_sample,2025-07-16,2025-07-29,-0.06238197041470173,-0.06141949360889786,-6159.130585056315,98732.54313885499,63
HCLTECH.NS,out_of_sample,2026-02-12,2026-02-25,-0.10092650008671752,-0.09997796966742059,-10035.595501223981,99434.6925,65
HCLTECH.NS,out_of_sample,2026-04-23,2026-05-06,-0.08055366868764612,-0.07959905658771274,-8005.39660869926,99379.665,77
HCLTECH.NS,out_of_sample,2026-07-01,2026-07-14,0.08773676159265721,0.08873904283437997,8735.050488658362,99559.755,93
HDFCAMC.NS,development,2021-09-30,2021-10-13,-0.008837352943956607,-0.00786177570981342,-877.5104662410554,99295.62299999999,68
HDFCAMC.NS,development,2021-10-27,2021-11-10,-0.028157242534470966,-0.027187647230827883,-2798.848928143746,99400.6755,72
HDFCAMC.NS,development,2021-11-23,2021-12-06,0.004661533119895904,0.005641402892459443,462.39878502266544,99194.57250000001,79
HDFCAMC.NS,development,2022-01-27,2022-02-09,-0.0033245177622285163,-0.0023481580384362415,-330.76913771893385,99493.86990106202,89
HDFCAMC.NS,development,2022-05-16,2022-05-27,0.011187559910765298,0.01216651141211946,1117.488676996022,99886.72113574218,112
HDFCAMC.NS,development,2022-09-26,2022-10-10,0.013506499013389742,0.014489442034392876,1338.0146728106906,99064.50749999999,105
HDFCAMC.NS,development,2023-01-19,2023-02-02,-0.10942599878806773,-0.1084797530819887,-10876.426744357044,99395.27045507813,96
HDFCAMC.NS,development,2023-03-14,2023-03-27,-0.019639209456704502,-0.018666470501385805,-1948.7907023129105,99229.59,116
HDFCAMC.NS,validation,2024-06-05,2024-06-19,0.10914950396750067,0.11016320482270177,10726.461428142637,98273.112,56
HDFCAMC.NS,validation,2025-01-13,2025-01-24,0.017958649187067275,0.01894375148722919,1775.201696952088,98849.40000000001,52
HDFCAMC.NS,out_of_sample,2025-01-28,2025-02-07,0.0361115980481939,0.037104455763491355,3547.393767689933,98234.19509033202,52
HDFCAMC.NS,out_of_sample,2025-12-09,2025-12-22,0.04229374745539016,0.04328343922184364,4205.740819712518,99441.19575,39
HDFCAMC.NS,out_of_sample,2026-06-04,2026-06-17,0.08376688063248312,0.08476677211728495,8365.790829746833,99869.91,40
HDFCBANK.NS,development,2020-05-20,2020-06-03,0.21925694819987376,0.22029694112994794,21835.211912674436,99587.32022836304,238
HDFCBANK.NS,development,2020-08-04,2020-08-17,0.022035258151266134,0.023017509102591465,2200.0419526718656,99841.89600000001,198
HDFCBANK.NS,development,2021-09-23,2021-10-06,0.04471603576624578,0.04570615106820681,4449.635907375677,99508.7295,129
HDFCBANK.NS,development,2022-04-20,2022-05-04,-0.0013330505649025027,-0.0003565540976268513,-132.7742990043408,99601.84744683838,147
HDFCBANK.NS,validation,2024-01-18,2024-02-02,-0.03444711479343133,-0.03347932834810947,-3424.066479493117,99400.6755,133
HDFCLIFE.NS,development,2020-08-17,2020-08-28,-0.005934074325939401,-0.004960486775130833,-593.3871227975409,99996.57742803956,169
HDFCLIFE.NS,development,2020-09-01,2020-09-14,0.028337438656274968,0.02932293474041,2819.184606804158,99486.21825,171
HDFCLIFE.NS,development,2020-12-22,2021-01-05,0.1302235738617404,0.13123795245234515,12968.93576946874,99589.77,158
HDFCLIFE.NS,development,2021-05-26,2021-06-08,0.03694151934624471,0.03792913218571447,3678.443015291473,99574.76250000001,150
HDFCLIFE.NS,development,2021-10-13,2021-10-27,-0.017287352641492032,-0.01631445015212717,-1717.6013693658906,99355.95142794799,141
HDFCLIFE.NS,development,2022-02-15,2022-02-28,-0.07468548910694786,-0.0737311978854115,-7459.430858071676,99877.914,177
HDFCLIFE.NS,development,2022-03-08,2022-03-22,0.05601966883019712,0.05701286917576357,5576.744027128916,99549.75,199
HDFCLIFE.NS,development,2023-02-02,2023-02-15,0.03773413769540791,0.038720871248446975,3767.7498754727108,99849.90000000001,200
HDFCLIFE.NS,validation,2023-12-21,2024-01-04,0.008346869766464848,0.009326946814929763,829.7178972699386,99404.6775,155
HDFCLIFE.NS,validation,2024-01-16,2024-01-31,-0.06594207781118912,-0.0649849649103965,-6581.110085370223,99801.37574999999,162
HDFCLIFE.NS,validation,2024-04-30,2024-05-14,-0.02844499938625724,-0.027477069404367532,-2838.612377352979,99793.01946212769,173
HDFCLIFE.NS,out_of_sample,2026-06-11,2026-06-24,0.08067044077029162,0.08167106378161015,8024.063572053107,99467.20875,182
HDFCLIFE.NS,out_of_sample,2026-08-05,2026-08-18,-0.0020116534332112195,-0.0010352630376260822,-200.31997614061643,99579.765,185
HDIL.NS,development,2016-11-07,2016-11-21,-0.2617846714612365,-0.260884458600701,-26164.26371967207,99945.74385745238,1324
HDIL.NS,development,2016-12-28,2017-01-10,0.13858786062712858,0.1396030588528578,13856.626288952137,99984.41585178566,1799
HDIL.NS,development,2017-05-24,2017-06-06,0.11743152758580677,0.11844077961019497,11737.275310625007,99949.95,1200
HDIL.NS,development,2017-08-04,2017-08-18,-0.2826953131495064,-0.281801258862418,-28264.433187673305,99981.966,1204
HDIL.NS,development,2017-09-26,2017-10-10,0.029001186506346414,0.02998500749625186,2898.6671412499986,99949.95,1800
HDIL.NS,development,2017-12-14,2017-12-28,0.11136579010100281,0.11237311268483835,11136.152664203377,99996.17166190338,1884
HDIL.NS,development,2018-02-05,2018-02-19,0.05354822078422031,0.054539057002111146,5352.731314915622,99960.95550000001,2039
HDIL.NS,development,2018-03-06,2018-03-19,-0.118984740346244,-0.11804348775736515,-11892.822220343236,99952.49967126275,2101
HDIL.NS,development,2018-04-27,2018-05-11,-0.22429907610043998,-0.22338829451589032,-22429.586910523627,99998.57021470643,2676
HDIL.NS,development,2018-06-06,2018-06-19,0.01373848154410226,0.014717717404268112,1373.832642424219,99998.87090971756,4638
HEROMOTOCO.NS,development,2016-11-11,2016-11-25,-0.023363474718918774,-0.022393319994465206,-2327.081012309423,99603.37836328126,32
HEROMOTOCO.NS,development,2017-07-31,2017-08-11,0.05554274065715817,0.056541925370799745,5446.315696907691,98056.30101196289,27
HEROMOTOCO.NS,development,2017-12-14,2017-12-28,0.07404127208636636,0.07505148133969114,7160.111461377218,96704.32800000001,28
HEROMOTOCO.NS,development,2018-05-17,2018-05-30,-0.002083091566683238,-0.0010970900048023913,-202.57773853175155,97248.6,27
HEROMOTOCO.NS,development,2018-07-24,2018-08-06,0.03629977570370396,0.037291848399403846,3573.240854490298,98436.99541442872,31
HEROMOTOCO.NS,development,2019-01-28,2019-02-08,0.09393631793947786,0.09494180057679882,9319.382649522064,99209.58,37
HEROMOTOCO.NS,development,2019-07-09,2019-07-22,0.007456640027624688,0.008443782823169568,727.9827433625649,97628.79000000001,41
HEROMOTOCO.NS,development,2019-11-19,2019-12-02,-0.04726161053115871,-0.04629312279546625,-4647.19351854378,98329.14000000001,39
HEROMOTOCO.NS,development,2019-12-12,2019-12-26,0.05220554809022376,0.05319799116073714,5192.6618023221545,99465.708,43
HEROMOTOCO.NS,development,2020-02-25,2020-03-09,-0.10919649569034902,-0.10824697123463811,-10767.678327400808,98608.27730163574,45
HEROMOTOCO.NS,development,2020-10-27,2020-11-09,0.007506306304929531,0.008485757121439326,746.8754131062545,99499.725,34
HEROMOTOCO.NS,development,2021-03-01,2021-03-15,0.00032276766317173813,0.0013075650934612746,31.534021439874586,97698.825,30
HEROMOTOCO.NS,development,2021-03-19,2021-04-05,-0.0665780666443264,-0.06561694762297746,-6575.873032497466,98769.36,32
HEROMOTOCO.NS,development,2021-08-23,2021-09-03,0.03391046326217528,0.034895547864980156,3390.6044220155277,99986.9685,37
HEROMOTOCO.NS,development,2022-03-07,2022-03-21,0.0418769502407624,0.04287032299748165,4125.324867979221,98510.6328006592,43
HEROMOTOCO.NS,development,2022-08-10,2022-08-24,0.005168433285893303,0.0061553595046619225,504.04493105972097,97523.7375,35
HEROMOTOCO.NS,validation,2022-09-30,2022-10-14,-0.0076061163822508885,-0.006630853878119301,-756.509701493781,99460.7055,39
HEROMOTOCO.NS,validation,2023-08-07,2023-08-21,-0.008744486644261348,-0.007761034736868871,-851.7014127062516,97398.675,33
HEROMOTOCO.NS,validation,2024-04-18,2024-05-02,0.04412150209901206,0.04512647301865362,4232.3082318125025,95923.938,22
HEROMOTOCO.NS,out_of_sample,2024-10-30,2024-11-12,-0.006850733901736429,-0.0058761988621733666,-682.9827003283458,99694.82250000001,21
HEROMOTOCO.NS,out_of_sample,2024-11-14,2024-11-29,0.050995114017800845,0.051987147485798135,5073.040743231818,99480.91774951172,22
HEROMOTOCO.NS,out_of_sample,2024-12-18,2025-01-01,-0.051076288419627504,-0.050102530737613955,-4944.914458671787,96814.28724902344,22
HEROMOTOCO.NS,out_of_sample,2025-11-06,2025-11-19,0.09523451452221614,0.09625215416579411,9179.956986293737,96393.17250000002,18
HFCL.NS,out_of_sample,2025-07-28,2025-08-08,-0.041398005869402885,-0.0404344207095131,-4137.627754717289,99947.5136017456,1316
HFCL.NS,out_of_sample,2025-08-29,2025-09-11,0.002952515932816856,0.003928897466541663,295.0657198011107,99937.04573157118,1429
HFCL.NS,out_of_sample,2025-11-24,2025-12-05,-0.03897546055813148,-0.03801110872470147,-3894.8194174864616,99930.04217813874,1394
HFCL.NS,out_of_sample,2026-07-27,2026-08-07,0.03735428389129117,0.03834090820495523,3729.821511117034,99849.9,499
HINDALCO.NS,development,2016-12-23,2017-01-05,0.0037257445948934544,0.004702617635281695,372.0897773749958,99869.91,620
HINDALCO.NS,development,2017-04-18,2017-05-02,0.08745773792162212,0.088458238618153,8744.266435223859,99982.76473901367,544
HINDALCO.NS,development,2017-11-16,2017-11-29,-0.028654778286390275,-0.027687532948800216,-2864.0064216199353,99948.65055299377,394
HINDALCO.NS,development,2017-12-01,2017-12-14,-0.019491780075462317,-0.018521533816925603,-1946.398552801646,99857.40375,415
HINDALCO.NS,development,2018-03-12,2018-03-23,-0.06575543397600088,-0.06479887417355754,-6572.430057720738,99952.6527361908,454
HINDALCO.NS,development,2018-04-05,2018-04-18,0.1718630270429515,0.17288818885122706,17166.713167887297,99886.01657526399,483
HINDALCO.NS,development,2018-06-22,2018-07-05,-0.010340959095252998,-0.009368542371340032,-1033.8111466462624,99972.46262397767,450
HINDALCO.NS,development,2018-07-17,2018-07-30,-0.0012916909700103332,-0.00031619261459323977,-128.97909119688126,99852.9015,473
HINDALCO.NS,development,2019-01-09,2019-01-22,-0.026172717407770024,-0.025204649240338845,-2615.215500863399,99921.43575,479
HINDALCO.NS,development,2019-01-30,2019-02-12,-0.012685631064204204,-0.011713394139004327,-1266.6488010406806,99849.09655892946,498
HINDALCO.NS,development,2019-02-18,2019-03-01,0.04636885527383218,0.04735783927601928,4632.616300509301,99907.929,534
HINDALCO.NS,development,2020-01-28,2020-02-10,-0.045276003228251295,-0.044313540655069546,-4525.306941161854,99949.34664060974,501
HINDALCO.NS,development,2020-02-25,2020-03-09,-0.20956196469621818,-0.20864679841684716,-20948.223894236915,99961.95599999999,552
HINDALCO.NS,development,2020-03-13,2020-03-26,-0.17205643724046826,-0.17113039807296504,-17195.36274780831,99940.2464888649,877
HINDALCO.NS,development,2020-09-22,2020-10-06,0.050407069059225304,0.05139747925196858,5032.737346675991,99841.89600000001,594
HINDALCO.NS,development,2021-06-18,2021-07-01,0.02635585359324043,0.027338788646593087,2635.0902810867024,99981.215625,271
HINDALCO.NS,development,2022-04-26,2022-05-10,-0.15280861070468787,-0.15187586929426858,-15227.347495000005,99649.8,200
HINDALCO.NS,development,2022-06-15,2022-06-28,-0.048087595446230195,-0.047125221263879837,-4797.692665407024,99769.86,277
HINDALCO.NS,validation,2022-09-26,2022-10-10,0.04231737937121178,0.043305270441702175,4227.0796399999945,99889.92,256
HINDALCO.NS,validation,2023-03-01,2023-03-15,0.007830088531319541,0.008808640213693875,781.0188204715422,99745.848,248
HINDALCO.NS,validation,2024-02-14,2024-02-27,-0.012843784019726908,-0.01187203698619066,-1283.864072641621,99959.95500000002,194
HINDALCO.NS,validation,2024-07-24,2024-08-06,-0.06774769928560208,-0.06679173766076256,-6771.989190369181,99958.9545,153
HINDALCO.NS,validation,2024-08-07,2024-08-21,0.09431062557772252,0.09531534330491012,9376.804475994568,99424.6875,159
HINDALCO.NS,out_of_sample,2024-11-08,2024-11-25,0.005299741590356767,0.0062782669151893004,527.7046029967639,99571.761,152
HINDALCO.NS,out_of_sample,2025-04-07,2025-04-23,0.12270283154708864,0.12371520073657542,12215.281733170714,99551.751,178
HINDALCO.NS,out_of_sample,2026-06-17,2026-06-30,-0.0312566970908928,-0.030288535315741417,-3111.1272963425135,99534.7425,101
HINDCOPPER.NS,development,2022-06-21,2022-07-04,0.007923970436971014,0.008901816550918198,791.8292196206187,99928.34096479797,1156
HINDCOPPER.NS,validation,2022-09-27,2022-10-11,0.0035786379954864177,0.00455510624201601,357.7219149774499,99960.3523543396,932
HINDCOPPER.NS,validation,2022-12-26,2023-01-06,0.13467000197482765,0.13568436380994744,13455.140146559846,99911.932496109,980
HINDCOPPER.NS,validation,2023-02-07,2023-02-20,-0.015235269461862776,-0.014264160487317117,-1522.727816017855,99947.54735579682,946
HINDCOPPER.NS,validation,2023-10-10,2023-10-23,-0.058188102950659674,-0.05722948427837836,-5817.760930817355,99981.966,664
HINDCOPPER.NS,validation,2023-10-26,2023-11-08,0.043564225018899706,0.04455242289528314,4352.189401435789,99902.83081008912,714
HINDCOPPER.NS,validation,2024-02-13,2024-02-26,0.08750006095897868,0.08850066013649142,8746.611585720502,99961.205625,415
HINDCOPPER.NS,validation,2024-03-14,2024-03-28,0.14386203757931748,0.144878850493004,14380.442802636886,99959.955,412
HINDCOPPER.NS,validation,2024-06-05,2024-06-19,0.0688730102519573,0.06986895996321772,6872.484202317701,99784.8675,327
HINDCOPPER.NS,validation,2024-07-22,2024-08-02,0.015046214995691122,0.016026948177689203,1500.3999951596086,99719.43080630494,327
HINDCOPPER.NS,validation,2024-08-06,2024-08-20,0.07755148032661514,0.07855002635152901,7736.52443241848,99759.855,338
HINDCOPPER.NS,out_of_sample,2024-10-28,2024-11-08,0.020236691992748218,0.021218730723979916,2018.933054135991,99765.96248336793,363
HINDCOPPER.NS,out_of_sample,2024-12-31,2025-01-13,-0.1158301402734912,-0.1148872571194201,-11556.629073270738,99772.20994452668,403
HINDCOPPER.NS,out_of_sample,2025-02-17,2025-03-03,-0.04746397263054384,-0.04650212967418694,-4743.879228110374,99946.9485,469
HINDCOPPER.NS,out_of_sample,2025-04-07,2025-04-23,0.2228866751035604,0.2239265980550483,22258.393060466806,99864.17110903931,543
HINDCOPPER.NS,out_of_sample,2025-07-29,2025-08-11,-0.04056100668879105,-0.03959698449683452,-4051.984612266493,99898.52183294678,404
HINDCOPPER.NS,out_of_sample,2025-09-01,2025-09-12,0.22487007581812468,0.2259101940440241,22477.508299557157,99957.7565746765,438
HINDCOPPER.NS,out_of_sample,2026-03-16,2026-03-30,-0.07314082434029938,-0.07218501940192817,-7285.702229595457,99611.9786085205,204
HINDCOPPER.NS,out_of_sample,2026-06-09,2026-06-22,-0.0004176833457861535,0.0005576724685613038,-41.74793199762341,99951.15299377442,196
HINDPETRO.NS,development,2017-03-03,2017-03-17,0.004378544468248204,0.005355161820406637,437.76936291804697,99980.5679929962,441
HINDPETRO.NS,development,2017-05-23,2017-06-05,0.058473788705014004,0.05946596976990717,5846.142432067706,99978.8548260498,440
HINDPETRO.NS,development,2017-06-27,2017-07-10,0.002614211107612745,0.003591112627672432,260.854355646558,99783.2022390747,440
HINDPETRO.NS,development,2017-09-26,2017-10-10,0.02950153849820487,0.030485792104363297,2946.5521249913954,99877.914,354
HINDPETRO.NS,development,2017-11-13,2017-11-24,0.025916748919434313,0.026899850735774517,2589.2920360461403,99908.05729898073,358
HINDPETRO.NS,development,2018-01-23,2018-02-06,-0.06954785586039812,-0.06859217808694534,-6947.872025163944,99900.59275314331,370
HINDPETRO.NS,development,2018-04-19,2018-05-03,-0.06379990653027914,-0.06284277232721047,-6376.778349137205,99949.65033547212,477
HINDPETRO.NS,development,2018-06-28,2018-07-11,-0.027612793189304777,-0.026645312151248424,-2760.3024113342135,99964.62119606782,551
HINDPETRO.NS,development,2018-08-16,2018-08-30,-0.07812415787068248,-0.07717092671657406,-7804.26432001467,99895.66009700776,547
HINDPETRO.NS,development,2018-10-05,2018-10-19,0.10196955995312232,0.10297420475136355,10195.943681479685,99990.07239186858,767
HINDPETRO.NS,development,2019-02-05,2019-02-19,-0.04836165124395665,-0.04739974360470478,-4829.704603163344,99866.41231086731,665
HINDPETRO.NS,development,2019-08-23,2019-09-06,0.1509958358070576,0.15201482051788356,15089.004305312681,99929.93664138793,660
HINDPETRO.NS,development,2019-11-11,2019-11-25,0.005010267591609649,0.005987767060399404,500.0541715992701,99805.88111434935,510
HINDPETRO.NS,development,2019-12-05,2019-12-18,-0.019947467004917813,-0.018977650658074722,-1993.3890958348934,99931.94099999999,558
HINDPETRO.NS,development,2020-01-07,2020-01-20,-0.0074654160510773905,-0.006491814914226739,-745.6700405398187,99883.25304819488,599
HINDPETRO.NS,development,2020-02-03,2020-02-14,0.0367890111812816,0.03777507181467859,3677.059828118536,99949.95,666
HINDPETRO.NS,development,2020-02-25,2020-03-09,-0.02271462406745164,-0.021745354833229813,-2268.507541057549,99869.91351127625,690
HINDPETRO.NS,development,2020-05-12,2020-05-26,-0.0685019398640806,-0.06754591851041393,-6842.653292867822,99889.92,780
HINDPETRO.NS,development,2020-09-01,2020-09-14,-0.022188858947608865,-0.021219625696270387,-2217.0352593514694,99916.5961884842,749
HINDPETRO.NS,development,2020-09-23,2020-10-07,-0.06714794598210641,-0.06619162910489765,-6708.975055854812,99913.33253354645,819
HINDPETRO.NS,development,2021-07-13,2021-07-27,-0.017808773466872277,-0.016838342594351356,-1779.6676353340526,99932.07216906738,548
HINDPETRO.NS,development,2021-12-21,2022-01-03,0.06885283374419968,0.06984795221030592,6884.643449465542,99990.7059024353,541
HINDPETRO.NS,development,2022-02-04,2022-02-17,0.05092694201202158,0.05191703106210279,5090.620999337409,99959.29066653442,524
HINDPETRO.NS,development,2022-02-28,2022-03-14,0.053002899016062935,0.053994004875258385,5292.581484337132,99854.56611973573,566
HINDPETRO.NS,development,2022-06-15,2022-06-28,0.031171297010233988,0.03215554264617197,3117.1225516907525,99999.77064372253,697
HINDPETRO.NS,validation,2022-09-19,2022-09-30,-0.06640143482132731,-0.06544479013772198,-6632.5150821446505,99885.11694049071,648
HINDPETRO.NS,validation,2023-02-24,2023-03-10,0.03029122935252494,0.031275294227194037,3028.5684984067316,99981.69645611574,674
HINDPETRO.NS,validation,2023-08-04,2023-08-18,-0.048940772228342325,-0.047979294669020706,-4890.756319342154,99932.14444029235,547
HINDPETRO.NS,validation,2023-09-01,2023-09-14,0.03353328836552268,0.0345188138393065,3348.2953875819608,99849.8969467163,600
HINDPETRO.NS,validation,2024-03-18,2024-04-02,0.025838850666336684,0.026822487219352938,2577.9230528132143,99769.261647995,319
HINDPETRO.NS,out_of_sample,2025-02-04,2025-02-17,-0.03407664849412221,-0.03311082328725402,-3404.7319404296286,99913.932,304
HINDPETRO.NS,out_of_sample,2025-03-03,2025-03-17,0.10073036102197638,0.10173557289152049,10048.846209650015,99759.855,338
HINDPETRO.NS,out_of_sample,2025-08-06,2025-08-20,-0.03389336907576246,-0.03292668955441521,-3379.6546650924533,99714.33225,247
HINDPETRO.NS,out_of_sample,2026-03-10,2026-03-23,-0.1961934614732135,-0.19527396932193522,-19588.32717628859,99841.896,252
HINDPETRO.NS,out_of_sample,2026-08-18,2026-08-31,-0.010998842834587774,-0.010025331478074858,-1096.0654835902753,99652.7998512268,270
HINDUNILVR.NS,development,2018-09-05,2018-09-19,1.1584323904361992e-05,0.0009924286854452243,1.1425536418172513,98629.29000000001,60
HINDUNILVR.NS,development,2020-05-05,2020-05-18,-0.04806144292419352,-0.047095148146552315,-4748.748159187419,98805.77590393067,47
HINDUNILVR.NS,development,2020-08-31,2020-09-11,0.0008852506098175434,0.0018646578197889076,87.67654473124179,99041.496,46
HINDUNILVR.NS,development,2021-02-02,2021-02-15,-0.027022176672516097,-0.026054572000234984,-2701.57360041297,99976.16524951172,44
HINDUNILVR.NS,development,2021-10-20,2021-11-02,-0.060806429879452284,-0.05983909468332933,-5939.013320340737,97670.811,38
HINDUNILVR.NS,validation,2022-10-27,2022-11-10,0.005370280648787777,0.006347867589298314,536.0070671218301,99809.87999999999,40
HINDUNILVR.NS,validation,2023-07-24,2023-08-04,-0.024711491769072193,-0.023739282432516443,-2446.4741592999985,99001.47600000001,38
HINDUNILVR.NS,validation,2024-01-24,2024-02-07,0.013172383090491957,0.014159796659753605,1290.3265244656984,97956.954,41
HINDUNILVR.NS,out_of_sample,2024-10-25,2024-11-07,-0.013174528009140563,-0.012193359123843957,-1286.3411102724083,97638.49675524903,39
HINDUNILVR.NS,out_of_sample,2024-12-13,2024-12-27,-0.004054777132242544,-0.0030747228137221567,-399.5461496453331,98537.14189819335,42
HINDUNILVR.NS,out_of_sample,2025-12-15,2025-12-29,0.011963560406213158,0.012944226731852908,1190.5673223625815,99516.13749902345,44
HINDUNILVR.NS,out_of_sample,2026-06-03,2026-06-16,0.049004823179193156,0.05000081337983334,4820.7594093881235,98373.162,47
HINDZINC.NS,development,2016-12-27,2017-01-09,0.07783072563139745,0.07882842891896362,7782.29211107309,99989.97244262695,400
HINDZINC.NS,development,2017-03-14,2017-03-27,0.11038207139914279,0.11138964504891151,11023.074475408921,99862.90650000001,343
HINDZINC.NS,development,2017-05-08,2017-05-19,-0.019031378333848856,-0.01806108917226391,-1900.8486189536902,99879.71368173981,399
HINDZINC.NS,development,2017-05-25,2017-06-07,-0.005686309588085913,-0.004711929665289863,-567.5885787301563,99816.68601361083,428
HINDZINC.NS,development,2017-11-16,2017-11-29,0.010013724320716658,0.010992418719747736,1000.0371857984394,99866.658375,333
HINDZINC.NS,development,2018-01-23,2018-02-06,-0.03749346251859901,-0.03652845947029244,-3744.6188540030166,99873.9140762329,340
HINDZINC.NS,development,2018-06-28,2018-07-11,-0.0015614916694187465,-0.0005858760661558807,-155.84369668659235,99804.3727922058,365
HINDZINC.NS,development,2019-01-25,2019-02-07,-0.015003163683454803,-0.01403117746195895,-1496.4996021684155,99745.60257705688,385
HINDZINC.NS,development,2019-06-10,2019-06-21,-0.040747162649525395,-0.039783076031000286,-4069.3828007788175,99869.108329834,416
HINDZINC.NS,development,2020-01-31,2020-02-13,-0.024980405039135838,-0.0240121755164674,-2497.210037178638,99966.75527343752,512
HINDZINC.NS,development,2020-02-25,2020-03-09,-0.11726857599251773,-0.11632681965291769,-11720.988307023348,99949.95,555
HINDZINC.NS,development,2020-03-16,2020-03-27,0.05587711475136623,0.05686896956884747,5580.666041491853,99873.91200000001,734
HINDZINC.NS,out_of_sample,2025-11-25,2025-12-08,0.06848411792261123,0.06947960552519888,6839.653342584302,99872.1097687683,218
HINDZINC.NS,out_of_sample,2026-06-08,2026-06-19,0.012903844835842537,0.013883036509089175,1289.73864615022,99949.95000000001,180
HONAUT.NS,validation,2022-10-24,2022-11-07,0.04224894849455912,0.0433559851289592,3252.597574803715,76986.474,2
HONAUT.NS,validation,2023-02-22,2023-03-08,-0.005213013113637719,-0.004082005858503265,-374.2420999388065,71789.97861328124,2
HUDCO.NS,out_of_sample,2025-07-30,2025-08-12,-0.03248471839280828,-0.031518627758750736,-3247.235945029164,99961.9545954895,460
HUDCO.NS,out_of_sample,2025-12-09,2025-12-22,0.013824475829685422,0.014803752413978761,1382.3767172428536,99994.87389420318,473
HUDCO.NS,out_of_sample,2026-01-27,2026-02-09,-0.008735522256443586,-0.00776221240270529,-872.3712752670523,99864.8105582428,509
ICICIBANK.NS,development,2016-10-14,2016-10-27,0.17589624231935028,0.1769228330578842,17557.782139251976,99818.97229717256,455
ICICIBANK.NS,development,2017-03-23,2017-04-06,0.051275619693482766,0.05226618186124868,5120.704827358901,99866.26895919802,412
ICICIBANK.NS,development,2017-09-22,2017-10-06,-0.043479893417195666,-0.04251662480506044,-4342.646347605683,99877.11574951171,352
ICICIBANK.NS,development,2017-10-23,2017-11-03,0.2198871197987019,0.2209265463916682,21938.78966731976,99772.96390713502,386
ICICIBANK.NS,development,2018-03-05,2018-03-16,-0.023294226566930382,-0.022325282893324132,-2327.315316671216,99909.5338059082,328
ICICIBANK.NS,development,2018-04-03,2018-04-16,0.09757633947641257,0.09858006270761063,9748.337368463677,99904.72506729126,382
ICICIBANK.NS,development,2020-03-24,2020-04-08,0.07747069415718144,0.07846880950418496,7736.324352219411,99861.30157196046,338
ICICIBANK.NS,development,2020-05-19,2020-06-02,0.13195362898599544,0.13296749358482324,13174.40096357857,99841.1416557312,325
ICICIBANK.NS,development,2020-09-25,2020-10-09,0.1813872405428216,0.18241576584072844,18089.84686063082,99730.53675933837,294
ICICIBANK.NS,development,2021-03-19,2021-04-05,-0.009330520416336441,-0.008356152436785606,-928.9406123128817,99559.35691287232,173
ICICIBANK.NS,development,2021-04-13,2021-04-28,0.14578045461075514,0.1467992909466737,14518.825358559896,99593.772,184
ICICIBANK.NS,development,2021-11-29,2021-12-10,0.04044747770836664,0.04143593837756036,4029.15657766718,99614.53237500001,137
ICICIBANK.NS,development,2022-03-08,2022-03-22,0.11374818426195285,0.11475713380602304,11347.672860743834,99761.35385696411,155
ICICIGI.NS,development,2022-06-08,2022-06-21,-0.020855778852364476,-0.019881855304823597,-2061.6647342173387,98853.40407623291,85
ICICIGI.NS,development,2022-11-16,2022-11-29,0.042693835693857554,0.043685305492724744,4228.051474886578,99031.89549902343,88
ICICIGI.NS,development,2023-01-23,2023-02-06,-0.0191786798646343,-0.018205893827509194,-1903.4954933622128,99250.6005,86
ICICIGI.NS,validation,2023-12-21,2024-01-04,-0.01576900980579212,-0.014793770805317484,-1559.3882336690954,98889.42,70
ICICIGI.NS,validation,2024-10-29,2024-11-11,0.008713122134527108,0.009695608182937219,861.1962554805131,98838.99734033203,52
ICICIGI.NS,out_of_sample,2025-02-17,2025-03-03,-0.042040794634677414,-0.04107267061733251,-4152.870314270461,98781.91766729736,57
ICICIGI.NS,out_of_sample,2026-07-17,2026-07-30,0.010485446530974774,0.01146909363255898,1034.7061383893868,98680.21694000244,61
ICICIPRULI.NS,development,2018-06-20,2018-07-03,-0.045255909299539966,-0.04429210855076476,-4508.293397325164,99617.784,254
ICICIPRULI.NS,development,2018-07-17,2018-07-30,0.19407597855698283,0.19510847049547886,19339.992338876367,99651.65438131713,283
ICICIPRULI.NS,development,2018-08-27,2018-09-07,0.006433695804298589,0.007411201569764792,642.7669141126638,99906.32657565307,266
ICICIPRULI.NS,development,2018-09-21,2018-10-05,-0.09496412901688431,-0.09401566958096041,-9484.819111033275,99877.914,282
ICICIPRULI.NS,development,2020-03-11,2020-03-24,-0.35496383800775383,-0.3540904823881337,-35482.489451643385,99960.85700106811,254
ICICIPRULI.NS,development,2020-09-01,2020-09-14,0.014870553764749661,0.0158505997531071,1485.239890048043,99877.914,236
ICICIPRULI.NS,development,2020-10-27,2020-11-09,0.03673181800514975,0.03771785978048113,3671.3654783132747,99950.55180221557,246
ICICIPRULI.NS,development,2021-02-03,2021-02-16,0.026299652767047106,0.02728352804729715,2623.2022289468796,99742.8465,209
ICICIPRULI.NS,development,2021-03-01,2021-03-15,-0.032159565509914986,-0.03119281468591703,-3210.1881781382917,99820.63274917603,215
ICICIPRULI.NS,development,2021-03-18,2021-04-01,0.02844377948351563,0.029428803225793398,2833.307074722879,99610.78050000001,231
ICICIPRULI.NS,development,2021-10-21,2021-11-03,-0.02532235020891332,-0.024352592517427923,-2521.147883341697,99562.16001049805,156
ICICIPRULI.NS,development,2021-12-21,2022-01-03,0.0439367236021664,0.04492553021427333,4383.912432182548,99777.86399999999,184
ICICIPRULI.NS,development,2022-02-25,2022-03-11,-0.037723706129749346,-0.03675883348913907,-3768.2179874041717,99889.92,208
ICICIPRULI.NS,validation,2022-11-11,2022-11-24,-0.06248303239643641,-0.061525057913071925,-6237.964787464298,99834.53984573366,203
ICICIPRULI.NS,validation,2023-02-02,2023-02-15,0.11090089754951597,0.11190914694936788,11060.350681165617,99731.841,253
ICICIPRULI.NS,validation,2023-10-12,2023-10-26,-0.031224679178006805,-0.030258338326251168,-3122.1547342685253,99989.97,190
ICICIPRULI.NS,validation,2023-12-15,2023-12-29,-0.00572983931928708,-0.004755635748173935,-572.1674255667995,99857.49925671387,186
ICICIPRULI.NS,validation,2024-01-24,2024-02-07,0.10244218230131925,0.10344736422377199,10232.941394704196,99889.92,208
ICICIPRULI.NS,out_of_sample,2025-01-23,2025-02-04,0.0175720032002644,0.018554692728970378,1746.9151190432694,99414.6825,167
ICIL.NS,development,2017-02-14,2017-02-28,-0.04680690981841811,-0.045844448650416404,-4673.196961545334,99839.895,587
ICIL.NS,development,2017-05-24,2017-06-06,0.026628071202231162,0.027611558652160834,2659.1565847437532,99862.9065,582
ICIL.NS,development,2017-07-24,2017-08-04,-0.0906464810458117,-0.08969700614707903,-9058.696812536977,99934.34613262939,644
ICIL.NS,development,2017-08-10,2017-08-24,-0.16350076213780923,-0.16257242636793232,-16346.997156426174,99981.16793270875,764
ICIL.NS,development,2017-09-26,2017-10-10,0.08413551351357765,0.08513535855255674,8405.804910493056,99907.929,979
ICIL.NS,development,2018-05-03,2018-05-16,-0.11523824672956118,-0.11429595938317087,-11519.578708505147,99963.15490237426,1112
ICIL.NS,development,2018-06-06,2018-06-19,0.030171038812801625,0.031155205831629017,3015.5215078485003,99947.55323336793,1452
IDBI.NS,development,2017-03-06,2017-03-20,-0.0011891499884758852,-0.00021410013994247156,-118.88188955074975,99972.15717347717,1286
IDBI.NS,development,2017-04-20,2017-05-04,0.135042051373571,0.1360564259918569,13495.487193886063,99935.44274999999,1397
IDBI.NS,development,2017-05-22,2017-06-02,-0.11893222328053175,-0.11799099345723484,-11888.69767055069,99961.95599999999,1448
IDBI.NS,development,2017-06-21,2017-07-05,-0.0033723501500386895,-0.002397977222181068,-337.1824597993001,99984.41585178566,1799
IDBI.NS,development,2017-08-16,2017-08-30,0.07222227515664652,0.0732184620734022,7219.761806195219,99965.85943236924,1942
IDBI.NS,development,2018-02-07,2018-02-21,0.19990144368187543,0.200934214364295,19990.03963088136,99999.47605527878,1710
IDBI.NS,development,2018-04-23,2018-05-07,-0.027726299164350196,-0.02675889775973338,-2771.974429563077,99976.35865976714,1487
IDBI.NS,development,2018-05-16,2018-05-29,0.04908838213867138,0.05007787829743909,4907.626413462971,99975.31390623664,1613
IDBI.NS,development,2018-06-06,2018-06-19,0.0017919228847614896,0.0027678468458078483,179.13487347499833,99967.959,1708
IDBI.NS,development,2018-06-27,2018-07-10,-0.0315394309130779,-0.030573016755260696,-3152.336186877843,99949.05093771745,1818
IDBI.NS,development,2018-09-06,2018-09-21,-0.0611924694410956,-0.06023458858805887,-6116.2148725468705,99950.45025,1679
IDBI.NS,development,2018-09-25,2018-10-09,0.11518632609821869,0.1161947722308643,11517.476956859398,99989.96709938049,1900
IDBI.NS,development,2019-01-22,2019-02-04,-0.11319132533033782,-0.1122484413138617,-11314.735531936221,99961.1542573185,1759
IDBI.NS,development,2019-02-06,2019-02-20,-0.06852428991990939,-0.06756863993854231,-6851.127871184562,99981.01226867294,2133
IDBI.NS,development,2019-05-02,2019-05-15,-0.12246366762544043,-0.1215235639093007,-12245.08896413292,99989.56589790343,2556
IDBI.NS,development,2019-07-25,2019-08-07,-0.14462951930038112,-0.14369579012444256,-14461.443760553158,99989.57218766784,3128
IDBI.NS,development,2020-01-31,2020-02-13,0.0367572506727676,0.03774320544061931,3674.7733350891453,99974.10763399888,2909
IDBI.NS,development,2020-03-04,2020-03-18,-0.2985541644582027,-0.2976647269585546,-29854.214168199996,99995.973,3388
IDEA.NS,development,2016-10-17,2016-10-28,0.013497597521243411,0.014476791267155193,1349.652898678866,99992.08352113723,2210
IDEA.NS,development,2017-01-16,2017-01-30,0.40255678295422315,0.4036478452821296,40254.312427574274,99996.60701817513,2385
IDEA.NS,development,2017-03-21,2017-04-03,-0.13387139937742817,-0.13293450912807334,-13383.495587496613,99972.77723051261,1691
IDEA.NS,development,2017-05-25,2017-06-07,0.0077510951039299674,0.008728688877576054,774.9462377571557,99978.93553960416,2122
IDEA.NS,development,2017-09-07,2017-09-20,-0.027368585211741,-0.026401059845286186,-2736.0673109725817,99971.09056988526,2016
IDEA.NS,development,2018-01-25,2018-02-08,-0.06942068803757931,-0.06846522401074645,-6939.5050255561555,99963.06896007157,1807
IDEA.NS,development,2018-05-04,2018-05-17,-0.17950074677113442,-0.1785770801374734,-17949.736136088635,99998.11398542403,2590
IDEA.NS,development,2018-06-26,2018-07-09,-0.027429213981503334,-0.02646181423713986,-2742.8698599229174,99998.1210461426,2960
IDEA.NS,development,2018-07-19,2018-08-01,0.0683992924763927,0.0693942749904389,6839.387910317967,99992.08562981129,3315
IDEA.NS,development,2018-09-07,2018-09-24,-0.09682707390574019,-0.09587953035134646,-9680.071522350952,99972.77757019042,3560
IDEA.NS,development,2018-09-25,2018-10-09,-0.1720499514988167,-0.17112412043904035,-17203.73736732772,99992.68943383599,3994
IDEA.NS,development,2018-12-03,2018-12-14,0.012926312054973339,0.013905373243053866,1292.426377651373,99984.1541930065,4649
IDEA.NS,development,2019-01-21,2019-02-01,-0.12441467138179851,-0.12347515521882614,-12440.992200261302,99996.18262128353,4709
IDEA.NS,development,2019-04-04,2019-04-18,0.08228018788107203,0.0832791411492253,8227.802498249917,99997.37130088233,6286
IDEA.NS,development,2019-05-10,2019-05-23,-0.11067184688807197,-0.10972836448144749,-11066.373761180923,99992.67268371247,6989
IDEA.NS,development,2019-07-22,2019-08-02,-0.4191593667022946,-0.4183045975417729,-41912.61170974378,99992.0675505552,9169
IDEA.NS,development,2019-10-25,2019-11-07,-0.0626071779087549,-0.061649896560326864,-6260.628675691842,99998.57659797765,24084
IDEA.NS,development,2020-01-20,2020-01-31,0.12495778242505398,0.12596901664339233,12495.212020305627,99995.46869199515,21265
IDEA.NS,development,2020-02-17,2020-03-02,-0.06992069648474478,-0.06896551637190843,-6991.93507481758,99998.07533872426,27013
IDEA.NS,development,2020-07-16,2020-07-29,-0.04863397929411992,-0.047672653446029105,-4863.012098560367,99992.06664029503,11554
IDEA.NS,development,2020-12-22,2021-01-05,0.29048017610364535,0.2915389984764603,29047.660995643117,99998.77232682037,10864
IDEA.NS,development,2021-02-22,2021-03-05,-0.0345265326575586,-0.033561149755798464,-3452.37938578105,99992.0675505552,9169
IDEA.NS,development,2021-03-26,2021-04-12,-0.04086671234082936,-0.039903165607416226,-4086.478214134491,99995.27684177687,10983
IDEA.NS,development,2021-04-13,2021-04-28,-0.0250324335782702,-0.024064324172864568,-2503.068777507186,99993.02583509158,11293
IDEA.NS,development,2021-07-05,2021-07-16,0.07125779440066315,0.07225360102192876,7125.178948299846,99991.57296725894,11357
IDEA.NS,development,2021-08-04,2021-08-17,-0.19792825772489372,-0.19700989737542318,-19792.791384197924,99999.8262588079,13979
IDEA.NS,development,2021-10-20,2021-11-02,0.0025172680023834684,0.003493272418203727,251.72673730664678,99999.975,9995
IDEA.NS,development,2022-01-12,2022-01-25,-0.07611253395024874,-0.07515911167107198,-7610.672628740577,99992.36963671875,8192
IDEA.NS,development,2022-05-13,2022-05-26,0.03987468089276369,0.04086143365750532,3987.4172241365554,99998.724375,12115
IDEA.NS,validation,2022-11-25,2022-12-08,-0.008673932710896991,-0.007701141896209691,-867.382660869335,99998.77676934814,12416
IDEA.NS,validation,2023-01-30,2023-02-10,0.21419273384954451,0.21522961567750767,21419.095956881472,99999.17164289474,15496
IDEA.NS,validation,2023-03-28,2023-04-13,0.005844651626694893,0.006821620946881312,584.4533214052937,99997.974,16658
IDEA.NS,validation,2024-07-24,2024-08-06,-0.010955422570594092,-0.009983251035101719,-1095.4280034668814,99989.57104650307,6532
IDEA.NS,out_of_sample,2024-09-10,2024-09-23,-0.18860693328212302,-0.18768589088047652,-18860.59453289976,99999.47618408919,7515
IDEA.NS,out_of_sample,2024-10-28,2024-11-08,0.010356676661821655,0.011334936906080385,1035.6639121639744,99999.63752675557,12847
IDEA.NS,out_of_sample,2024-11-21,2024-12-04,0.17155227286637678,0.17257688961828777,17155.18885276457,99999.77596406935,13940
IDEA.NS,out_of_sample,2025-02-17,2025-03-03,-0.08922191658126001,-0.08827226918795927,-8921.619097779901,99993.58273877049,12233
IDEA.NS,out_of_sample,2025-06-20,2025-07-03,0.17673302375896177,0.17775913361792647,17673.120870756662,99998.97299816608,15740
IDEA.NS,out_of_sample,2026-01-21,2026-02-04,0.1177453950130933,0.11875456674357236,11773.662583017789,99992.55241963862,9866
IDEA.NS,out_of_sample,2026-03-05,2026-03-18,-0.061192292205872,-0.060234605342112266,-6119.163243836566,99998.92181272745,9965
IDFCFIRSTB.NS,development,2019-07-25,2019-08-07,0.1148836417083997,0.11589201279487191,11486.867064663047,99986.9685,2701
IDFCFIRSTB.NS,development,2019-10-01,2019-10-16,-0.027305056279724495,-0.02633757700852022,-2730.1553176878083,99987.1704976158,2486
IDFCFIRSTB.NS,development,2020-01-31,2020-02-13,-0.004908581913739854,-0.003934580896063409,-490.6960044646825,99966.9585,2437
IDFCFIRSTB.NS,development,2020-03-11,2020-03-24,-0.42380758416244646,-0.4229541561576422,-42377.86351026934,99993.16929171754,3024
IDFCFIRSTB.NS,development,2020-09-23,2020-10-07,0.08702114929336693,0.08802151962254234,8700.719719250073,99983.967,3446
IDFCFIRSTB.NS,development,2020-12-23,2021-01-06,0.19198330487820056,0.1930138741032983,19194.60019515557,99980.56970283508,2884
IDFCFIRSTB.NS,development,2021-04-13,2021-04-28,0.06583013334640413,0.06682435704326371,6582.820882421797,99997.07653305816,1954
IDFCFIRSTB.NS,development,2021-07-01,2021-07-14,-0.012575325510957018,-0.011603660051286071,-1257.5277978427978,99999.62201750564,1839
IDFCFIRSTB.NS,development,2021-08-06,2021-08-20,-0.1421416796446294,-0.1412071629022408,-14210.125122656345,99971.55766122435,2056
IDFCFIRSTB.NS,development,2021-08-23,2021-09-03,0.08298551470167924,0.08398481738396715,8295.294586330941,99960.7535863495,2376
IDFCFIRSTB.NS,development,2022-02-25,2022-03-11,0.03667174851848852,0.03765769851395034,3666.0438119026685,99969.15773062706,2449
IDFCFIRSTB.NS,development,2022-03-29,2022-04-11,0.09155145346162961,0.09255311761804345,9153.883595475283,99986.21812499998,2579
IDFCFIRSTB.NS,development,2022-05-13,2022-05-26,-0.036216345216311153,-0.03525140984934339,-3620.999513288179,99982.46625,2815
IDFCFIRSTB.NS,development,2022-06-14,2022-06-27,-0.026746714883161223,-0.02577899535458958,-2673.795888771553,99967.26328641128,3037
IDFCFIRSTB.NS,validation,2023-10-27,2023-11-09,-0.012397565364235752,-0.011425848194580658,-1239.7500246023676,99999.47475,1169
IDFCFIRSTB.NS,validation,2024-01-24,2024-02-07,0.007835629168029162,0.008813314413993328,783.2664150804642,99962.1598066864,1214
IDFCFIRSTB.NS,validation,2024-08-06,2024-08-20,0.007977004832436484,0.008954844418229373,797.1722210827695,99933.77687841796,1376
IDFCFIRSTB.NS,out_of_sample,2025-01-28,2025-02-07,0.1061552125204448,0.10716107667052208,10614.052783658693,99986.16678021813,1729
IDFCFIRSTB.NS,out_of_sample,2025-03-17,2025-03-28,0.023809572680127646,0.02479180330718312,2380.3444268892317,99974.26072564317,1866
IDFCFIRSTB.NS,out_of_sample,2026-02-24,2026-03-10,-0.03989440393090793,-0.038930567148721194,-3989.14798613007,99992.67047676088,1430
IEX.NS,development,2022-06-30,2022-07-13,0.013335895224265402,0.014315531977527038,1331.8546558168155,99869.91,620
IEX.NS,development,2022-07-27,2022-08-10,0.06882714174099798,0.06982223174127229,6882.4370072000065,99995.973,649
IEX.NS,development,2022-09-27,2022-10-11,-0.023269993823283236,-0.022301349325337286,-2326.6728577749955,99985.96800000001,694
IEX.NS,development,2022-10-24,2022-11-07,0.056611140197533674,0.057603206108019916,5653.976034308142,99873.91200000001,734
IEX.NS,development,2022-12-26,2023-01-06,0.05962822798826304,0.06062116958763286,5955.185078731515,99871.911,762
IEX.NS,validation,2023-03-29,2023-04-17,0.20767636996713756,0.2087114526544519,20763.580588510013,99980.46764682767,785
IEX.NS,validation,2023-06-07,2023-06-20,-0.11496805161053883,-0.11402551103156854,-11487.531466678696,99919.33677012635,678
IEX.NS,validation,2023-07-28,2023-08-10,0.07411946760870093,0.07511635721834227,7406.509328686379,99926.63962169265,833
IEX.NS,validation,2024-01-24,2024-02-07,0.04926373849965016,0.05025348365421452,4922.715312388875,99925.73568942261,724
IEX.NS,validation,2024-03-14,2024-03-28,0.015297351042385048,0.016277134897794324,1529.3367918120632,99973.962,757
IEX.NS,validation,2024-07-22,2024-08-02,0.15985414883005428,0.16087603410731846,15960.141302658802,99841.89600000001,594
IEX.NS,validation,2024-10-23,2024-11-05,-0.03596001738458949,-0.03499444536012289,-3590.3207066177993,99842.01810081482,557
IEX.NS,validation,2024-11-14,2024-11-29,0.08496168653607505,0.0859620340383194,8482.735871119405,99841.896,616
IEX.NS,out_of_sample,2025-01-14,2025-01-27,-0.0009452564865672183,2.9940871243493818e-05,-94.48106544878745,99952.83480349732,612
IEX.NS,out_of_sample,2025-02-28,2025-03-13,-0.01915653120995648,-0.018186754994867462,-1915.6296202907124,99998.77322753906,640
IEX.NS,out_of_sample,2025-06-20,2025-07-03,0.10208739713417805,0.10309230859430621,10201.79174725625,99931.94099999999,558
IEX.NS,out_of_sample,2025-07-25,2025-08-07,-0.033912632567495146,-0.03294692454595694,-3389.735652503974,99954.95471363068,725
IEX.NS,out_of_sample,2025-12-31,2026-01-13,0.06631380424264154,0.06730818266985873,6630.927454012272,99993.16929171754,756
IFCI.NS,development,2016-11-10,2016-11-24,-0.03797516011706209,-0.03701079981522249,-3797.507402885359,99999.77330389594,4182
IFCI.NS,development,2017-05-23,2017-06-05,-0.12813554464970003,-0.1271970768983234,-12812.372171780578,99990.77310520934,3544
IFCI.NS,development,2017-08-10,2017-08-24,-0.02516055648674446,-0.024192495733230148,-2515.954406432516,99995.9761525154,4130
IFCI.NS,development,2018-02-05,2018-02-19,-0.07173771497565777,-0.07078300695270799,-7172.728987157323,99985.46775000001,4079
IFCI.NS,development,2018-03-07,2018-03-20,-0.048794645944892946,-0.047833393529120444,-4879.409500928723,99998.87090971756,4638
IFCI.NS,development,2018-05-14,2018-05-25,0.010907042652804596,0.011885478446215056,1090.6532271888084,99995.32062968159,5359
IFCI.NS,development,2018-06-06,2018-06-19,0.01641970335836754,0.01739976892377015,1641.7112252229806,99984.2195313692,6305
IFCI.NS,development,2018-06-28,2018-07-11,0.030470505463379156,0.03145457057459199,3046.883560569309,99994.51975718593,6597
IFCI.NS,development,2018-09-25,2018-10-09,-0.14356413035956944,-0.14263010218311814,-14355.180972801245,99991.41802933217,7063
IFCI.NS,development,2018-12-06,2018-12-19,0.1242224790308439,0.12523350777778355,12421.499089980793,99993.97200000001,7688
IFCI.NS,development,2019-01-25,2019-02-07,-0.0916000569364491,-0.09065110301991863,-9159.636820215626,99995.973,7139
IFCI.NS,development,2019-04-24,2019-05-09,-0.2293405738885411,-0.2284312317716378,-22933.13455736275,99995.9761525154,8260
IFCI.NS,development,2019-10-14,2019-10-27,0.05848572053904351,0.05947783471248675,5848.363033944582,99996.4261368785,15259
IFCI.NS,development,2019-12-11,2019-12-24,0.04395475152413658,0.04494267585690131,4395.438742182923,99999.17164289474,15496
IFCI.NS,development,2020-02-13,2020-02-27,-0.07072777472106037,-0.06977282329542843,-7072.580989982394,99997.22199483275,17085
IFCI.NS,development,2020-03-02,2020-03-16,-0.28234682421653695,-0.28145273656849973,-28234.307625290203,99998.67256745482,18682
IFCI.NS,development,2020-03-17,2020-03-30,0.010323776140637616,0.011302028765753667,1032.3691180636501,99999.17704529857,25628
IGL.NS,development,2018-01-18,2018-02-01,-0.04385585835370324,-0.04289281339523941,-4381.460227063274,99905.928,632
IGL.NS,development,2018-02-05,2018-02-19,0.048424092704297504,0.04941373913994539,4837.08864650776,99890.12444787596,712
IGL.NS,development,2018-05-04,2018-05-17,0.007303167642146324,0.008281017536311008,729.4612855322454,99882.86196835327,738
IGL.NS,development,2018-06-29,2018-07-12,0.0790296026498751,0.08002777087817235,7899.795524549397,99959.955,824
IGL.NS,development,2018-09-12,2018-09-27,-0.032409008073595244,-0.03144301863391403,-3240.6633676937436,99992.6736521759,754
IGL.NS,development,2018-10-01,2018-10-15,-0.02016125961027301,-0.019191651007132247,-2015.4900597782482,99968.45925,814
IGL.NS,development,2018-12-07,2018-12-20,0.04097833180153229,0.04196542558257969,4097.538964640661,99992.8202174263,791
IGL.NS,development,2020-07-08,2020-07-21,-0.02946922146148481,-0.028501974974051447,-2943.678174250001,99889.92000000001,480
IGL.NS,development,2020-08-04,2020-08-17,0.0007128543452462968,0.0016888107670303965,71.20161443751182,99882.41625,510
IGL.NS,development,2020-10-14,2020-10-27,0.11702701566291102,0.11803668159104629,11681.371901667071,99817.73725918579,546
IGL.NS,development,2021-02-24,2021-03-09,0.010009358450370931,0.010988153973132714,999.3458146563083,99841.14562499999,390
IGL.NS,development,2021-08-10,2021-08-24,-0.009742995767446763,-0.008770414292889555,-974.0488354706496,99974.26445828247,378
IGL.NS,development,2021-10-22,2021-11-04,-0.0250915437221584,-0.02412326404250188,-2507.8056864257283,99946.24938963319,406
IGL.NS,development,2022-01-20,2022-02-03,-0.09421730372400454,-0.09326865960887597,-9410.934741750823,99885.41775,452
IGL.NS,development,2022-02-22,2022-03-08,0.009396352394061865,0.010374682102442604,938.8208421888077,99913.32836581422,546
IGL.NS,development,2022-06-15,2022-06-28,0.059211826036183926,0.06020430484510071,5918.666115904258,99957.50025151062,577
IGL.NS,development,2022-07-27,2022-08-10,0.07331100314219113,0.07430757087511711,7327.357750853202,99948.94949999999,566
IGL.NS,validation,2023-06-05,2023-06-16,0.012173360370662425,0.013152662799035245,1215.7524046156232,99869.91,434
IGL.NS,validation,2023-10-23,2023-11-06,-0.011353043683520655,-0.010380309776951202,-1133.269453769188,99820.76043750001,493
IGL.NS,validation,2024-03-14,2024-03-28,0.054601476021337386,0.055592909815462256,5454.000499711411,99887.41875,490
IGL.NS,out_of_sample,2024-10-21,2024-11-01,-0.07674896058096636,-0.07579505560848981,-7661.563960645309,99826.28953733825,438
IGL.NS,out_of_sample,2024-11-19,2024-12-03,0.0953749993513451,0.09637810274194222,9528.0984161047,99901.42575,607
IGL.NS,out_of_sample,2025-11-24,2025-12-05,-0.04911063598045883,-0.048148858200235685,-4903.456168292426,99845.09608557128,496
IGL.NS,out_of_sample,2025-12-09,2025-12-22,0.05893661807150703,0.05992941258394269,5885.351597738888,99858.99751828765,541
IGL.NS,out_of_sample,2026-02-13,2026-02-26,0.008831903180820631,0.009810106658508184,882.3453135709144,99904.3236215515,586
IGL.NS,out_of_sample,2026-05-18,2026-05-29,0.05349664870320636,0.054487790255137517,5343.302169853021,99881.06356899261,657
IGL.NS,out_of_sample,2026-07-03,2026-07-16,-0.015839798922883057,-0.014868863796932254,-1583.1490386839507,99947.54645507812,640
IIFL.NS,out_of_sample,2025-08-06,2025-08-20,0.07289140873437558,0.07388939325450858,7257.5466035680765,99566.5570138092,227
IIFL.NS,out_of_sample,2026-01-23,2026-02-06,-0.06445546588233077,-0.06349711396964874,-6419.74989940032,99599.775,181
INDHOTEL.NS,out_of_sample,2025-02-17,2025-03-03,0.04312575457545287,0.04411571192820855,4288.196145040623,99434.69249999999,143
INDHOTEL.NS,out_of_sample,2025-05-12,2025-05-23,0.008595113560992327,0.009573378920545352,858.4104165983188,99871.911,131
INDHOTEL.NS,out_of_sample,2025-09-29,2025-10-13,0.01851081814199046,0.019493013593873704,1843.7473390013397,99603.77358032227,140
INDHOTEL.NS,out_of_sample,2025-11-10,2025-11-21,0.05802677282724223,0.059020359816884,5779.290859316855,99596.9718413086,144
INDHOTEL.NS,out_of_sample,2026-01-21,2026-02-04,0.06120820682259058,0.062203587182607906,6082.851089279766,99379.665,154
INDIACEM.NS,development,2016-11-11,2016-11-25,-0.17188944433841283,-0.17096309926478293,-17167.615188361662,99875.913,703
INDIACEM.NS,development,2017-05-25,2017-06-07,0.14676588926066048,0.14778364866619098,14666.630044504278,99932.14444029237,547
INDIACEM.NS,development,2017-08-04,2017-08-18,-0.050565283823182566,-0.04960410419790106,-5050.9621558750005,99889.92,520
INDIACEM.NS,development,2017-11-14,2017-11-27,0.08000574161161861,0.08100404639099426,8000.251830250853,99995.97115276336,605
INDIACEM.NS,development,2018-01-30,2018-02-12,-0.05471983288899623,-0.05375994430442048,-5467.273662322533,99913.932,584
INDIACEM.NS,development,2018-05-04,2018-05-17,-0.033985142616593605,-0.03301945544768965,-3396.983391177894,99954.95471363068,725
INDIACEM.NS,development,2018-06-05,2018-06-18,-0.020529767816718895,-0.0195599745624107,-2050.8400780730503,99895.921687088,860
INDIACEM.NS,development,2018-06-29,2018-07-12,0.07671137640623843,0.07770874178295457,7670.675224446866,99993.97200000001,961
INDIACEM.NS,development,2018-07-17,2018-07-30,0.17409440708550275,0.17511996238711774,17400.37892056707,99947.94900000001,1004
INDIACEM.NS,development,2018-09-26,2018-10-10,-0.12301146802330759,-0.12207120810836848,-12290.2273264793,99911.23204993058,917
INDIACEM.NS,development,2018-12-07,2018-12-20,0.10358608648472735,0.10459143695932693,10351.351407253615,99929.94,1135
INDIACEM.NS,development,2019-01-15,2019-01-28,-0.08198275415638241,-0.08103097841366497,-8196.796938649784,99981.966,1162
INDIACEM.NS,development,2019-05-10,2019-05-23,0.026190214628427345,0.027173047991339048,2618.8832407112563,99994.72237500001,1007
INDIACEM.NS,development,2019-07-31,2019-08-14,-0.06592719879828256,-0.06497068236198773,-6589.499139001016,99951.14700933838,1176
INDIACEM.NS,development,2019-08-23,2019-09-06,0.05259012165563444,0.05358073003848613,5256.332448310506,99949.04523571015,1413
INDIACEM.NS,development,2019-12-10,2019-12-23,-0.04704917978912922,-0.04608728086073481,-4703.165795190965,99962.75846401977,1352
INDIACEM.NS,development,2022-06-21,2022-07-04,0.06315014435601715,0.06414382204629486,6311.285389918048,99940.94953033449,660
INDIACEM.NS,validation,2022-12-26,2023-01-06,0.09050497537946778,0.09150698874341347,9034.571740861913,99824.03401560974,501
INDIACEM.NS,validation,2023-01-27,2023-02-09,-0.008406740682298842,-0.007433461060621477,-839.7991198798925,99895.923,516
INDIACEM.NS,validation,2023-10-25,2023-11-07,0.013610522307075813,0.014590306280925367,1359.050143291994,99852.9015,473
INDIACEM.NS,validation,2024-02-06,2024-02-19,0.028666919613233047,0.02965057235786412,2865.7734445519773,99967.959,427
INDIACEM.NS,validation,2024-02-29,2024-03-14,-0.09756361525036772,-0.09661562789902028,-9737.754031400025,99809.27835044861,442
INDIACEM.NS,validation,2024-05-10,2024-05-24,0.022254730556571803,0.023236665474592823,2224.0586839018843,99936.44624221801,490
INDIACEM.NS,validation,2024-06-05,2024-06-19,0.16000092959533063,0.16102271256612183,15980.559086042487,99877.91399999999,531
INDIACEM.NS,out_of_sample,2025-01-23,2025-02-04,-0.11961477130378761,-0.11867350928581201,-11950.105055033982,99904.9275,315
INDIACEM.NS,out_of_sample,2025-02-21,2025-03-07,0.13217147945175453,0.13318574247553253,13185.104093863472,99757.55850320435,381
INDIAMART.NS,development,2023-07-11,2023-07-24,0.14936260074247448,0.15038946016042276,14621.086180448894,97889.87409008789,37
INDIAMART.NS,validation,2024-01-11,2024-01-25,-0.05676411383598783,-0.05579894553250999,-5589.625456898689,98471.11280639647,38
INDIAMART.NS,validation,2024-03-12,2024-03-26,0.03945880080522019,0.040453223946711185,3870.47510135926,98089.02,38
INDIAMART.NS,validation,2024-06-05,2024-06-19,0.07808402191295179,0.07908806064497058,7687.309490112572,98449.2,41
INDIAMART.NS,validation,2024-09-27,2024-10-11,0.039451149761181296,0.04044465740880634,3878.408210521441,98309.13,34
INDIAMART.NS,validation,2024-10-22,2024-11-04,-0.026991391955350844,-0.026017864526326515,-2659.200889552089,98520.33173950194,39
INDIAMART.NS,validation,2024-11-19,2024-12-03,0.047542180330395034,0.04853586327063517,4698.669428608539,98831.59324951173,44
INDIANB.NS,development,2017-06-27,2017-07-10,0.059697676040057775,0.060691107733330536,5955.132867968747,99754.8525,345
INDIANB.NS,development,2017-08-11,2017-08-28,0.07491668526466427,0.07591393209226069,7483.781142763677,99894.71792999268,366
INDIANB.NS,development,2017-09-25,2017-10-09,-0.001369721231606028,-0.0003939439683265936,-136.66785876509874,99777.86399999999,368
INDIANB.NS,development,2018-02-02,2018-02-16,-0.02576641956936041,-0.02479756586974853,-2570.3253835946616,99754.85250000001,289
INDIANB.NS,development,2018-03-07,2018-03-20,-0.006777226444165563,-0.0058031329163003844,-676.4341581249914,99809.87999999999,344
INDIANB.NS,development,2018-07-17,2018-07-30,0.12141231457095944,0.1224226593295814,12136.733460345396,99962.95271392821,310
INDIANB.NS,development,2018-09-19,2018-10-04,-0.15374455900886028,-0.1528131482204104,-15361.223414181253,99913.932,342
INDIANB.NS,development,2019-01-29,2019-02-11,-0.06398307473642506,-0.06302573215843851,-6390.918358032144,99884.51452761842,454
INDIANB.NS,development,2019-05-14,2019-05-27,0.1797323919946829,0.18075978519550626,17954.173546790276,99893.92199999999,436
INDIANB.NS,development,2019-07-31,2019-08-14,-0.004915238476367758,-0.0039412193430130036,-491.3368523041809,99961.956,543
INDIANB.NS,development,2019-10-01,2019-10-16,-0.1382343757624615,-0.13729853337938394,-13812.535638003039,99921.13439089966,792
INDIANB.NS,development,2019-12-18,2020-01-01,-0.08013307599249575,-0.07918063652536245,-8009.224894169941,99949.05093771745,909
INDIANB.NS,development,2020-02-13,2020-02-27,-0.1583580356163399,-0.1574279760504876,-15823.14073855002,99920.03675067902,1114
INDIANB.NS,development,2020-03-13,2020-03-26,-0.02820654834253232,-0.027239350933007795,-2820.452305204162,99992.81978614998,2147
INDIANB.NS,out_of_sample,2025-12-04,2025-12-17,-0.04889981652939889,-0.04793541759177854,-4851.408465924176,99211.17930999756,122
INDIANB.NS,out_of_sample,2026-05-05,2026-05-18,-0.02080177726429937,-0.019832050819220456,-2077.953486631153,99893.07453057861,121
INDIANB.NS,out_of_sample,2026-07-07,2026-07-20,0.08869948917107136,0.08970046011467389,8865.913567299089,99954.50537713623,127
INDIGO.NS,development,2017-09-21,2017-10-05,-0.028674914979910072,-0.02770572200105035,-2852.10174283658,99463.30250097657,88
INDIGO.NS,development,2018-05-04,2018-05-17,-0.028604152658158567,-0.027634520498061792,-2842.10440608011,99359.8530970459,82
INDIGO.NS,development,2018-06-29,2018-07-12,0.0195738341575379,0.02055858323501597,1938.7784863870502,99049.5,90
INDIGO.NS,development,2018-07-26,2018-08-08,0.004604149478934083,0.005584047506579377,456.6559683218736,99183.567,97
INDIGO.NS,development,2018-09-05,2018-09-19,-0.05592469509091117,-0.05496222283400261,-5547.0681984938865,99188.17061901855,108
INDIGO.NS,development,2018-10-03,2018-10-16,0.0976617914516346,0.0986668058375876,9726.115348456256,99589.77,126
INDIGO.NS,development,2019-07-11,2019-07-24,0.15392084627318328,0.15494307411137367,15289.579297761562,99334.03868261719,72
INDIGO.NS,development,2019-10-23,2019-11-05,-0.12496661142664588,-0.1240207723248735,-12296.986554211724,98402.1765,59
INDIGO.NS,development,2019-12-06,2019-12-19,-0.03181981248804691,-0.03085136769027042,-3163.6749129326618,99424.6875,75
INDIGO.NS,development,2020-03-04,2020-03-18,-0.22674172978952112,-0.22582878215258498,-22512.45410052219,99286.77055352784,81
INDIGO.NS,development,2020-04-27,2020-05-11,0.05258942227705266,0.05358289228443384,5218.952968058684,99239.595,109
INDIGO.NS,development,2020-07-15,2020-07-28,-0.05197294635648013,-0.05100912349939818,-5152.36625835953,99135.543,103
INDIGO.NS,development,2021-02-23,2021-03-08,0.1276035733566544,0.12861644914779433,12731.756653544,99775.863,66
INDIGO.NS,development,2021-04-06,2021-04-20,-0.008670511984032065,-0.007691966817552209,-854.7500482540527,98581.26599999999,63
INDIGO.NS,development,2022-03-08,2022-03-22,0.1449156451502701,0.14593562593703147,14382.819814906248,99249.59999999999,62
INDIGO.NS,development,2022-04-28,2022-05-12,-0.10894265004346987,-0.10799323777322725,-10747.552155418745,98653.302,54
INDIGO.NS,development,2022-05-13,2022-05-26,0.10147508597773304,0.10248464088893967,10019.989775273596,98743.34846557617,60
INDIGO.NS,validation,2022-11-10,2022-11-23,0.09459030172210714,0.09559926772874187,9308.208864592221,98405.53095959473,57
INDIGO.NS,validation,2023-02-17,2023-03-02,-0.026422753002440364,-0.025450190200783526,-2610.4298098617724,98794.77015966797,52
INDIGO.NS,validation,2023-08-04,2023-08-18,-0.006852634104526269,-0.005873862529963745,-676.0350085908157,98653.30590820312,40
INDIGO.NS,validation,2023-09-18,2023-10-03,0.003642824981803296,0.004624610771537353,359.3803577093793,98654.30249999999,41
INDIGO.NS,out_of_sample,2024-10-29,2024-11-11,-0.006477555467829767,-0.00549053969603672,-626.4646719938835,96713.13122753907,24
INDIGO.NS,out_of_sample,2025-12-09,2025-12-22,0.04731696711580966,0.048313733359804586,4640.328121250009,98069.01,20
INDIGO.NS,out_of_sample,2026-03-10,2026-03-23,-0.10767180615285525,-0.10671540674576607,-10451.541792266491,97068.51,22
INDIGO.NS,out_of_sample,2026-07-24,2026-08-06,0.07183380506842524,0.07283358320839567,7115.102475124986,99049.5,20
INDUSINDBK.NS,development,2017-10-26,2017-11-08,0.038131483250049836,0.03911851225214089,3805.7040841148,99804.77442114257,62
INDUSINDBK.NS,development,2018-08-31,2018-09-14,-0.0015166341159240319,-0.0005386142955797285,-150.46918583179345,99212.5815,53
INDUSINDBK.NS,development,2018-09-24,2018-10-08,-0.09784094245021951,-0.0968902208025438,-9697.36138044999,99113.53199999999,56
INDUSINDBK.NS,development,2018-10-23,2018-11-05,0.03331198184038622,0.03430062057521984,3300.0350748668043,99064.50749999999,69
INDUSINDBK.NS,development,2019-05-02,2019-05-15,-0.14097275386164054,-0.1400352791818998,-14001.546028188475,99320.9371644287,62
INDUSINDBK.NS,development,2020-01-16,2020-01-29,-0.10673642173828767,-0.10579105465061077,-10652.815496378138,99804.8775,71
INDUSINDBK.NS,development,2020-02-17,2020-03-02,-0.08460198779591109,-0.08364631459780311,-8361.501423812497,98833.39199999999,84
INDUSINDBK.NS,development,2020-03-11,2020-03-24,-0.6503211258820043,-0.6495317376295785,-64849.1363735349,99718.63713574219,112
INDUSINDBK.NS,development,2020-09-25,2020-10-09,0.24343349333469322,0.24448067105611185,24228.896358592694,99529.83883479309,199
INDUSINDBK.NS,development,2021-01-28,2021-02-10,0.27345583770955467,0.27451213039550876,27184.485217788148,99410.8790855713,124
INDUSINDBK.NS,development,2021-03-23,2021-04-07,-0.034607896437849034,-0.03364138012347389,-3450.539719273216,99703.827,102
INDUSINDBK.NS,development,2021-04-13,2021-04-28,0.08783317704325014,0.08883572847652453,8739.376961679702,99499.72499999999,117
INDUSINDBK.NS,development,2021-11-09,2021-11-23,-0.09449434013054246,-0.09354423102014982,-9402.349940220041,99501.72600000001,92
INDUSINDBK.NS,development,2021-12-21,2022-01-03,0.06435864515897635,0.06535551686937228,6386.655347684286,99235.39148327635,116
INDUSINDBK.NS,development,2022-06-21,2022-07-04,0.0426042215746466,0.04359353863115997,4241.505951182322,99556.00159835815,125
INDUSINDBK.NS,validation,2022-11-21,2022-12-02,0.050264196450120056,0.05125517707781687,5010.826400633172,99689.77432287596,89
INDUSINDBK.NS,validation,2023-01-31,2023-02-13,0.05239304033218642,0.05338386287451975,5233.09389770498,99881.47022058106,91
INDUSINDBK.NS,validation,2024-01-24,2024-02-07,0.03540220571903869,0.03639038129529584,3516.367803989701,99326.23497802735,68
INDUSINDBK.NS,validation,2024-05-10,2024-05-24,0.025861882869964936,0.02684624077354823,2575.630716414371,99591.77100000001,71
INDUSINDBK.NS,validation,2024-07-26,2024-08-08,-0.015418877784702203,-0.014446806794919805,-1537.1822838950793,99694.8225,73
INDUSINDBK.NS,out_of_sample,2024-10-23,2024-11-05,-0.14680127916348254,-0.14586599941786954,-14599.240080455735,99448.99774475099,78
INDUSINDBK.NS,out_of_sample,2025-03-10,2025-03-24,-0.2540372425333893,-0.2531325820946239,-25249.948524409298,99394.6725,111
INDUSTOWER.NS,development,2021-07-22,2021-08-04,-0.08727803232112713,-0.08632761916074685,-8722.736393224342,99941.946,442
INDUSTOWER.NS,development,2021-08-05,2021-08-18,0.08493177367547451,0.0859316913553774,8488.671609556306,99946.9485,497
INDUSTOWER.NS,development,2021-10-26,2021-11-09,-0.006747338911717097,-0.005773654268756093,-674.1531612062561,99913.932,342
INDUSTOWER.NS,development,2021-12-20,2021-12-31,-0.0036784850760167315,-0.0027042112143761065,-367.8013165183613,99987.17105484007,402
INDUSTOWER.NS,development,2022-02-25,2022-03-11,0.00314969308509384,0.004126091655082899,314.8022125666801,99946.9485,469
INDUSTOWER.NS,development,2022-08-04,2022-08-19,-0.05670415263480229,-0.055744738441865914,-5664.17327035819,99889.92000000001,480
INDUSTOWER.NS,validation,2023-01-19,2023-02-02,-0.19664953271638663,-0.19573054245738652,-19652.04237323092,99934.345644104,564
INDUSTOWER.NS,validation,2023-10-30,2023-11-10,0.08226045365654559,0.08325955682371285,8222.632056929473,99958.50607949067,591
INDUSTOWER.NS,validation,2024-06-05,2024-06-19,0.043482153680966855,0.04446997533570375,4347.818229380832,99990.86662728882,313
INDUSTOWER.NS,out_of_sample,2024-09-20,2024-10-04,-0.05530596688905517,-0.054346078373474174,-5523.512602912665,99871.91100000001,254
INDUSTOWER.NS,out_of_sample,2024-10-28,2024-11-08,-0.04565822116978289,-0.04469586433483344,-4563.461712661371,99948.30275344849,293
INDUSTOWER.NS,out_of_sample,2025-02-17,2025-03-03,-0.025021354154884667,-0.024053232337236847,-2501.9032267049174,99990.720375,299
INDUSTOWER.NS,out_of_sample,2025-08-01,2025-08-14,-0.08509734719212886,-0.08414609336167303,-8500.260492555168,99888.66601638794,275
INDUSTOWER.NS,out_of_sample,2026-08-11,2026-08-24,0.008991948312943074,0.009970014992503695,898.7447842812446,99949.95,270
INFY.NS,development,2016-11-15,2016-11-28,0.057753266611017734,0.05874578944294092,5766.195638637505,99841.896,216
INFY.NS,development,2017-01-17,2017-01-31,-0.0313373136863631,-0.030370957673736522,-3133.04473871471,99978.0890625,209
INFY.NS,development,2017-04-06,2017-04-20,-0.07332891545888734,-0.07237418194500664,-7322.98553849229,99864.90994262697,200
INFY.NS,development,2017-08-22,2017-09-05,0.00499664384920697,0.005973903244483342,498.988382787316,99864.70876176452,223
INFY.NS,development,2018-11-22,2018-12-06,0.07171888080919372,0.0727163537556253,7143.9019392500095,99609.78,160
INFY.NS,development,2019-09-24,2019-10-09,0.021859737491475198,0.022843316106193112,2175.0378689739723,99499.725,130
INFY.NS,development,2019-10-23,2019-11-05,0.10225770745841596,0.10326404355021135,10183.821566510931,99589.77,158
INFY.NS,development,2020-08-31,2020-09-11,0.008676434861761532,0.009657493835091813,860.5814603653586,99186.06825,106
INFY.NS,development,2021-05-17,2021-05-28,0.061597724647409084,0.06259446726599534,6102.610694932909,99072.01491394042,75
INFY.NS,development,2022-01-24,2022-02-07,-0.03075631950060979,-0.029785390590823486,-3041.4745967499916,98889.42,56
INFY.NS,development,2022-04-12,2022-04-27,-0.11874421503878958,-0.11779686328710653,-11692.64904693973,98469.21,56
INFY.NS,validation,2022-09-19,2022-09-30,0.012903577194816404,0.013887094685920774,1275.9239844887538,98881.416,71
INFY.NS,validation,2023-04-18,2023-05-02,0.0034177658735654315,0.004397639983172464,338.7198204041688,99105.62423950195,78
INFY.NS,validation,2024-03-06,2024-03-20,-0.03227687617680259,-0.031308557165348874,-3209.0732148963875,99423.28982885742,62
INFY.NS,validation,2024-03-26,2024-04-09,-0.0005730640506303135,0.00040805710439109145,-56.458978575265064,98521.236,66
INFY.NS,out_of_sample,2025-03-13,2025-03-27,0.00020695520827217014,0.0011855093427472984,20.53059341003633,99203.07675000001,62
INFY.NS,out_of_sample,2025-04-07,2025-04-23,0.08826110251893812,0.08926684911216627,8715.373283096222,98745.348,73
INFY.NS,out_of_sample,2025-08-04,2025-08-18,-0.020029333658158708,-0.01905752646817403,-1991.5505152339363,99431.69099999999,68
INFY.NS,out_of_sample,2026-02-10,2026-02-23,-0.11727223110098998,-0.11632683658170921,-11615.755854437508,99049.5,66
INFY.NS,out_of_sample,2026-04-27,2026-05-08,0.01879154428866199,0.01977486584093976,1866.8505844271701,99345.24569934081,86
INFY.NS,out_of_sample,2026-06-22,2026-07-03,-0.009857169771906864,-0.008881577011775488,-978.0242940431435,99219.58499999999,94
INOXWIND.NS,out_of_sample,2025-06-17,2025-06-30,0.01366630998747674,0.014645695080895235,1366.035215866073,99956.40499285125,579
INOXWIND.NS,out_of_sample,2025-08-11,2025-08-25,0.01431817799547873,0.015297830609757071,1430.907427702789,99936.41845733643,712
INOXWIND.NS,out_of_sample,2025-11-21,2025-12-04,-0.061498807007220914,-0.06054106032814938,-6147.541040108308,99961.95599999999,724
INOXWIND.NS,out_of_sample,2026-01-13,2026-01-27,-0.08171692823470501,-0.08076483762969133,-8165.354552078136,99922.43625,878
INOXWIND.NS,out_of_sample,2026-02-17,2026-03-02,-0.11919585709317142,-0.11825461092260961,-11912.308146664389,99938.9445,989
INOXWIND.NS,out_of_sample,2026-06-02,2026-06-15,0.08001918505491289,0.08101750152966251,8001.439558125532,99994.0145933075,1204
INOXWIND.NS,out_of_sample,2026-07-14,2026-07-27,-0.03422392941428518,-0.03325848954432972,-3422.3785186744985,99999.57857691192,1237
INOXWIND.NS,out_of_sample,2026-08-11,2026-08-24,0.0009212108990830783,0.0018970106783342776,92.06254073749753,99936.44325,1359
INTELLECT.NS,development,2022-08-01,2022-08-16,-0.005550920122492512,-0.004574976917809852,-551.9754065564188,99438.54250753783,157
INTELLECT.NS,validation,2022-11-01,2022-11-15,0.04560818265424629,0.04659784022216763,4546.488995381953,99685.818,228
INTELLECT.NS,validation,2023-03-15,2023-03-28,-0.033890060794808385,-0.0329231434404291,-3377.3309998343793,99655.50136610413,243
INTELLECT.NS,validation,2023-07-28,2023-08-10,0.1351615534002055,0.13617653639739544,13488.091915640007,99792.37125,165
INTELLECT.NS,validation,2023-10-25,2023-11-07,0.037047482412583294,0.038034484800128554,3694.8877574343605,99733.84199999999,156
INTELLECT.NS,validation,2024-05-13,2024-05-27,0.017318266471659814,0.018300579477107053,1722.9894821508228,99489.72,113
IOB.NS,development,2017-05-24,2017-06-06,-0.01968448149624494,-0.018714809476718133,-1968.1896906379682,99986.8699113779,3829
IOC.NS,development,2017-05-30,2017-06-12,0.009327244590554621,0.010305288587629488,932.5350924043114,99979.69747128295,716
IOC.NS,development,2017-06-16,2017-06-30,-0.06216736886312993,-0.06120948660608087,-6209.285984543831,99880.14770601653,731
IOC.NS,development,2018-04-20,2018-05-04,0.022228028085121136,0.023209827517664764,2222.099474406771,99968.35823210907,951
IOC.NS,development,2018-06-28,2018-07-11,0.011608292415428784,0.012587220540717476,1159.9323256605737,99922.73489931106,983
IOC.NS,development,2018-08-24,2018-09-06,-0.0027989584814592486,-0.0018241724391787348,-279.6787532074632,99922.4372423172,975
IOC.NS,development,2018-10-08,2018-10-22,0.06093697131350206,0.06193006731906846,6089.265497699728,99927.27512452698,1228
IOC.NS,development,2019-02-15,2019-02-28,0.13630865541654583,0.13732346712898566,13619.587990263995,99917.2645980835,1180
IOC.NS,development,2019-04-23,2019-05-08,0.016234150880511913,0.017214305106880143,1622.583053219989,99948.74786877823,1003
IOC.NS,development,2019-07-09,2019-07-22,0.02490765919253829,0.02589015874905563,2490.4164149800395,99985.96800000001,1041
IOC.NS,development,2019-11-05,2019-11-19,-0.03864116151034252,-0.03767684136832004,-3862.6460866857524,99961.956,1086
IOC.NS,development,2019-12-09,2019-12-20,0.021598796082184478,0.022580349401176206,2159.5477476066617,99984.63522640229,1205
IOC.NS,development,2020-01-21,2020-02-03,-0.08664537767184066,-0.08569484133048073,-8660.77881071549,99956.6167686081,1270
IOC.NS,development,2020-02-04,2020-02-17,0.013860263813597392,0.01483981068176084,1385.0553793093839,99929.94346547699,1362
IOC.NS,development,2020-05-07,2020-05-20,-0.03819404781054615,-0.037229571042999766,-3817.684253636174,99954.95299615858,1950
IOC.NS,development,2020-09-22,2020-10-06,-0.03762230117527072,-0.03665770377593662,-3760.946796263468,99965.8893469162,1919
IOC.NS,development,2021-08-11,2021-08-25,0.029569847034512563,0.03055374502833842,2956.143738718185,99971.56005805205,1458
IOC.NS,development,2021-12-20,2021-12-31,-0.006930246859057304,-0.005956775141424461,-692.7055383049536,99953.94859558868,1338
IOC.NS,development,2022-06-15,2022-06-28,-0.0267549341202262,-0.025787147624918093,-2674.154327569903,99949.95000000001,1350
IOC.NS,validation,2024-03-20,2024-04-04,0.08486939785694264,0.08586952615094945,8477.597362378172,99889.92,640
IOC.NS,out_of_sample,2024-09-20,2024-10-04,0.01714022243650809,0.0181206260219957,1713.1917503665125,99951.54711163329,604
IOC.NS,out_of_sample,2025-01-14,2025-01-27,0.007021072635905126,0.007998668720732148,701.5872689089522,99925.938,812
IOC.NS,out_of_sample,2026-03-17,2026-04-01,-0.09144259865138234,-0.09049313451004418,-9133.278980679182,99879.915,670
IOC.NS,out_of_sample,2026-05-19,2026-06-01,0.03251183762278466,0.033496650165514806,3249.7030691354994,99954.45679939269,745
IPCALAB.NS,development,2022-08-16,2022-08-29,-0.03253955920863858,-0.031571022917068835,-3232.837726378782,99350.99936819458,107
IPCALAB.NS,validation,2022-11-14,2022-11-25,0.005686902240411343,0.006667127926959612,564.0244904015225,99179.565,115
IPCALAB.NS,validation,2022-12-09,2022-12-22,0.02358669016167348,0.02457138908390614,2343.2350182866767,99345.648,116
IPCALAB.NS,validation,2023-04-26,2023-05-10,-0.06432276678624861,-0.06336578414894116,-6429.057324147209,99949.95,135
IPCALAB.NS,validation,2023-12-21,2024-01-04,0.04942066099944811,0.050413301037018514,4903.497474790926,99219.58499999999,94
IPCALAB.NS,validation,2024-06-03,2024-06-14,0.003432978298016784,0.004409751081857094,342.8649795617006,99873.9140762329,85
IPCALAB.NS,out_of_sample,2025-01-29,2025-02-10,0.04251883147143254,0.04350711776605607,4243.629306540356,99805.878,72
IRB.NS,development,2016-11-04,2016-11-18,-0.14408660146060306,-0.1431527545035728,-14408.53861183592,99999.15651959895,8946
IRB.NS,development,2017-05-23,2017-06-05,0.0035291215964487416,0.004505452863500625,352.8804450851027,99991.01346924306,8586
IRB.NS,development,2017-08-11,2017-08-28,0.07129951783181865,0.0722953407017736,7129.275223817928,99990.5110246954,10118
IRB.NS,development,2017-12-05,2017-12-18,0.03700614762440499,0.03799208858404906,3700.44607597651,99995.44166375541,9356
IRB.NS,development,2018-02-05,2018-02-19,0.023162131036309357,0.024144088570422047,2316.1198297292526,99995.973,9086
IRB.NS,development,2018-05-21,2018-06-01,-0.06950865397450418,-0.06855336215933852,-6950.8496401093635,99999.77330389594,8364
IRB.NS,development,2018-06-28,2018-07-11,0.007745992542332912,0.008723502650355926,774.5951856507085,99999.47475000001,9519
IRB.NS,development,2018-07-17,2018-07-30,0.07449552722177247,0.07549223703636314,7449.444771477565,99998.5509103203,10630
IRB.NS,development,2018-09-05,2018-09-19,-0.031633765368147035,-0.030667548601549906,-3163.1101490085543,99991.57900417327,11796
IRB.NS,development,2018-09-24,2018-10-08,-0.20905567994966956,-0.20814049751782823,-20904.375145451148,99994.29410616303,12748
IRB.NS,development,2019-01-21,2019-02-01,-0.02927148048428281,-0.02830461474915506,-2927.123812808078,99999.17203982163,13416
IRB.NS,development,2019-02-06,2019-02-20,-0.05935438560239805,-0.058396165956932804,-5935.311794178949,99997.86425114893,16043
IRB.NS,development,2019-05-02,2019-05-15,-0.0883856755704298,-0.08743580725566898,-8838.432564418375,99998.47268662334,16385
IRB.NS,development,2019-06-20,2019-07-03,0.05679855333670694,0.05779017638657237,5679.736426197801,99997.90650525571,22186
IRB.NS,development,2019-07-17,2019-07-30,0.06518225242868748,0.0661762923938512,6517.992532602967,99996.42985234308,22963
IRB.NS,development,2019-08-26,2019-09-09,-0.11094875491340654,-0.11000536798908657,-11094.501950087486,99996.63320914723,24407
IRB.NS,development,2020-02-18,2020-03-03,-0.17263558934208537,-0.17170995533818198,-17263.5323456436,99999.84598445178,20715
IRB.NS,out_of_sample,2025-06-20,2025-07-03,0.02850590996086835,0.029489457079996804,2850.100064797667,99982.7779120245,4163
IRB.NS,out_of_sample,2025-08-04,2025-08-18,0.01079967774387216,0.01177809036937741,1079.8964350139104,99993.39430536747,4505
IRB.NS,out_of_sample,2025-08-29,2025-09-11,-0.0036482155845413773,-0.0026739392144748643,-364.7804043022094,99988.719375,4703
IRCTC.NS,development,2021-11-30,2021-12-13,0.0839195243401322,0.08492043418389979,8360.699742502255,99627.58736114501,126
IRCTC.NS,development,2022-03-09,2022-03-23,0.04600418109034336,0.046994868264936804,4575.5255346779,99458.90626098633,136
IRCTC.NS,development,2022-05-12,2022-05-25,-0.010958016885972883,-0.00998572353207136,-1095.3519113151951,99958.9545,153
IRCTC.NS,development,2022-11-21,2022-12-02,0.024340084218297683,0.025324012551180837,2424.0233890808963,99589.77,140
IRCTC.NS,development,2022-12-22,2023-01-04,-0.03559599960623742,-0.034630611338433946,-3556.536284129632,99913.932,152
IRCTC.NS,validation,2024-06-05,2024-06-19,0.07109532904955884,0.0720939788197419,7057.961241954948,99274.6125,105
IRCTC.NS,validation,2024-08-06,2024-08-20,0.0034545764353630824,0.004434573637006382,342.2725732906177,99078.01425000001,107
IRCTC.NS,validation,2024-09-20,2024-10-04,-0.019728948755557318,-0.018757399851930513,-1963.3644293312827,99516.93086425781,112
IRCTC.NS,validation,2024-10-07,2024-10-18,0.0019041693785709784,0.002883356250736134,188.83173919518595,99167.51173516846,113
IRCTC.NS,validation,2025-03-03,2025-03-17,0.023627781501150552,0.024611217017393393,2354.7731497125665,99661.20389245605,148
IRCTC.NS,out_of_sample,2026-03-02,2026-03-16,-0.05022877327350909,-0.049266217005542276,-5001.367628555315,99571.76539672853,180
IREDA.NS,development,2025-06-20,2025-07-03,0.027729964647128465,0.028713675058406274,2769.8441763894516,99886.32194943237,614
IREDA.NS,validation,2025-11-25,2025-12-08,-0.08149610502752289,-0.08054400300793316,-8144.348836932083,99935.43659763336,701
IREDA.NS,validation,2025-12-09,2025-12-22,0.03311082841676172,0.03409614407129558,3306.841708775097,99871.911,762
IREDA.NS,out_of_sample,2026-03-04,2026-03-17,0.019923160574365915,0.020904377487794747,1991.2860403335408,99948.30051691819,879
IRFC.NS,out_of_sample,2025-08-28,2025-09-10,0.038541594644530004,0.03952828436314317,3851.0272616722364,99918.73188409425,824
IRFC.NS,out_of_sample,2025-11-07,2025-11-20,-0.0018087691269299498,-0.0008335679724836326,-180.67780338750254,99889.92,832
IRFC.NS,out_of_sample,2025-12-04,2025-12-17,-0.03406243605026641,-0.0330968007854451,-3404.9616791153285,99962.36540717697,871
IRFC.NS,out_of_sample,2026-02-26,2026-03-12,-0.04530923092365784,-0.04434682360126204,-4529.145015918493,99960.75686099625,957
IRFC.NS,out_of_sample,2026-03-24,2026-04-09,0.06805961982250076,0.06905466878252137,6802.63306706493,99951.08824889372,1086
ITC.NS,development,2017-07-19,2017-08-01,-0.0023012072462186804,-0.0013258494972605939,-229.6964003237469,99815.60796020507,360
ITC.NS,development,2018-06-22,2018-07-05,0.04330837564191509,0.044296498537456604,4326.64448093264,99903.18077746582,398
ITC.NS,development,2019-06-03,2019-06-17,-0.02517756498125107,-0.02420858169039609,-2511.833230580359,99764.74025390626,368
ITC.NS,development,2019-12-11,2019-12-24,0.010871915530858277,0.01185084512176486,1085.7733351354505,99869.55215515134,440
ITC.NS,development,2020-02-04,2020-02-17,-0.030886253955627437,-0.02991952489675097,-3086.0722703498313,99917.33781582641,492
ITC.NS,development,2020-03-05,2020-03-19,-0.13925946531203529,-0.1383239085124715,-13914.643552802074,99918.83511561582,553
ITC.NS,development,2020-05-07,2020-05-20,0.06904395592940625,0.07003967660796527,6894.325198038138,99854.14516351318,632
ITC.NS,development,2020-09-10,2020-09-23,-0.06537107437370225,-0.06441401025927367,-6527.591149803868,99854.42663047028,563
ITC.NS,development,2020-09-25,2020-10-09,-0.008679786246106526,-0.00770663624433003,-867.1858872892434,99908.66856637572,614
ITC.NS,development,2020-10-30,2020-11-12,0.1436055719366975,0.14462273524461458,14339.611626456328,99854.14516351318,632
ITC.NS,validation,2024-02-09,2024-02-22,0.008114254293671441,0.00909203827277637,811.0806833722575,99957.51353329468,253
ITC.NS,out_of_sample,2026-01-02,2026-01-15,-0.07248834045895096,-0.07153298350824586,-7232.151579221872,99769.86,277
ITC.NS,out_of_sample,2026-05-29,2026-06-11,-0.03529216879569328,-0.03432669315141104,-3526.1793531854205,99913.932,342
JETAIRWAYS.NS,development,2016-11-08,2016-11-22,-0.22505931472885515,-0.2241471989327308,-22418.604517124822,99611.9824861908,227
JETAIRWAYS.NS,development,2017-05-23,2017-06-05,0.022532804183339975,0.023514724910921644,2252.378092190476,99959.955,206
JETAIRWAYS.NS,development,2017-08-11,2017-08-28,0.04808306236427677,0.0490738357012595,4788.37928567477,99585.57234558105,182
JETAIRWAYS.NS,development,2017-09-22,2017-10-06,-0.08497268855745163,-0.08402072473177251,-8473.547497630365,99720.83549999999,187
JETAIRWAYS.NS,development,2018-02-05,2018-02-19,0.16165839319512976,0.162681731187573,16102.756981320372,99609.78,152
JETAIRWAYS.NS,development,2018-03-23,2018-04-09,0.012231823954385667,0.013212997993190779,1215.9617051218138,99409.68000000001,160
JETAIRWAYS.NS,development,2018-05-03,2018-05-16,-0.24605391824668754,-0.24514768637654646,-24500.53992807795,99573.86617803955,169
JETAIRWAYS.NS,development,2018-06-28,2018-07-11,-0.02396514541879696,-0.022995602243096037,-2389.6180364461125,99712.22768261719,288
JETAIRWAYS.NS,development,2018-07-17,2018-07-30,0.012806489461386425,0.01378642038866484,1277.5593878074137,99758.75056622314,318
JETAIRWAYS.NS,development,2018-08-13,2018-08-28,0.0756701968752963,0.07666809731931196,7550.816276932329,99785.868,364
JETAIRWAYS.NS,development,2018-09-19,2018-10-04,-0.22563243788779305,-0.22472129559360374,-22521.035614204102,99812.93392488098,393
JETAIRWAYS.NS,development,2019-03-22,2019-04-05,0.16876574320094803,0.1697897572440318,16868.16183564759,99950.1528907013,457
JETAIRWAYS.NS,development,2019-04-22,2019-05-07,-0.16468386697460002,-0.16375560214165247,-16454.212686397233,99913.932,657
JETAIRWAYS.NS,development,2019-06-14,2019-06-27,-0.14198325501342512,-0.14104873437554674,-14195.764975321601,99981.966,1204
JETAIRWAYS.NS,development,2019-09-25,2019-10-10,-0.3705557353843182,-0.3696869696656266,-37050.87525861378,99987.32099015235,3033
JETAIRWAYS.NS,development,2019-12-09,2019-12-20,0.11591885846905683,0.11692754728791345,11589.795366212053,99981.966,4648
JETAIRWAYS.NS,development,2020-03-05,2020-03-19,-0.2675883664883064,-0.2666899853174022,-26755.18846631396,99986.36643825531,4616
JINDALSTEL.NS,development,2016-11-07,2016-11-21,-0.067777585707404,-0.06682177026882478,-6777.306227374141,99993.32606256865,1437
JINDALSTEL.NS,development,2017-04-20,2017-05-04,0.007351801746475656,0.008329378716878473,734.8453166195676,99954.45225,894
JINDALSTEL.NS,development,2017-05-24,2017-06-06,0.0729142284882194,0.07391068170934517,7287.707937253409,99949.05093771745,909
JINDALSTEL.NS,development,2017-08-11,2017-08-28,0.12003425752960742,0.12104407380947635,12002.94237500567,99995.973,826
JINDALSTEL.NS,development,2018-03-12,2018-03-23,-0.051541386663234816,-0.05058037217533348,-5146.979926220215,99861.10695565796,444
JINDALSTEL.NS,development,2018-05-24,2018-06-06,0.03546029811955834,0.03644638457626289,3540.6469563072556,99848.2004964981,441
JINDALSTEL.NS,development,2018-06-28,2018-07-11,0.02411674074860389,0.025099160651465544,2410.4453854311205,99949.05242619323,471
JINDALSTEL.NS,development,2018-07-17,2018-07-30,0.029275466649726887,0.03025967932064494,2923.796799724992,99871.91100000001,508
JINDALSTEL.NS,development,2018-10-03,2018-10-16,-0.06888290830203754,-0.06792703520739382,-6881.373032930554,99899.57164347841,521
JINDALSTEL.NS,development,2018-11-28,2018-12-11,-0.061663212364170474,-0.060705224310921464,-6159.53335,99889.92,640
JINDALSTEL.NS,development,2019-01-30,2019-02-12,0.08230889523577739,0.08330797927166099,8228.153830221729,99966.76308984376,768
JINDALSTEL.NS,development,2019-05-10,2019-05-23,-0.08137590144839982,-0.08042376489979226,-8132.337041067293,99935.44644447326,605
JINDALSTEL.NS,development,2019-06-20,2019-07-03,-0.016129655797272276,-0.015158631639761298,-1611.425604301524,99904.52521460725,683
JINDALSTEL.NS,development,2019-08-06,2019-08-21,-0.11048623532377412,-0.10954261223812338,-11045.404165173177,99970.86182550431,901
JINDALSTEL.NS,development,2020-03-11,2020-03-24,-0.3097342642495325,-0.3088478937882811,-30960.71467414106,99958.95917152405,765
JINDALSTEL.NS,development,2020-09-09,2020-09-22,-0.11274794692299474,-0.11180486247667838,-11268.362027309702,99942.94649999999,523
JINDALSTEL.NS,development,2020-09-23,2020-10-07,0.10866349499243023,0.10967043176426618,10855.317167031986,99898.47250714873,579
JINDALSTEL.NS,development,2021-05-21,2021-06-03,-0.023137174312934293,-0.022168053861238067,-2310.8648582247333,99876.71039556887,246
JINDALSTEL.NS,development,2021-08-23,2021-09-03,0.020812289085589124,0.021794361094099688,2077.042993466601,99798.87291229249,260
JINDALSTEL.NS,development,2021-09-21,2021-10-04,0.18414179297948813,0.18517080155691784,18378.70967560786,99807.37874999999,283
JINDALSTEL.NS,development,2021-11-16,2021-11-30,-0.11363118568382566,-0.11268775238158539,-11339.559752763695,99792.6729754944,258
JINDALSTEL.NS,development,2022-05-11,2022-05-24,-0.15123731286166398,-0.15030389772716232,-15062.445767968748,99594.77249999999,215
JINDALSTEL.NS,development,2022-05-25,2022-06-07,-0.08230698626549653,-0.08135415919244414,-8205.745082528132,99696.82350000001,251
JINDALSTEL.NS,development,2022-06-21,2022-07-04,0.03930694911834149,0.040294009132523824,3926.0279780218866,99881.26949771117,313
JINDALSTEL.NS,validation,2023-05-18,2023-05-31,-0.031062655913011588,-0.030094811749055053,-3094.6881899875007,99627.28875,187
JINDALSTEL.NS,validation,2023-11-02,2023-11-16,0.09615959372102695,0.09716417206477282,9576.608029644036,99590.7705,169
JINDALSTEL.NS,validation,2024-07-22,2024-08-02,0.013155991576991655,0.01413544819946708,1314.3088969812436,99901.926,106
JINDALSTEL.NS,validation,2024-08-06,2024-08-20,0.030703127898862818,0.031690008102233706,3049.2022022252495,99312.4287619629,108
JINDALSTEL.NS,out_of_sample,2024-10-17,2024-10-30,-0.044110284824600623,-0.043146831172526365,-4401.583058950001,99785.868,104
JINDALSTEL.NS,out_of_sample,2025-02-01,2025-02-13,0.05858669967620248,0.059579436897025786,5849.776366654271,99848.19761114502,126
JINDALSTEL.NS,out_of_sample,2025-04-07,2025-04-23,0.18290945017881893,0.18394030532717223,18156.03160617265,99262.4032734375,128
JINDALSTEL.NS,out_of_sample,2025-06-18,2025-07-01,0.06026063794110173,0.06125568500665874,5989.586372796881,99394.6725,111
JINDALSTEL.NS,out_of_sample,2026-06-11,2026-06-24,-0.028612624684101345,-0.027644130373863127,-2850.9846848667944,99640.79550000001,89
JINDALSTEL.NS,out_of_sample,2026-06-26,2026-07-09,-0.0304572236158897,-0.029489267844325113,-3034.8429347130914,99642.7965,94
JIOFIN.NS,out_of_sample,2026-03-10,2026-03-23,-0.04818301466102936,-0.047220812440299145,-4808.945610639589,99805.82668956756,421
JISLJALEQS.NS,development,2016-11-22,2016-12-05,0.020265695718827286,0.021247023775314358,2025.4579137296994,99945.14581840897,1167
JISLJALEQS.NS,development,2017-03-06,2017-03-20,0.06147835581734549,0.062471549740450036,6144.2511399921805,99941.695875,1113
JISLJALEQS.NS,development,2017-08-11,2017-08-28,0.0647969172712277,0.06579098441316235,6477.226593202104,99961.956,1086
JISLJALEQS.NS,development,2018-02-02,2018-02-16,-0.04394874859119629,-0.04298592155522461,-4392.837807772086,99953.64938905335,806
JISLJALEQS.NS,development,2018-03-08,2018-03-21,0.007423094385524771,0.008400855396919153,741.6683303095832,99913.63328962325,943
JISLJALEQS.NS,development,2018-05-11,2018-05-24,-0.08261234166785619,-0.08166060677366539,-8256.851458141628,99946.9485,938
JISLJALEQS.NS,development,2018-06-20,2018-07-03,-0.18596932848277525,-0.18504718817507138,-18581.07509432403,99914.72919710541,1049
JISLJALEQS.NS,development,2018-10-01,2018-10-15,0.08343788562612095,0.08443728955194534,8341.115129318749,99967.959,1638
JISLJALEQS.NS,development,2018-11-29,2018-12-12,-0.03170095171546555,-0.03073458759998125,-3168.5084663191974,99949.94771003723,1500
JISLJALEQS.NS,development,2019-01-22,2019-02-04,-0.12029046271653357,-0.11934977406590198,-12028.994827385635,99999.57233294677,1616
JISLJALEQS.NS,development,2019-02-05,2019-02-19,0.00027849707698754183,0.0012539265159211643,27.84490897255685,99982.76920444107,1837
JISLJALEQS.NS,development,2019-05-02,2019-05-15,-0.10984777596687986,-0.10890403253139325,-10983.312839039376,99986.66556845856,1822
JISLJALEQS.NS,development,2019-06-07,2019-06-20,-0.4700057338408186,-0.4691655023237862,-46986.87683275909,99970.8587569542,2218
JISLJALEQS.NS,development,2019-07-31,2019-08-14,0.12893654839422178,0.12994896886180995,12891.716600758442,99984.9675,5060
JISLJALEQS.NS,development,2019-10-09,2019-10-23,-0.3457900660756866,-0.3449141971714168,-34576.263330592075,99992.06664029503,5777
JISLJALEQS.NS,development,2020-02-03,2020-02-14,-0.11056065550326154,-0.10961715512231371,-11055.642311441732,99996.17188517474,12732
JISLJALEQS.NS,development,2020-02-28,2020-03-13,-0.2039481397102518,-0.20303150134774478,-20394.308235798755,99997.5202753644,18339
JKCEMENT.NS,validation,2023-01-24,2023-02-07,-0.048524101092279656,-0.04756080732273184,-4828.659122214887,99510.5321586914,36
JKCEMENT.NS,validation,2023-07-21,2023-08-03,-0.009195224802493825,-0.00822241569182508,-919.1248319659516,99956.75491442872,31
JKCEMENT.NS,out_of_sample,2024-10-10,2024-10-23,-0.03596169039669088,-0.0349812187958165,-3461.776795304049,96262.90525048829,22
JSL.NS,out_of_sample,2026-06-01,2026-06-12,0.007028743473962537,0.008006807359657052,701.538042686984,99809.88,145
JSWENERGY.NS,development,2016-10-14,2016-10-27,-0.07964085562541155,-0.07868827219431339,-7959.9800167030235,99948.44925,1417
JSWENERGY.NS,development,2016-10-28,2016-11-11,-0.06236684388424393,-0.06140931879218901,-6233.874918024518,99954.9525,1537
JSWENERGY.NS,development,2018-05-07,2018-05-18,-0.041071635601463194,-0.040107966341536114,-4105.107924784466,99949.95,1332
JSWENERGY.NS,out_of_sample,2025-11-07,2025-11-20,-0.0352705204030849,-0.03430438784934713,-3518.2996959409843,99751.851,191
JSWENERGY.NS,out_of_sample,2025-11-24,2025-12-05,-0.055567583437341445,-0.05460660125372281,-5533.495783673172,99581.36455426025,204
JSWENERGY.NS,out_of_sample,2026-07-06,2026-07-17,-0.018446823408877155,-0.017475240207488512,-1837.2994609888974,99599.775,181
JSWSTEEL.NS,development,2016-12-27,2017-01-09,0.14141604598319216,0.14243234936621604,14129.097430102755,99911.55764447022,649
JSWSTEEL.NS,development,2017-02-15,2017-03-01,0.03518402812465341,0.03616977392193225,3515.353355250539,99913.32836581423,546
JSWSTEEL.NS,development,2017-03-09,2017-03-23,0.0548651568438332,0.05585667449943416,5480.229016617379,99885.41602489472,565
JSWSTEEL.NS,development,2017-09-28,2017-10-12,0.07364951900592201,0.07464689463078499,7348.14957297571,99771.861,419
JSWSTEEL.NS,development,2018-07-19,2018-08-01,0.10020371478068765,0.10120844562626354,10004.52886994708,99841.89600000001,336
JSWSTEEL.NS,development,2018-10-29,2018-11-12,0.016869263397791746,0.01785035826813164,1682.8752705205118,99759.855,295
JSWSTEEL.NS,development,2018-11-21,2018-12-05,-0.07161698684587216,-0.0706614396244932,-7146.291543164595,99784.8675,305
JSWSTEEL.NS,development,2019-01-29,2019-02-11,-0.024673477016849372,-0.0237046753355205,-2463.549060001744,99846.04351950074,373
JSWSTEEL.NS,development,2019-06-10,2019-06-21,0.007908481947613361,0.00888606401571748,790.7941742281948,99993.16929171754,378
JSWSTEEL.NS,development,2019-07-31,2019-08-14,-0.005097343402576146,-0.004122883079549297,-508.91288880808446,99838.84714356993,437
JSWSTEEL.NS,development,2019-08-29,2019-09-13,0.10724113730063374,0.10824761106934061,10714.669270786875,99911.932496109,490
JSWSTEEL.NS,development,2020-03-13,2020-03-26,-0.20530281655196567,-0.20438608861151306,-20505.217055535002,99877.91399999999,531
JSWSTEEL.NS,development,2021-08-23,2021-09-03,-0.009789977228819266,-0.008815815670256156,-974.8640420567388,99577.764,143
JSWSTEEL.NS,development,2021-09-21,2021-10-04,0.07303049953666704,0.0740289143066026,7264.340876821103,99469.96012500001,157
JSWSTEEL.NS,development,2022-05-13,2022-05-26,-0.13212274854871248,-0.13118383981923848,-13158.847190931787,99595.62100753783,157
JSWSTEEL.NS,validation,2024-07-22,2024-08-02,0.02494654044559592,0.025929568402749778,2491.084281934719,99856.9035,114
JUBLFOOD.NS,development,2016-11-16,2016-11-29,0.07307975829462662,0.07407608079232168,7307.50770198293,99993.59429354095,1162
JUBLFOOD.NS,development,2017-04-12,2017-04-26,0.01588038397104198,0.016860571393273238,1586.6896793187561,99915.0702030945,969
JUBLFOOD.NS,development,2017-05-11,2017-05-24,-0.0009893809304979352,-1.43349205055041e-05,-98.92569487000821,99987.46875,1025
JUBLFOOD.NS,development,2017-05-30,2017-06-12,0.08763851469164957,0.08863923341677102,8758.70692191246,99941.2981008339,1135
JUBLFOOD.NS,development,2018-09-10,2018-09-25,-0.10717392181700126,-0.10622944948882729,-10717.035976842106,99996.67638496398,355
JUBLFOOD.NS,development,2018-10-05,2018-10-19,0.13253313367248637,0.13354681811267313,13243.720610001854,99927.61993185425,447
JUBLFOOD.NS,development,2018-10-29,2018-11-12,0.03122154956632839,0.03220602111603747,3120.498606596021,99946.9485,469
JUBLFOOD.NS,development,2019-01-22,2019-02-04,0.1907699308676581,0.1918002016307051,19070.88062741088,99967.959,427
JUBLFOOD.NS,development,2019-05-15,2019-05-28,0.10834176700382278,0.10934867780457666,10821.378907939796,99881.8757271881,414
JUBLFOOD.NS,development,2020-03-04,2020-03-18,-0.2688402310985089,-0.26794188131736446,-26858.30145015813,99904.3236215515,293
JUBLFOOD.NS,development,2020-07-13,2020-07-24,0.05106274768049533,0.05205284106992633,5104.638761655625,99967.96086250304,305
JUBLFOOD.NS,development,2020-10-23,2020-11-05,0.012941670278428644,0.013921867304582137,1290.3138625755923,99702.2667720337,226
JUBLFOOD.NS,development,2021-10-25,2021-11-08,0.035912978724363505,0.03690153909501658,3564.9955300354354,99267.60900000001,133
JUBLFOOD.NS,development,2022-01-28,2022-02-10,-0.03823159688553101,-0.037265952186445905,-3810.2177093442924,99661.48473349,151
JUBLFOOD.NS,development,2022-03-07,2022-03-21,-0.003393168343685334,-0.0024176389681527404,-338.28131573632834,99694.8225,195
JUBLFOOD.NS,development,2022-05-12,2022-05-25,0.003253590902990808,0.004230614142101953,324.70405057528814,99798.67176196289,216
JUBLFOOD.NS,validation,2022-11-10,2022-11-23,-0.050717190677134295,-0.04975428165287809,-5043.809397683803,99449.7,175
JUBLFOOD.NS,validation,2022-12-13,2022-12-26,-0.02006306584610044,-0.01909280195430014,-2002.536447477998,99812.08569213869,188
JUBLFOOD.NS,validation,2023-02-03,2023-02-16,0.06480345009595631,0.06579867380840994,6459.24598377817,99674.41508459474,228
JUBLFOOD.NS,validation,2023-07-14,2023-07-27,-0.0081660428743575,-0.007192944593857564,-816.2650230600026,99958.45425,211
JUBLFOOD.NS,validation,2024-01-09,2024-01-23,-0.032779495027236934,-0.031813294393663406,-3275.1087085414497,99913.33624328613,186
JUBLFOOD.NS,validation,2024-02-06,2024-02-19,0.02151101189551545,0.022492762603083322,2149.5747855273235,99929.04080795289,206
JUBLFOOD.NS,out_of_sample,2024-10-30,2024-11-12,0.10374531234870626,0.10475191972345957,10335.998687762809,99628.58517425536,173
JUBLFOOD.NS,out_of_sample,2025-01-28,2025-02-07,0.06975280458166198,0.07074994524302633,6944.0314122300815,99552.00301803589,155
JUBLFOOD.NS,out_of_sample,2025-03-05,2025-03-19,0.05578410038529874,0.05677775373774043,5546.107453305323,99420.935625,165
JUBLFOOD.NS,out_of_sample,2025-05-12,2025-05-23,-0.026448973997762255,-0.02547907289483987,-2630.2578031884727,99446.49661688233,146
JUBLFOOD.NS,out_of_sample,2025-07-24,2025-08-06,-0.04625496734899149,-0.04529118528194986,-4604.737624390414,99551.20256918336,151
JUBLFOOD.NS,out_of_sample,2025-10-15,2025-10-29,0.04004977319167681,0.04103889858671998,3981.8159746341094,99421.686,169
JUBLFOOD.NS,out_of_sample,2026-01-09,2026-01-22,-0.04982714958083706,-0.0488661204454835,-4981.741712797113,99980.4675704956,190
JUBLFOOD.NS,out_of_sample,2026-04-08,2026-04-22,0.14453999737448184,0.14555779366776297,14419.809374394774,99763.45396655276,232
JUBLFOOD.NS,out_of_sample,2026-05-22,2026-06-04,-0.013260489870929138,-0.01228767729887733,-1321.6041703418523,99664.8075,229
JUSTDIAL.NS,development,2016-11-10,2016-11-24,-0.04577393265252661,-0.044810872991619025,-4566.629868293914,99764.8575,259
JUSTDIAL.NS,development,2016-12-21,2017-01-03,-0.00773614436857542,-0.006762020976440919,-771.5554001446907,99733.842,284
JUSTDIAL.NS,development,2017-05-24,2017-06-06,-0.06137410709316893,-0.06041503844986847,-6115.4262586596915,99641.796,211
JUSTDIAL.NS,development,2018-02-05,2018-02-19,0.0515675563882201,0.052558948711981336,5140.285828823858,99680.6168228302,233
JUSTDIAL.NS,development,2018-05-03,2018-05-16,0.08486924332127517,0.08586958030245305,8473.166518569678,99837.894,247
JUSTDIAL.NS,development,2018-09-11,2018-09-26,-0.027382313691952723,-0.026413695261856936,-2729.9570911730925,99697.824,192
JUSTDIAL.NS,development,2018-10-10,2018-10-24,0.09933446839722197,0.10033844390492283,9930.264064020283,99967.959,234
JUSTDIAL.NS,development,2019-04-23,2019-05-08,-0.0016763242997615664,-0.0006995039200893662,-166.78952282531176,99497.1694015503,177
JUSTDIAL.NS,development,2019-10-04,2019-10-18,-0.05006513576810922,-0.04910402283443677,-5003.632232221045,99942.44808197021,150
JUSTDIAL.NS,development,2019-11-04,2019-11-18,-0.06857937317875384,-0.06762332594403432,-6849.564736521483,99877.914,177
JUSTDIAL.NS,development,2020-02-11,2020-02-25,-0.035718997264548184,-0.03475320359014761,-3564.9016424288784,99804.07949377442,196
JUSTDIAL.NS,development,2020-03-17,2020-03-30,-0.16809779657195162,-0.16716977833952984,-16764.534538318756,99730.8405,298
JUSTDIAL.NS,development,2020-07-31,2020-08-13,0.05623606032955851,0.05722801436034629,5616.571604759378,99874.9125,275
JUSTDIAL.NS,development,2021-05-17,2021-05-28,0.23807663698987683,0.23912194347668125,23715.23782505211,99611.781,134
KAJARIACER.NS,development,2017-07-24,2017-08-04,-0.006617382153319784,-0.005642425666255596,-659.1367928299651,99606.88041860961,153
KAJARIACER.NS,development,2017-08-10,2017-08-24,0.15667885099151782,0.15770113656250875,15592.010702018675,99515.73300000001,164
KAJARIACER.NS,development,2018-01-29,2018-02-09,-0.11699755284564449,-0.11605422232899576,-11650.354705841115,99577.764,143
KAJARIACER.NS,development,2018-04-27,2018-05-11,-0.019750445172533306,-0.01878064352389295,-1974.052143210571,99949.75434558105,182
KAJARIACER.NS,development,2018-07-23,2018-08-03,0.09248032388582236,0.09348268467401946,9236.843883795733,99879.01745672607,238
KAJARIACER.NS,development,2019-06-24,2019-07-05,-0.005045929082542673,-0.004070899177097599,-503.08329494396224,99700.8255,177
KAJARIACER.NS,development,2019-07-19,2019-08-01,-0.13410676762749335,-0.13316970696253336,-13399.054566465982,99913.33624328613,186
KAJARIACER.NS,development,2019-11-06,2019-11-20,-0.03277673343058732,-0.03180991429815205,-3269.789204473176,99759.45929443359,184
KAJARIACER.NS,development,2020-04-28,2020-05-12,-0.06883029826458792,-0.06787480316579085,-6882.873160096154,99997.723875,287
KAJARIACER.NS,development,2020-05-13,2020-05-27,-0.07523916709518308,-0.07428525849097972,-7518.92384296259,99933.64006077577,293
KALYANKJIL.NS,out_of_sample,2025-08-13,2025-08-28,-0.037863563581760636,-0.036897092430195046,-3766.777911857825,99482.92119213867,188
KALYANKJIL.NS,out_of_sample,2025-09-26,2025-10-10,0.0435052845212372,0.044494270874082156,4337.578070935466,99702.32625,215
KALYANKJIL.NS,out_of_sample,2025-12-09,2025-12-22,0.030019951247033508,0.03100510979653962,2992.683536225546,99689.82,212
KALYANKJIL.NS,out_of_sample,2026-01-22,2026-02-05,-0.058342115763118776,-0.05738225782260003,-5814.509986591927,99662.3093032837,250
KALYANKJIL.NS,out_of_sample,2026-05-12,2026-05-25,-0.06115503078732212,-0.06019598139000218,-6094.845484179841,99662.20939984133,262
KAYNES.NS,validation,2025-11-07,2025-11-20,-0.05585498269697596,-0.05487299176963978,-5284.707109234372,94614.78375,15
KAYNES.NS,out_of_sample,2025-12-09,2025-12-22,0.06729132048134084,0.06829391426735601,6597.8466818749885,98049.0,25
KAYNES.NS,out_of_sample,2026-01-12,2026-01-23,-0.07881089988157167,-0.07785359814744079,-7789.85821461611,98842.3965,27
KAYNES.NS,out_of_sample,2026-05-15,2026-05-28,-0.023743232323375493,-0.022770928230591656,-2351.6839551073313,99046.49556884766,30
KEI.NS,out_of_sample,2026-01-23,2026-02-06,0.15364597198596758,0.15467985042425506,14830.406644919896,96523.2375,25
KOTAKBANK.NS,development,2018-08-17,2018-08-31,0.025630750824530597,0.026613564080216673,2562.0383791599647,99959.55236347963,399
KOTAKBANK.NS,development,2018-10-04,2018-10-17,0.08124679299373966,0.08224595974498444,8114.109904073411,99869.91,460
KOTAKBANK.NS,development,2021-01-14,2021-01-28,-0.09171704183479733,-0.09076792769265078,-9166.893366714905,99947.5471878662,264
KOTAKBANK.NS,development,2021-01-29,2021-02-11,0.11797731023531834,0.11898735556126822,11773.111645030353,99791.32107307434,285
KOTAKBANK.NS,development,2021-12-20,2021-12-31,0.006553887177267203,0.007532136233800016,653.6181195669097,99729.84,280
KOTAKBANK.NS,validation,2024-04-26,2024-05-10,-0.01128666253812116,-0.01031427112318339,-1127.660471206909,99910.88750976563,304
KOTAKBANK.NS,out_of_sample,2025-07-31,2025-08-13,0.021437002564536962,0.022419138993070742,2140.003795405817,99827.56632897949,257
KOTAKBANK.NS,out_of_sample,2026-07-09,2026-07-22,0.023455470978057533,0.02443756292133316,2345.159302640205,99983.46674999999,269
KPITTECH.NS,out_of_sample,2025-10-01,2025-10-15,0.047706495784385655,0.04869569609726389,4768.261868324557,99949.95000000001,90
KPITTECH.NS,out_of_sample,2026-01-30,2026-02-12,-0.1417054171132741,-0.14076890126365385,-14100.500691399999,99505.728,96
KPITTECH.NS,out_of_sample,2026-06-30,2026-07-13,-0.1972838847585275,-0.19636453745783358,-19688.90703841545,99799.875,140
KSCL.NS,development,2017-05-25,2017-06-07,0.2918579672112806,0.29291888900535046,29061.731211148162,99574.91134757995,201
KSCL.NS,development,2017-08-11,2017-08-28,0.07278167578576403,0.07377989866796844,7241.75672572268,99499.725,195
KSCL.NS,development,2017-11-16,2017-11-29,0.06539198703282136,0.06638638883568408,6534.041448523601,99921.13323065185,194
KSCL.NS,development,2018-01-31,2018-02-14,-0.029877958852485804,-0.028910233234453343,-2980.067749404835,99741.34324630738,205
KSCL.NS,development,2018-05-11,2018-05-24,0.02577034331457595,0.02675449738583892,2567.6485920300233,99635.793,202
KSCL.NS,development,2018-10-03,2018-10-16,-0.03725820933490839,-0.03629276504184239,-3717.6563744173386,99780.8655,181
KSCL.NS,development,2019-02-14,2019-02-27,-0.2075122205135731,-0.20659462189810496,-20648.26108408143,99503.83178869629,194
KSCL.NS,development,2019-10-10,2019-10-24,0.06860950050229826,0.06960512010618668,6850.534978819329,99848.19782487488,217
KSCL.NS,development,2019-11-26,2019-12-09,-0.01412763243951704,-0.013155723482953173,-1410.3261050152812,99827.49134033202,208
KTKBANK.NS,development,2016-11-22,2016-12-05,0.015113697038492439,0.01609336037055817,1511.231838100897,99990.87809236908,1047
KTKBANK.NS,development,2017-07-28,2017-08-10,-0.08565829976350019,-0.08470762762943047,-8565.282290505316,99993.6061555481,730
KTKBANK.NS,development,2017-08-11,2017-08-28,0.11899984643793388,0.12000955678076945,11893.811896327881,99948.12810562133,808
KTKBANK.NS,development,2018-02-02,2018-02-16,-0.05976583193189522,-0.058807604368639244,-5974.570517036204,99966.32396658327,774
KTKBANK.NS,development,2018-03-08,2018-03-21,0.010151093842558103,0.011129303796853694,1015.0832980006512,99997.43020254135,927
KTKBANK.NS,development,2018-05-11,2018-05-24,0.03065231706548542,0.03163680970653954,3062.1920349189418,99900.83387095643,972
KTKBANK.NS,development,2018-06-28,2018-07-11,0.06866599419911926,0.06966135929916938,6860.811309287282,99915.70630131912,991
KTKBANK.NS,development,2018-09-24,2018-10-08,-0.09130596332175112,-0.09035667501315961,-9124.53187954705,99933.58097973633,1008
KTKBANK.NS,development,2019-05-15,2019-05-28,0.027066869518851462,0.028050035181838177,2706.001806624045,99974.68694114685,971
KTKBANK.NS,development,2019-06-19,2019-07-02,0.004349615407973268,0.0053264009428565535,434.6853041415235,99936.49170561218,1073
KTKBANK.NS,development,2019-07-30,2019-08-13,-0.13472087070552768,-0.1337840371486381,-13462.109373426576,99925.938,1218
KTKBANK.NS,development,2019-10-04,2019-10-18,-0.050663543311970094,-0.04970270534593776,-5064.740023573676,99968.13670111084,1516
KTKBANK.NS,development,2020-03-17,2020-03-30,-0.19013802186741183,-0.18921742177617246,-19013.797433290634,99999.97499999999,1999
KTKBANK.NS,development,2020-05-06,2020-05-19,-0.09087668920439973,-0.08992741394447688,-9084.730204816382,99967.66260248565,2458
LALPATHLAB.NS,development,2021-09-28,2021-10-11,-0.0289655025161468,-0.027993574979694708,-2860.9621055687435,98771.36099999999,52
LALPATHLAB.NS,development,2021-10-25,2021-11-08,0.061253600710691226,0.06224784224461179,6104.828323512905,99664.80750000001,58
LALPATHLAB.NS,development,2022-01-20,2022-02-03,-0.05166721883937281,-0.05070495101927885,-5142.993481182813,99540.74549999999,61
LALPATHLAB.NS,development,2022-05-20,2022-06-02,0.11071703061896881,0.1117274096818712,10982.26806632675,99192.22006704712,103
LALPATHLAB.NS,validation,2022-12-20,2023-01-02,-0.04214299139471525,-0.041178695183543966,-4202.373999353874,99717.03147491455,87
LALPATHLAB.NS,validation,2023-01-30,2023-02-10,-0.044116410372009245,-0.043152096276594346,-4392.748669739625,99571.761,97
LALPATHLAB.NS,validation,2023-12-12,2023-12-26,0.007840552438177712,0.008821609930931514,777.2132800675918,99127.36203167724,77
LALPATHLAB.NS,validation,2024-02-28,2024-03-13,-0.15335616392511064,-0.15242336336538603,-15273.671090974321,99596.06904638672,84
LALPATHLAB.NS,validation,2024-03-14,2024-03-28,0.12253708865884809,0.12354923858736662,12203.992168611703,99594.27225,99
LALPATHLAB.NS,out_of_sample,2025-02-27,2025-03-12,0.049224503330426446,0.05021551333545384,4903.1680736796725,99608.27925,83
LAURUSLABS.NS,development,2022-06-17,2022-06-30,-0.046420231275806134,-0.045457097894492836,-4628.11221448909,99700.32650184631,205
LAURUSLABS.NS,development,2022-09-16,2022-09-29,-0.04099841007828297,-0.040033599455365235,-4086.353153766073,99671.01519213867,188
LAURUSLABS.NS,validation,2022-10-25,2022-11-09,-0.06757977493394754,-0.06662338967275884,-6748.875188925124,99865.3102281189,207
LAURUSLABS.NS,validation,2022-11-30,2022-12-13,-0.039231028889396224,-0.03826673410788243,-3920.1973604780155,99925.938,246
LAURUSLABS.NS,validation,2023-03-03,2023-03-17,-0.014992855752452964,-0.014021185164460584,-1496.660138792345,99824.8875,325
LAURUSLABS.NS,validation,2024-01-29,2024-02-09,0.03362714369804538,0.034613402474773396,3351.7589486266515,99674.20898794557,263
LAURUSLABS.NS,out_of_sample,2024-10-08,2024-10-21,0.07535159806624069,0.07634955327525975,7516.280554950502,99749.45121061706,231
LAURUSLABS.NS,out_of_sample,2025-01-29,2025-02-10,0.2133533388057974,0.21439013621412878,21326.790146127267,99959.95500000002,194
LICHSGFIN.NS,development,2016-11-07,2016-11-21,-0.08307932573487692,-0.08212700131421793,-8288.538769972449,99766.56282000733,183
LICHSGFIN.NS,development,2017-01-05,2017-01-18,0.017718136482430296,0.018699686370459687,1766.6297902429553,99707.42645507812,192
LICHSGFIN.NS,development,2017-07-31,2017-08-11,-0.09058262283120902,-0.08963106141955074,-9005.795826608948,99420.78894525146,139
LICHSGFIN.NS,development,2017-09-28,2017-10-12,0.06315821123555974,0.06415282646061311,6297.381015242415,99708.03308148193,163
LICHSGFIN.NS,development,2017-11-01,2017-11-14,-0.024639884784825285,-0.02366961394957897,-2451.2673248461642,99483.71699999999,166
LICHSGFIN.NS,development,2018-01-31,2018-02-14,-0.024687621871809107,-0.02371916871140635,-2467.0819723239374,99931.941,186
LICHSGFIN.NS,development,2018-05-04,2018-05-17,-0.05821796133778996,-0.057258428070615805,-5807.349404890984,99751.851,191
LICHSGFIN.NS,development,2018-09-05,2018-09-19,-0.07646480777678999,-0.07551051394026996,-7627.353106013636,99749.85,200
LICHSGFIN.NS,development,2018-09-25,2018-10-09,-0.04527200645666428,-0.04430905166223482,-4519.363540720705,99826.8885,237
LICHSGFIN.NS,development,2019-01-31,2019-02-14,0.003700321119369675,0.004678200832092456,368.6177900000065,99617.784,224
LICHSGFIN.NS,development,2019-04-26,2019-05-13,-0.03684002800206735,-0.035874530170779136,-3676.541638441274,99797.47133294679,202
LICHSGFIN.NS,development,2019-08-07,2019-08-22,-0.15210384629547544,-0.1511718473412164,-15192.880138656243,99884.9175,205
LICHSGFIN.NS,development,2019-08-23,2019-09-06,-0.03887829902741803,-0.03791354185263171,-3881.4515321771764,99835.94008163453,241
LICHSGFIN.NS,development,2020-02-19,2020-03-04,-0.12774418878853283,-0.1268050857031201,-12756.574104312009,99860.30852197266,272
LICHSGFIN.NS,development,2020-03-19,2020-04-01,0.07908868554804144,0.08008672820331872,7908.518189281867,99995.56996655275,464
LICHSGFIN.NS,development,2020-05-19,2020-06-02,0.11965250661686573,0.12066242941621187,11958.304355067437,99941.946,442
LICHSGFIN.NS,development,2020-09-25,2020-10-09,0.16025897049613858,0.16128120585961142,15991.235375777014,99783.71461061096,379
LICHSGFIN.NS,development,2021-07-29,2021-08-11,-0.09777781919665045,-0.09682949685073643,-9749.488264701013,99710.63319680787,229
LICHSGFIN.NS,development,2021-10-25,2021-11-08,0.052913581744803394,0.05390536439097529,5274.41603930938,99679.815,243
LICHSGFIN.NS,development,2021-12-21,2022-01-03,0.07829224263984354,0.07929110630607177,7808.386157267819,99733.842,284
LICHSGFIN.NS,development,2022-01-25,2022-02-08,0.14551360373329053,0.14653081309232877,14548.387036756278,99979.56660754395,296
LICHSGFIN.NS,development,2022-02-28,2022-03-14,0.03565742821487323,0.036644103301812704,3555.6101570837873,99715.83300000001,294
LICHSGFIN.NS,development,2022-06-15,2022-06-28,0.03605092214732084,0.037037720066647725,3594.7610977377076,99713.42988253785,314
LICHSGFIN.NS,validation,2022-11-03,2022-11-17,0.030274164802076394,0.03125873492855294,3023.008629929328,99854.40225,274
LICHSGFIN.NS,validation,2023-02-14,2023-02-27,-0.05508257848615736,-0.054122938530734674,-5505.500965562504,99949.95,270
LICHSGFIN.NS,validation,2024-03-14,2024-03-28,0.03913872993157509,0.04012624922802758,3904.278231361608,99754.8525,170
LICHSGFIN.NS,validation,2024-08-05,2024-08-19,-0.061847312642433365,-0.06088780266816104,-6153.728510176967,99498.72108032227,140
LICHSGFIN.NS,out_of_sample,2024-10-04,2024-10-17,-0.036288340272926274,-0.0353213637079199,-3609.5997599504085,99469.96012500001,157
LICHSGFIN.NS,out_of_sample,2025-01-13,2025-01-24,0.03444851344385283,0.03543545781057428,3429.788804336534,99562.75210327149,180
LICHSGFIN.NS,out_of_sample,2025-03-03,2025-03-17,0.038850442263753254,0.03983870503712985,3867.5518147460707,99549.75,199
LICHSGFIN.NS,out_of_sample,2025-08-29,2025-09-11,0.029188765417586013,0.03017300852972971,2914.734906093779,99858.10857000732,183
LICHSGFIN.NS,out_of_sample,2025-12-09,2025-12-22,0.019499950523424472,0.02048152696831451,1946.6467912135197,99828.29386541748,191
LICHSGFIN.NS,out_of_sample,2026-08-07,2026-08-20,-0.0010966101563612718,-0.00012163682748895107,-109.65874036524252,99997.92517799378,197
LICI.NS,out_of_sample,2026-08-05,2026-08-18,0.059589825884493165,0.060583697788411474,5937.3987959749975,99637.794,258
LODHA.NS,validation,2025-07-24,2025-08-06,-0.08354571661346752,-0.08259006724182809,-8263.793559137488,98913.43199999999,74
LODHA.NS,out_of_sample,2025-10-06,2025-10-17,0.05526564469693781,0.05625718726167078,5521.476106520889,99907.92899999999,89
LODHA.NS,out_of_sample,2025-12-02,2025-12-15,-0.03436309245403503,-0.03339457156958333,-3409.6980542499887,99225.588,88
LODHA.NS,out_of_sample,2026-01-21,2026-02-04,0.0790826029576463,0.0800819379486195,7882.417124900867,99673.21294573974,102
LODHA.NS,out_of_sample,2026-03-06,2026-03-19,-0.10956760564989919,-0.10862351940556407,-10948.125062630375,99921.185625,109
LODHA.NS,out_of_sample,2026-03-24,2026-04-09,0.06436581237490782,0.06535980361869848,6433.3597285814185,99949.95,135
LT.NS,development,2018-06-26,2018-07-09,0.012627543348208975,0.013610431923505986,1250.3274053864263,99015.88701049806,78
LT.NS,development,2018-08-17,2018-08-31,0.10270188253705897,0.10371004875229603,10184.900502371822,99169.56,80
LT.NS,development,2019-02-11,2019-02-25,0.010883924958937922,0.0118643026464143,1083.0673233710952,99510.7305,79
LT.NS,development,2019-11-15,2019-11-28,-0.026788354478598075,-0.02581944920482432,-2669.968712583146,99669.0078413086,72
LT.NS,development,2019-12-05,2019-12-18,0.01708033176109635,0.018061777156515718,1702.701021060124,99687.81899999999,77
LT.NS,development,2020-02-27,2020-03-12,-0.16369199192348974,-0.16276162388489748,-16281.199089067506,99462.40434704589,82
LT.NS,development,2020-03-25,2020-04-09,0.16303503695462457,0.16405820840064195,16262.655519083617,99749.45154647827,143
LT.NS,development,2020-09-23,2020-10-07,0.022532041308884945,0.023515155247728178,2245.6065046638955,99662.8079045105,115
LT.NS,validation,2024-05-10,2024-05-24,0.10225093020248997,0.10326172075076961,10071.433076076073,98497.22693115234,30
LT.NS,out_of_sample,2025-02-04,2025-02-17,-0.030817603282469977,-0.029849295027216897,-3067.268042127383,99529.73999999999,30
LT.NS,out_of_sample,2026-03-16,2026-03-30,0.012138386312880762,0.01313061365902947,1174.3445585227853,96746.34899999999,28
LTF.NS,development,2016-11-16,2016-11-29,0.02008142849570708,0.021062545309346016,2007.8349889220633,99984.66938501359,1245
LTF.NS,development,2017-11-14,2017-11-27,-0.011332023051912143,-0.010359997186717571,-1133.189940996127,99998.90891546631,596
LTF.NS,development,2017-12-04,2017-12-15,-0.006322502515495926,-0.005348810253982465,-631.8868463763641,99942.5219409027,637
LTF.NS,development,2018-02-05,2018-02-19,0.04758499634493012,0.04857400237813241,4758.011848844744,99989.74917125702,709
LTF.NS,development,2018-06-26,2018-07-09,-0.03677355875536225,-0.035808753363485046,-3676.433013008839,99974.90418228149,690
LTF.NS,development,2018-09-05,2018-09-19,-0.13319268446780777,-0.13225530556402176,-13305.885914450942,99899.52501983644,639
LTF.NS,development,2018-09-25,2018-10-09,-0.0489830862697668,-0.048021616771601786,-4894.934634355525,99931.11923159409,827
LTF.NS,development,2019-01-29,2019-02-11,-0.02080065309557069,-0.019831101374700136,-2078.7496558257035,99936.74940275574,839
LTF.NS,development,2019-04-26,2019-05-13,-0.16521032247386483,-0.16428250467043712,-16519.007697606583,99987.74562176512,782
LTF.NS,development,2019-06-20,2019-07-03,0.10941868219402091,0.11042568087389583,10934.998398958349,99937.21528804778,999
LTF.NS,development,2019-07-26,2019-08-08,-0.028845579377458703,-0.027878416537358442,-2883.2757100436334,99955.54855440903,1051
LTF.NS,development,2019-08-26,2019-09-09,-0.013104574012967439,-0.01213291935455273,-1309.9894968603373,99964.29457104493,1144
LTF.NS,development,2019-10-01,2019-10-16,-0.02878880380835787,-0.027821786486744684,-2878.7646168718393,99995.97885467148,1259
LTF.NS,development,2020-03-02,2020-03-16,-0.3125985818025109,-0.31171308399329034,-31250.84849276743,99971.17809226227,1043
LTF.NS,development,2020-03-17,2020-03-30,-0.2894603992682147,-0.28856822868947063,-28936.35026495956,99966.52508638002,1492
LTF.NS,development,2020-05-19,2020-06-02,0.12276668640849689,0.12377735195888388,12274.227244921858,99980.11353080177,1997
LTF.NS,development,2020-07-16,2020-07-29,0.017981250414486043,0.018961847068487955,1797.4729049337027,99963.73241571808,1761
LTF.NS,development,2020-09-25,2020-10-09,0.10287843289305959,0.1038833494909852,10286.553999708656,99987.4678340149,1890
LTF.NS,development,2021-04-13,2021-04-28,0.023735971103034232,0.024718350050080915,2371.9816638461216,99931.94099999999,1116
LTF.NS,development,2021-07-23,2021-08-05,-0.007538299072455509,-0.006564890798803323,-753.2730882366382,99926.13466200256,1126
LTF.NS,development,2021-08-18,2021-09-01,0.023152384428842206,0.02413461236838201,2313.565512431234,99927.7426280594,1221
LTF.NS,development,2022-02-25,2022-03-11,0.02276817971721626,0.023750217218640186,2275.6271703082134,99947.69887499999,1531
LTF.NS,development,2022-06-14,2022-06-27,0.01423550726228047,0.015215122793577583,1422.6929011162363,99939.74046052551,1454
LTF.NS,validation,2023-08-18,2023-08-31,0.03571138386853203,0.03669702342713862,3570.3425184883863,99977.713875,831
LTF.NS,validation,2024-03-07,2024-03-21,-0.031065509191490284,-0.030098935107578228,-3104.7848573244155,99943.15039828491,622
LTF.NS,validation,2024-07-22,2024-08-02,0.02100168974529523,0.021983388140980022,2098.1852893396867,99905.54640060425,577
LTF.NS,validation,2024-08-06,2024-08-20,-0.017976128479555386,-0.017005376078189163,-1794.7347799053193,99839.895,587
LTF.NS,out_of_sample,2024-10-23,2024-11-05,-0.011455300520682797,-0.01048315223853304,-1145.0657610565913,99959.46932942963,681
LTF.NS,out_of_sample,2026-04-01,2026-04-16,0.12407720461316861,0.12508879760635708,12388.210149091068,99842.75667487337,401
LTF.NS,out_of_sample,2026-06-09,2026-06-22,0.09527849302318171,0.09628129006724279,9525.082904706675,99970.96514099122,380
LTTS.NS,development,2022-01-20,2022-02-03,-0.10192606964384048,-0.10096750739979271,-9881.574466562386,96948.45,19
LTTS.NS,development,2022-04-13,2022-04-28,-0.11564420895419342,-0.11468731775334887,-11150.089031093019,96417.1845,21
LTTS.NS,development,2022-05-16,2022-05-27,-0.025372645295371414,-0.02440011081601937,-2508.7307824823556,98875.413,28
LTTS.NS,development,2022-06-17,2022-06-30,-0.03566345076795649,-0.03468704283287484,-3467.6854391152933,97233.5925,31
LTTS.NS,validation,2023-01-16,2023-01-30,-0.047446762736097665,-0.0464722092395098,-4596.2823478375,96872.412,28
LTTS.NS,validation,2023-10-25,2023-11-07,0.005525341325244785,0.006513062904136237,537.9436570979071,97359.3531027832,23
LTTS.NS,validation,2024-03-14,2024-03-28,0.06716591727818506,0.06817109024299478,6543.614925712832,97424.63426220704,19
LTTS.NS,validation,2024-04-29,2024-05-13,-0.08755872316429171,-0.08659431840912446,-8453.641493746827,96548.25,20
LTTS.NS,out_of_sample,2024-10-04,2024-10-17,0.025404854863912123,0.026400035276479314,2462.961301531241,96948.45,19
LTTS.NS,out_of_sample,2024-12-23,2025-01-06,-0.018111526864398698,-0.017128387721317202,-1753.8731427486507,96837.39840820312,20
LTTS.NS,out_of_sample,2025-02-18,2025-03-04,-0.05577179265492672,-0.05479816062118198,-5383.5529866250035,96528.24,20
LTTS.NS,out_of_sample,2025-03-13,2025-03-27,0.002013376447523987,0.0029996623704319682,196.2242756106529,97460.30150097657,22
LTTS.NS,out_of_sample,2025-04-08,2025-04-24,0.069931106428743,0.07094285251180556,6718.4920620674575,96073.0125,23
LUPIN.NS,development,2017-02-14,2017-02-28,0.015308227587946815,0.016287979715247272,1530.5574629369107,99982.66972082519,69
LUPIN.NS,development,2017-04-25,2017-05-09,-0.08716635414783513,-0.08621522498957541,-8696.719157292251,99771.51439123535,73
LUPIN.NS,development,2017-05-26,2017-06-08,0.029915636931915773,0.030901217137411088,2978.932234315993,99577.764,88
LUPIN.NS,development,2017-06-22,2017-07-06,-0.005969961904431183,-0.00499591409388387,-596.2744957945176,99879.1123527832,92
LUPIN.NS,development,2017-08-01,2017-08-14,-0.07089789081126867,-0.0699417867074635,-7068.36544007308,99697.824,96
LUPIN.NS,development,2017-11-08,2017-11-21,-0.03146847763148949,-0.03049917105815293,-3122.8402648859,99237.09375,115
LUPIN.NS,development,2018-02-02,2018-02-16,-0.043873187780849754,-0.042910134965719805,-4383.051013009874,99902.72498327636,116
LUPIN.NS,development,2018-05-11,2018-05-24,-0.02757744018218974,-0.026609314370586865,-2752.4044259903785,99806.37825000001,131
LUPIN.NS,development,2018-07-16,2018-07-27,-0.062056760787808515,-0.0610983435617831,-6190.463019015622,99754.8525,115
LUPIN.NS,development,2019-02-18,2019-03-01,0.00842929428766778,0.009408417840217119,839.9504763239299,99646.5952734375,128
LUPIN.NS,development,2019-03-26,2019-04-09,0.10340659404242793,0.10441266406360264,10313.550745175005,99737.844,136
LUPIN.NS,development,2019-05-20,2019-05-31,-0.034172857308453625,-0.033204906890482305,-3396.0871114069228,99379.665,129
LUPIN.NS,development,2019-06-18,2019-07-01,0.08689629913976529,0.08789666279181557,8687.602195097155,99976.665072052,141
LUPIN.NS,development,2019-10-03,2019-10-17,0.04577974392633733,0.04676882338051757,4570.736432000003,99841.896,144
LUPIN.NS,development,2020-02-26,2020-03-11,-0.046252792475223466,-0.04528919326416817,-4606.624099967756,99596.66981048584,149
LUPIN.NS,development,2020-07-07,2020-07-20,-0.015357474654639774,-0.014386060310675106,-1533.6374245842226,99862.60495770264,114
LUPIN.NS,development,2020-10-27,2020-11-09,-0.05016083515567928,-0.049197328519532506,-4983.059929099846,99341.646,103
LUPIN.NS,development,2020-11-11,2020-11-24,0.02660892846680813,0.02759496758557683,2640.3930621006994,99229.59,114
LUPIN.NS,development,2021-06-18,2021-07-01,-0.01858611032407995,-0.01761243736869492,-1841.409819629438,99074.5125,85
LUPIN.NS,development,2021-08-12,2021-08-26,-0.09216782808918599,-0.0912188932768333,-9213.091948242769,99959.95500000002,97
LUPIN.NS,development,2021-10-29,2021-11-12,0.05573475715994082,0.05672805338402226,5545.927586103124,99505.728,111
LUPIN.NS,development,2022-02-08,2022-02-21,-0.05705216216042191,-0.05609264333350571,-5696.024798931255,99838.8945,124
LUPIN.NS,development,2022-05-20,2022-06-02,-0.03904397078582638,-0.038079525968424226,-3900.567880191789,99901.92599999999,157
LUPIN.NS,validation,2023-02-14,2023-02-27,-0.03692661779902656,-0.03596081662656649,-3682.168453702561,99715.83300000001,147
LUPIN.NS,out_of_sample,2026-08-11,2026-08-24,-0.04485565509450507,-0.043886371912512025,-4409.496037506251,98304.1275,43
MANAPPURAM.NS,development,2018-06-28,2018-07-11,0.09078835681791671,0.09178981693165723,9077.234880270153,99982.36776633453,1026
MANAPPURAM.NS,development,2018-09-11,2018-09-26,-0.12814260052384094,-0.12720382343304076,-12803.115259438797,99913.02819749452,1098
MANAPPURAM.NS,development,2019-07-25,2019-08-07,0.012288607405403273,0.01326765602102488,1228.1417724823398,99941.49312169649,869
MANAPPURAM.NS,development,2019-12-02,2019-12-13,0.11633003802371644,0.11733908709871177,11623.876517905826,99921.53974484254,646
MANAPPURAM.NS,development,2020-03-18,2020-03-31,-0.09125727178168687,-0.09030821127897601,-9125.177079334388,99993.97200000001,961
MANAPPURAM.NS,development,2020-09-01,2020-09-14,0.05857991328572899,0.0595721091970827,5856.98202473772,99982.77047918702,668
MANAPPURAM.NS,development,2021-01-28,2021-02-10,0.13266660621304002,0.13368046532854078,13252.547264148447,99893.6178624115,653
MANAPPURAM.NS,development,2021-04-20,2021-05-04,0.02094833148336243,0.021930092849993345,2092.445328525991,99886.01384257508,689
MANAPPURAM.NS,development,2021-08-12,2021-08-26,-0.05297236517723597,-0.0520116770874099,-5288.755377196896,99839.895,587
MANAPPURAM.NS,development,2021-12-21,2022-01-03,0.055781172538386464,0.056772875391956926,5572.813998312491,99904.9275,630
MANAPPURAM.NS,development,2022-01-24,2022-02-07,-0.01044718479268278,-0.009474495978847587,-1043.641620024995,99896.9235,638
MANAPPURAM.NS,development,2022-02-15,2022-02-28,-0.18821340771736783,-0.1872917330528024,-18796.856089526827,99869.90999999999,713
MANAPPURAM.NS,development,2022-05-13,2022-05-26,-0.12013791518489579,-0.11919689383611534,-12005.074161191369,99927.43875,965
MANAPPURAM.NS,validation,2022-09-26,2022-10-10,0.0742707866572289,0.07526777189993027,7420.664275429458,99913.63508342742,1059
MANAPPURAM.NS,validation,2023-02-22,2023-03-08,0.07569637503827811,0.07669373779529504,7563.713085610109,99921.73445274352,948
MANAPPURAM.NS,validation,2023-05-04,2023-05-17,-0.015271735213906923,-0.014300515267007428,-1525.9095150221938,99917.23230197525,883
MANAPPURAM.NS,validation,2023-09-13,2023-09-27,0.06065834797317223,0.06165131828279419,6062.11333238852,99938.64875894165,722
MANAPPURAM.NS,validation,2024-02-29,2024-03-14,-0.0421017520357473,-0.04113840487106499,-4208.339777393757,99956.40499285125,579
MANAPPURAM.NS,validation,2024-05-10,2024-05-24,0.07408228851681552,0.0750792351962844,7401.541570900679,99909.73171975708,596
MANAPPURAM.NS,validation,2024-06-05,2024-06-19,0.1573617730382677,0.1583826045046326,15724.52277619201,99925.938,609
MANAPPURAM.NS,out_of_sample,2024-10-03,2024-10-16,-0.07898029747186412,-0.07802741271742708,-7891.762985141678,99920.65410937498,512
MANAPPURAM.NS,out_of_sample,2024-10-21,2024-11-01,0.027407665228301178,0.028391348778893207,2737.201059660568,99869.90999999999,644
MANAPPURAM.NS,out_of_sample,2025-11-03,2025-11-17,0.04817840303222217,0.049168144190313345,4810.5605224348465,99848.8995,371
MANAPPURAM.NS,out_of_sample,2026-03-10,2026-03-23,-0.033710742738969415,-0.03274436409945287,-3364.407329048267,99802.23085263062,383
MANKIND.NS,validation,2025-08-12,2025-08-26,0.024739354456896113,0.02572211175646418,2471.6973704476077,99909.5338059082,41
MANKIND.NS,validation,2025-10-28,2025-11-11,-0.0835173587023773,-0.08256260216846247,-8279.429910751916,99134.2403470459,41
MANKIND.NS,validation,2025-11-12,2025-11-25,0.005099698471152335,0.006084823853873474,499.5101105659765,97948.95000000001,44
MARICO.NS,development,2016-11-15,2016-11-28,0.017506452972943693,0.01848705484497963,1749.39079267765,99928.34044573974,408
MARICO.NS,development,2017-11-16,2017-11-29,0.0621362212686923,0.06312971563049935,6208.274186577077,99913.932,342
MARICO.NS,development,2018-02-06,2018-02-20,0.06470605673965002,0.06570092875646694,6454.743145920418,99754.8525,345
MARICO.NS,development,2019-02-15,2019-02-28,-0.02347372470845455,-0.022505138799982557,-2347.043087540346,99985.968,288
MARICO.NS,development,2019-10-30,2019-11-13,-0.01736750988927585,-0.01639620459978539,-1732.3370015542057,99745.848,268
MARICO.NS,development,2019-12-09,2019-12-20,-0.015320534829039728,-0.01434919855385835,-1530.2872644971742,99884.71561688233,292
MARICO.NS,development,2020-02-05,2020-02-18,-0.03266935780933006,-0.03170302882518864,-3263.316722478349,99889.22162242128,323
MARICO.NS,development,2020-10-27,2020-11-09,0.08437000358677889,0.08537034966752136,8420.115811710084,99799.875,285
MARICO.NS,development,2021-03-01,2021-03-15,-0.023763211223424598,-0.02279425997955175,-2373.3272079422027,99874.01052946472,249
MARICO.NS,development,2022-01-19,2022-02-02,0.022429416451412484,0.02341260972997439,2234.772694663729,99635.793,202
MARICO.NS,validation,2023-04-20,2023-05-04,0.060020088951681864,0.061013697862982705,5986.034068332984,99733.84199999999,213
MARICO.NS,validation,2023-07-10,2023-07-21,0.03731789428389672,0.0383058941371947,3713.3442381461823,99505.728,192
MARICO.NS,validation,2023-10-09,2023-10-20,0.009744405642503624,0.01072422008687786,970.2412845364283,99569.05737835693,186
MARICO.NS,validation,2024-03-13,2024-03-27,-0.022444008694217366,-0.02147323292084312,-2233.5162310019223,99515.03144700623,197
MARICO.NS,out_of_sample,2024-11-13,2024-11-28,0.08206757376445242,0.08306675192320015,8200.679287797098,99925.938,168
MARUTI.NS,development,2016-11-15,2016-11-28,-0.04321188461351501,-0.042236590875978815,-4190.885883649804,96984.56619360352,19
MARUTI.NS,development,2018-05-03,2018-05-16,-0.010392240986442973,-0.009405279132752447,-1002.468898665253,96463.20749999999,11
MARUTI.NS,development,2018-09-07,2018-09-24,-0.11419127404694576,-0.11323463568696424,-11027.823883745132,96573.26250000001,11
MARUTI.NS,development,2018-09-25,2018-10-09,-0.1378163812439415,-0.13685083327791747,-12823.331917414402,93046.5,12
MARUTI.NS,development,2019-01-23,2019-02-05,0.0036944783843401953,0.0046758886597260425,364.82733904264444,98749.34999999999,14
MARUTI.NS,development,2019-03-22,2019-04-05,0.0797091863086159,0.08071325919455194,7855.679274028874,98554.25249999999,15
MARUTI.NS,development,2019-06-19,2019-07-02,0.00905967210913936,0.010048560916149373,881.7202442187396,97323.63750000001,15
MARUTI.NS,development,2019-07-09,2019-07-22,-0.026782609525476554,-0.025802692713049434,-2598.1402405000017,97008.48,16
MARUTI.NS,development,2020-02-26,2020-03-11,-0.03451502496452686,-0.033529927180848546,-3289.1999059351187,95297.625,15
MARUTI.NS,development,2021-02-23,2021-03-08,0.017254318633459092,0.01823571258894901,1720.480371931208,99713.02886425782,14
MARUTI.NS,development,2021-07-30,2021-08-12,-0.0007705551734336508,0.00021246519597348238,-75.55216419999603,98049.0,14
MARUTI.NS,development,2021-08-17,2021-08-31,0.004273538477401531,0.00527001169394634,407.04428348015006,95247.59999999999,14
MARUTI.NS,development,2022-03-07,2022-03-21,0.09938777417675468,0.1004000652538165,9733.73487383347,97936.944,14
MARUTI.NS,validation,2022-12-08,2022-12-21,-0.038735351985626575,-0.037751754217020275,-3693.9061045472517,95362.6575,11
MARUTI.NS,validation,2023-12-13,2023-12-27,-0.009391821415614133,-0.008390447633326277,-876.1312755062577,93286.62,9
MARUTI.NS,out_of_sample,2024-10-30,2024-11-12,0.0124415510701133,0.013425021687682923,1229.9767838403595,98860.4055,9
MARUTI.NS,out_of_sample,2026-01-29,2026-02-11,0.033862191414100185,0.03489532973929983,3022.6953103250016,89264.61,6
MARUTI.NS,out_of_sample,2026-03-16,2026-03-30,-0.02053118622736875,-0.01950604652987902,-1801.978319500001,87767.862,7
MAXHEALTH.NS,out_of_sample,2025-08-29,2025-09-11,0.022065721985838716,0.02305124482007218,2185.289655268476,99035.49299999999,86
MAXHEALTH.NS,out_of_sample,2025-10-06,2025-10-17,0.0897282335651273,0.0907327909348715,8895.616249300449,99139.545,90
MAXHEALTH.NS,out_of_sample,2026-08-13,2026-08-26,-0.005346646455380062,-0.004372230314520434,-533.7663740102806,99831.99346820067,99
MAZDOCK.NS,out_of_sample,2025-07-21,2025-08-01,-0.08896987271610783,-0.08801362782390787,-8753.671931543495,98389.17,33
MAZDOCK.NS,out_of_sample,2025-11-03,2025-11-17,0.027060609137577876,0.028051966663726974,2651.0997341750017,97968.96,36
MAZDOCK.NS,out_of_sample,2025-12-09,2025-12-22,0.03192986708689264,0.03292063268337247,3143.469870810911,98449.2,40
MCLEODRUSS.NS,development,2016-11-10,2016-11-24,-0.07354839406773131,-0.0725940064565397,-7350.0914673084135,99935.44468883515,635
MCLEODRUSS.NS,development,2017-05-24,2017-06-06,0.0372805841218886,0.038266657935056285,3727.386094134806,99981.966,581
MCX.NS,development,2017-08-22,2017-09-05,0.06779819465307944,0.06879318501240875,6776.222669384307,99946.9485,497
MCX.NS,development,2018-01-17,2018-01-31,-0.11169335890527257,-0.11074966474631613,-11154.425558757226,99866.50655046845,573
MCX.NS,development,2018-04-02,2018-04-13,0.11751779658115417,0.11852692438609504,11750.27226915393,99987.17310054017,737
MCX.NS,development,2018-06-29,2018-07-12,0.09896819494741303,0.09997247366035565,9883.560037610536,99866.0230477295,684
MCX.NS,development,2018-09-05,2018-09-19,0.03426413763082055,0.03524981544422008,3421.7645136096744,99864.31149902345,640
MCX.NS,development,2018-09-25,2018-10-09,-0.06963900266598064,-0.06868322933545738,-6954.863135571042,99870.22888494874,696
MCX.NS,development,2019-02-18,2019-03-01,0.01008219834729659,0.011060567030910136,1007.7442535309498,99952.82961291505,748
MCX.NS,validation,2023-04-27,2023-05-11,-0.018621394728327124,-0.01765092417139889,-1859.6048424621679,99863.88611553953,358
MCX.NS,validation,2024-01-10,2024-01-24,0.021639772727091337,0.022623094089048446,2154.190663853534,99547.749,161
MCX.NS,validation,2024-03-14,2024-03-28,0.040903328952520454,0.04189212917857405,4072.452396807607,99562.85957885742,155
MCX.NS,validation,2024-05-31,2024-06-13,0.061142966614063446,0.06213875183356658,6069.98081871918,99275.20947802733,136
MCX.NS,out_of_sample,2025-01-07,2025-01-20,0.031775966385297304,0.032763987446538675,3149.2423183966175,99107.68032073975,85
MCX.NS,out_of_sample,2025-03-03,2025-03-17,-0.01047327507880894,-0.009497171072982539,-1037.3830437756776,99050.49146228028,99
MCX.NS,out_of_sample,2026-07-07,2026-07-20,0.02969623489588133,0.030686854375010304,2920.0052385500003,98329.13999999998,36
MCX.NS,out_of_sample,2026-08-06,2026-08-19,0.13180071487312162,0.1328153896720787,13131.145678043753,99628.7895,38
METROPOLIS.NS,development,2022-08-22,2022-09-05,-0.025518494891300997,-0.024549780981351053,-2546.9340847460185,99807.37874999999,283
METROPOLIS.NS,development,2022-11-17,2022-11-30,0.02778698014294495,0.02877105392616178,2773.1371448933883,99799.875,280
METROPOLIS.NS,development,2022-12-13,2022-12-26,-0.050381923650816215,-0.04941999803018189,-5023.951095655459,99717.33374999999,291
METROPOLIS.NS,development,2023-02-06,2023-02-17,0.10045144387823625,0.10145581873547671,10039.96604055312,99948.44925,327
METROPOLIS.NS,development,2023-07-24,2023-08-04,-0.024838198403970647,-0.023869303727905578,-2479.1274663885556,99811.08235258484,287
METROPOLIS.NS,validation,2024-01-15,2024-01-30,0.048326456677084566,0.04931678601470054,4818.782492637582,99713.13487426758,264
METROPOLIS.NS,validation,2025-01-14,2025-01-27,-0.07370682877278135,-0.07275267101495488,-7369.316776486954,99981.46575,212
METROPOLIS.NS,validation,2025-01-29,2025-02-10,0.04723332548334712,0.04822310794955243,4712.5135283225545,99770.9451980896,233
METROPOLIS.NS,validation,2025-02-19,2025-03-05,-0.014078579977386057,-0.013106214955004875,-1403.8812962601012,99717.5353277893,242
METROPOLIS.NS,out_of_sample,2025-04-02,2025-04-17,0.07482922312259005,0.0758261604657275,7480.354269170119,99965.68128089905,259
METROPOLIS.NS,out_of_sample,2025-05-15,2025-05-28,0.04188288013961086,0.04287161145074434,4173.620629336195,99649.8,249
MFSL.NS,development,2017-10-30,2017-11-10,-0.002206173607411421,-0.0012298510524636768,-219.6967560184506,99582.71428884887,179
MFSL.NS,development,2018-01-19,2018-02-02,-0.013709946047045308,-0.012737620470357607,-1367.617810770996,99753.69750384521,181
MFSL.NS,development,2018-03-15,2018-03-28,-0.005875525149256695,-0.004900709656547014,-585.7594368494323,99694.82250000001,219
MFSL.NS,development,2018-06-28,2018-07-11,0.05329345134009223,0.05428544981186757,5310.871202749601,99653.35457180788,229
MFSL.NS,development,2018-10-01,2018-10-15,-0.08826438217494303,-0.08731369481082422,-8809.03923355464,99802.8765,246
MFSL.NS,development,2019-01-29,2019-02-11,-0.055024871123260446,-0.05406515627179449,-5498.932274024113,99935.39579049684,251
MFSL.NS,development,2019-05-02,2019-05-15,-0.047924541009700936,-0.046961552882245364,-4774.673528188512,99628.98814663697,238
MFSL.NS,development,2020-02-04,2020-02-17,0.03347230852101717,0.034458143946529164,3339.4773443758686,99768.36053237916,210
MFSL.NS,development,2020-03-24,2020-04-08,0.11640498109229637,0.11741488744724518,11607.139920124839,99713.42988253785,314
MFSL.NS,development,2021-08-11,2021-08-25,0.0022382698327707415,0.0032155117785732175,223.09218112107365,99671.7097531128,98
MFSL.NS,development,2021-09-29,2021-10-12,0.0115969239137286,0.012577001955055218,1155.4687105050127,99635.793,101
MFSL.NS,development,2021-10-26,2021-11-09,0.04370405017996446,0.0446938057369642,4349.677847749996,99525.738,104
MFSL.NS,development,2022-01-27,2022-02-09,-0.009075502997237531,-0.008099482022098117,-900.0136390147272,99169.56,112
MFSL.NS,development,2022-03-28,2022-04-08,0.08632162661579085,0.08732424436076112,8578.29046737952,99375.913125,135
MFSL.NS,development,2022-08-10,2022-08-24,0.01208281469977956,0.013062203500744362,1206.371128642662,99841.896,126
MFSL.NS,validation,2022-10-27,2022-11-10,-0.007513007443327258,-0.00653925004553206,-750.105391039959,99840.89550000001,146
MFSL.NS,validation,2022-11-17,2022-11-30,0.0812458970017553,0.0822459363411251,8096.381246605366,99652.8015,153
MFSL.NS,validation,2023-03-14,2023-03-27,-0.0414133935275523,-0.040448955926328536,-4130.325055689516,99734.04021917726,154
MFSL.NS,validation,2023-12-21,2024-01-04,0.012291077697509032,0.01327339806859449,1218.4334727048022,99131.541,107
MFSL.NS,validation,2024-01-24,2024-02-07,0.10158003899775739,0.10258782399520959,10075.11097326905,99183.96441540528,114
MFSL.NS,validation,2024-05-31,2024-06-13,0.06529658247855687,0.06629084139570841,6526.390153902635,99949.95,108
MFSL.NS,out_of_sample,2025-09-18,2025-10-01,0.05197394692860745,0.05297034472987718,5118.457493848727,98481.216,64
MFSL.NS,out_of_sample,2026-04-01,2026-04-16,0.11617790353374723,0.11719256107511536,11447.094709505625,98530.73916229248,65
MGL.NS,development,2018-01-18,2018-02-01,-0.05344173598132096,-0.052481523943910376,-5340.162127824998,99924.9375,94
MGL.NS,development,2018-02-05,2018-02-19,0.047698019634677576,0.04868994074391384,4735.202416250008,99274.6125,105
MGL.NS,development,2018-04-12,2018-04-25,-0.020804639321980727,-0.019834435532738292,-2075.761349566833,99773.96471246338,109
MGL.NS,development,2018-05-23,2018-06-05,0.009358628707621167,0.010336728722206992,935.5630109396958,99967.95899999999,126
MGL.NS,development,2018-08-27,2018-09-07,0.002576677604313129,0.003554947429376265,256.2279020351429,99441.19575,117
MGL.NS,development,2019-05-13,2019-05-24,-0.007881024718238507,-0.0069053656254624805,-782.9265728406425,99343.2454321289,112
MGL.NS,development,2019-07-09,2019-07-22,-0.03866391389971498,-0.03769962433663357,-3865.1525595062362,99967.95899999999,126
MGL.NS,development,2020-02-27,2020-03-12,-0.16092572782399983,-0.15999509487400473,-16027.200245837495,99593.772,92
MGL.NS,development,2020-07-10,2020-07-23,0.013354460333412043,0.014336703959578378,1325.104179005486,99225.588,98
MGL.NS,development,2020-09-02,2020-09-15,0.016586085591792074,0.017568949807115705,1647.0252682401251,99301.626,108
MGL.NS,development,2020-09-25,2020-10-09,0.0005010101144455867,0.0014786425348789563,49.82605746950851,99451.20075,121
MGL.NS,development,2021-10-21,2021-11-03,-0.037719320631186194,-0.036751684622696096,-3741.9764395292236,99205.82812499999,95
MGL.NS,development,2022-02-23,2022-03-09,0.011203924473788839,0.012184328095168515,1115.0940028098446,99527.09029934692,133
MGL.NS,development,2022-07-26,2022-08-08,0.09478833856172737,0.0957913057441458,9468.72168710153,99893.31842687988,134
MGL.NS,validation,2023-08-16,2023-08-29,0.03989356337243112,0.040882268373111416,3969.9892555674783,99514.53116647339,101
MGL.NS,validation,2024-03-07,2024-03-21,-0.008666548412040868,-0.007692958032262086,-864.9204482031272,99799.875,75
MGL.NS,validation,2024-05-10,2024-05-24,-0.028052968410085803,-0.02708344033319415,-2789.157617620153,99424.6875,75
MGL.NS,out_of_sample,2024-10-21,2024-11-01,-0.09173798428880582,-0.09078302738889729,-9036.955866435681,98508.33257885743,62
MGL.NS,out_of_sample,2024-11-19,2024-12-03,0.14614199100914535,0.1471630516046254,14478.419823083615,99070.908526062,89
MGL.NS,out_of_sample,2025-09-01,2025-09-12,0.028088162166585235,0.029071896979281735,2806.1739070671883,99905.928,79
MGL.NS,out_of_sample,2025-11-07,2025-11-20,-0.006358558532489856,-0.005380416670354949,-628.4888143242779,98841.39795410156,80
MGL.NS,out_of_sample,2025-12-04,2025-12-17,-0.048251768929814545,-0.047288696574601746,-4805.141190339305,99584.76749999999,85
MOTHERSON.NS,validation,2022-09-29,2022-10-13,-0.016044143511305092,-0.015073342655784826,-1603.875282497987,99966.40090933228,2072
MOTHERSON.NS,validation,2022-10-19,2022-11-02,-0.00015249974718399212,0.0008228089594031891,-15.247224537958495,99981.966,2324
MOTHERSON.NS,validation,2023-03-17,2023-03-31,-0.035555874276106625,-0.03459076298238809,-3555.0884880416297,99985.96745040895,2160
MOTHERSON.NS,validation,2023-10-05,2023-10-18,0.030710556196441797,0.03169486144151264,3069.5747615732175,99951.78016114427,1607
MOTHERSON.NS,validation,2023-11-23,2023-12-07,0.06792768531681491,0.06892257592318642,6791.488916801903,99981.1621009369,1719
MOTHERSON.NS,validation,2024-08-06,2024-08-20,0.03564116852763526,0.03662685807528732,3562.6977771955007,99960.18437030411,821
MOTHERSON.NS,out_of_sample,2024-11-13,2024-11-28,-0.03349647632190398,-0.03253049229665569,-3346.8317603654423,99915.93528232955,897
MOTHERSON.NS,out_of_sample,2025-01-13,2025-01-24,0.0003262848388760638,0.0013018271388784087,32.61478366451114,99958.01146279908,1051
MOTHERSON.NS,out_of_sample,2025-02-04,2025-02-17,-0.09481100309992777,-0.09386288422819432,-9478.625181502695,99973.8940797043,1090
MOTHERSON.NS,out_of_sample,2025-04-08,2025-04-24,0.11830767596845691,0.11931699662786498,11830.264134001281,99995.7444617157,1234
MOTHERSON.NS,out_of_sample,2025-08-12,2025-08-26,0.01556400061809953,0.016543984807792206,1555.5142195596052,99943.08389776613,1094
MOTHERSON.NS,out_of_sample,2026-01-21,2026-02-04,0.15056307082251363,0.1515816874806203,15054.917402119994,99990.77011299133,940
MPHASIS.NS,development,2022-01-20,2022-02-03,-0.027031701059717774,-0.026059831966046304,-2674.014686350004,98921.436,32
MPHASIS.NS,development,2022-04-19,2022-05-02,-0.06298090301542647,-0.06202060641181905,-6249.228707904974,99224.18397802734,34
MPHASIS.NS,development,2022-05-16,2022-05-27,0.011225626741089545,0.012212013740693969,1100.8861011281779,98069.01,40
MPHASIS.NS,development,2022-06-15,2022-06-28,0.0209880923785194,0.02197077641654161,2091.658694472017,99659.30475,43
MPHASIS.NS,validation,2022-10-28,2022-11-11,0.02622528176622934,0.027213994215911617,2584.4818491005767,98549.25,50
MPHASIS.NS,validation,2023-10-19,2023-11-02,-0.030354223028842116,-0.02938393112495147,-3007.3056186254516,99073.71424951172,44
MPHASIS.NS,validation,2024-03-14,2024-03-28,0.007252594647081131,0.00823245830754688,720.760426407716,99379.665,42
MPHASIS.NS,validation,2024-04-18,2024-05-02,-0.021867937190450538,-0.02089650768163466,-2173.549981371611,99394.37645361328,42
MPHASIS.NS,out_of_sample,2024-10-07,2024-10-18,0.06526756010874851,0.06626722857957011,6436.378910843746,98615.28300000001,34
MPHASIS.NS,out_of_sample,2025-02-14,2025-02-28,-0.14776243518790164,-0.1468296161911399,-14775.042624872063,99991.87280639648,38
MPHASIS.NS,out_of_sample,2025-03-03,2025-03-17,-0.02888880316119095,-0.02791977850866462,-2874.1389376420025,99489.72,44
MPHASIS.NS,out_of_sample,2026-02-13,2026-02-26,-0.05520246719576823,-0.05423464863567443,-5406.559987796152,97940.5498059082,41
MPHASIS.NS,out_of_sample,2026-07-01,2026-07-14,0.08567170069636247,0.08667920177550408,8407.824792741,98140.04769836426,45
MRF.NS,development,2017-08-07,2017-08-21,-0.05741815939553531,-0.05626350788139842,-3854.6848746881396,67133.55,1
MRF.NS,development,2018-01-29,2018-02-09,0.03967006518361126,0.04085206080239847,2665.772148021279,67198.5825,1
MRF.NS,development,2018-09-05,2018-09-19,-0.05185434340702105,-0.05073319188226336,-3699.011411992483,71334.6495,1
MRF.NS,development,2018-09-25,2018-10-09,-0.04404998444081814,-0.04286916052358115,-2850.445354100634,64709.3385,1
MRF.NS,development,2019-02-01,2019-02-15,-0.10584782234969706,-0.10465271435278059,-6511.752084249047,61519.943818359374,1
MRF.NS,development,2019-05-02,2019-05-15,0.0152746472562477,0.016614427896188826,803.9245803243678,52631.3025,1
MRF.NS,development,2020-07-28,2020-08-10,-0.00812173513379993,-0.006905953102610516,-505.4228924740946,62230.900681640625,1
MRF.NS,development,2020-12-22,2021-01-05,0.04469052094934743,0.04580838878227716,3374.7930029187432,75514.7385,1
MRF.NS,development,2021-08-12,2021-08-26,-0.023448945361979088,-0.022369116620413274,-1834.6009204005834,78238.0995,1
MRPL.NS,development,2017-06-23,2017-07-07,-0.013822076217875033,-0.012850468854276,-1381.1652791590625,99924.58856310655,811
MRPL.NS,development,2017-09-28,2017-10-12,0.04415233154330347,0.04514077399129649,4410.112182003286,99884.01581189346,811
MRPL.NS,development,2018-02-05,2018-02-19,0.016457496701969852,0.017437806538919604,1644.530795076244,99925.93800000001,861
MRPL.NS,development,2018-04-19,2018-05-03,-0.005788679546526243,-0.004814940448040706,-578.6894378376415,99969.16104725646,948
MRPL.NS,development,2018-05-24,2018-06-06,-0.0649903358106374,-0.06403367495081307,-6497.887656276729,99982.36776633453,1026
MRPL.NS,development,2018-06-29,2018-07-12,0.006919634891773565,0.007896930188471596,691.9203665052662,99993.76807118226,1254
MRPL.NS,development,2018-09-05,2018-09-19,-0.02588481978844971,-0.024916897234849193,-2587.924529837212,99978.46425,1302
MRPL.NS,development,2018-10-03,2018-10-16,0.24414349068214666,0.2451892149323287,24400.175562006607,99941.94600000001,1469
MRPL.NS,development,2018-11-21,2018-12-05,-0.0880535936409255,-0.08710333818851675,-8798.811681350997,99925.63980104827,1278
MRPL.NS,development,2019-02-05,2019-02-19,-0.04419279492767024,-0.04322996075620039,-4416.378095904728,99934.34683488464,1518
MRPL.NS,development,2019-05-13,2019-05-24,-0.011898512795419433,-0.01092645625012753,-1189.2628873762565,99950.5491000595,1572
MRPL.NS,development,2019-06-10,2019-06-21,0.014850521627319877,0.015830088886523448,1484.9923596813944,99995.973,1652
MRPL.NS,development,2019-07-25,2019-08-07,-0.02195584484364939,-0.020986704653224865,-2194.6305442386465,99956.55188251304,1857
MRPL.NS,development,2019-12-12,2019-12-26,-0.09785868534600718,-0.0969115272990946,-9785.376550060142,99994.9725,2221
MRPL.NS,development,2020-02-28,2020-03-13,0.07120027135541421,0.07219615356075171,7117.788391993501,99968.5570924759,2892
MRPL.NS,development,2020-03-24,2020-04-08,0.018497001627950833,0.019477656802359713,1849.4442548319616,99986.16489481545,4199
MUTHOOTFIN.NS,development,2017-11-08,2017-11-21,-0.03780527513778121,-0.036840654507313844,-3778.521887224149,99946.9485,213
MUTHOOTFIN.NS,development,2018-02-21,2018-03-07,-0.018337669059182733,-0.017367064808130633,-1831.0327977452387,99850.90208770752,260
MUTHOOTFIN.NS,development,2018-05-22,2018-06-04,-0.06352602505126645,-0.06256816107250451,-6339.09508097544,99787.3718032837,250
MUTHOOTFIN.NS,development,2020-03-24,2020-04-08,0.2598504293773494,0.2609019272235023,25888.701882613448,99629.24419500731,183
MUTHOOTFIN.NS,development,2020-09-08,2020-09-21,-0.05001912980855566,-0.049057740956322315,-4995.756301234386,99876.91350000001,91
MUTHOOTFIN.NS,development,2020-09-22,2020-10-06,0.15874235187888372,0.15976344411323604,15867.878350407384,99959.95500000002,97
MUTHOOTFIN.NS,development,2021-08-11,2021-08-25,-0.0030154688251055723,-0.002038357763323814,-299.5272528848868,99330.24357312011,67
MUTHOOTFIN.NS,development,2021-09-29,2021-10-12,0.05362568750726247,0.05461936612228508,5322.97186482501,99261.606,68
MUTHOOTFIN.NS,development,2022-02-18,2022-03-04,0.053561869337808286,0.054556278568044056,5306.776859182871,99077.514,76
MUTHOOTFIN.NS,development,2022-03-29,2022-04-11,0.049884605785952024,0.050877957498880404,4942.442728142142,99077.514,76
MUTHOOTFIN.NS,development,2022-05-12,2022-05-25,-0.024255737272557497,-0.02328713585654644,-2423.7772988418697,99925.93800000001,87
MUTHOOTFIN.NS,development,2022-06-08,2022-06-21,-0.04231229258786737,-0.04134552442088821,-4192.9164298750065,99094.5225,93
MUTHOOTFIN.NS,validation,2024-01-24,2024-02-07,0.03877183461964431,0.03975843423244413,3875.545434027162,99957.75211688232,73
MUTHOOTFIN.NS,validation,2024-02-29,2024-03-14,0.07610718898425486,0.07710889132190374,7525.426999539602,98879.31876049803,78
MUTHOOTFIN.NS,out_of_sample,2025-04-15,2025-04-29,0.049894620660055955,0.050891546294968275,4900.104791973088,98209.08,48
MUTHOOTFIN.NS,out_of_sample,2025-05-21,2025-06-03,0.09711501296792967,0.09811981644524857,9672.95384803901,99603.07425622559,49
MUTHOOTFIN.NS,out_of_sample,2026-06-09,2026-06-22,0.07983491048371108,0.08084093261346452,7831.1677556187615,98092.02149999999,33
MUTHOOTFIN.NS,out_of_sample,2026-08-04,2026-08-17,-0.0034472256373590366,-0.0024662378222078314,-339.0462026051149,98353.35376098633,34
NAM-INDIA.NS,development,2021-11-23,2021-12-06,-0.06784015032600259,-0.06688411128808608,-6779.4690611156375,99932.98995561218,257
NAM-INDIA.NS,development,2021-12-20,2021-12-31,0.058324507057141296,0.05931705507476352,5825.2512152870595,99876.56148692321,301
NAM-INDIA.NS,development,2022-02-22,2022-03-08,-0.008038959627394827,-0.007065196802233725,-802.3032519022648,99801.876,337
NAM-INDIA.NS,development,2022-05-09,2022-05-20,-0.07837320014242617,-0.07741969637655581,-7822.419701431538,99809.87999999999,344
NAM-INDIA.NS,development,2022-09-27,2022-10-11,-0.02156492025055684,-0.020595189071055817,-2152.9810707722863,99837.19140888976,367
NAM-INDIA.NS,development,2022-11-11,2022-11-24,-0.00976887514803199,-0.008795963182208467,-975.8121570269036,99889.92,384
NAM-INDIA.NS,development,2023-02-06,2023-02-17,-0.04006950027048403,-0.03910510957202765,-4000.6148787776383,99841.896,432
NATIONALUM.NS,development,2017-06-21,2017-07-05,0.06724258766182599,0.06823733410045806,6722.104246431326,99967.959,1586
NATIONALUM.NS,development,2017-08-11,2017-08-28,0.09177123789187189,0.0927731080619035,9172.585618884783,99950.5491000595,1572
NATIONALUM.NS,development,2017-11-16,2017-11-29,-0.003093753179822748,-0.0021190900119588225,-309.1647719477809,99931.94478607178,1240
NATIONALUM.NS,development,2018-01-19,2018-02-02,-0.08006910348840092,-0.07911658671137609,-8001.653348520757,99934.34420906065,1316
NATIONALUM.NS,development,2018-02-23,2018-03-09,-0.048193780286524136,-0.04723210913627146,-4816.363206484364,99937.44374999999,1525
NATIONALUM.NS,development,2018-05-21,2018-06-01,-0.019286026817520424,-0.018316062337868894,-1927.4926985860934,99942.44625,1402
NATIONALUM.NS,development,2018-06-22,2018-07-05,-0.09218395150249689,-0.0912350585919316,-9215.561597510037,99969.26197354888,1522
NATIONALUM.NS,development,2018-10-01,2018-10-15,0.09529349582304246,0.09629624613691415,9527.797906400072,99983.716875,1645
NATIONALUM.NS,development,2018-12-07,2018-12-20,-0.036841166323339655,-0.035876439083976946,-3683.732459565448,99989.57218766784,1564
NATIONALUM.NS,development,2019-02-06,2019-02-20,-0.14642246139827314,-0.14548908420215706,-14634.734576043544,99948.699375,1715
NATIONALUM.NS,development,2019-08-19,2019-08-30,0.005985657991931351,0.006962675877284308,598.5416838914749,99995.97115276336,2420
NATIONALUM.NS,development,2019-10-14,2019-10-27,0.04224039282606387,0.043227836945223856,4223.869102516475,99995.97115276336,2420
NATIONALUM.NS,development,2020-02-13,2020-02-27,-0.14331091326455336,-0.1423768449217689,-14331.030931927713,99999.57857691192,2474
NATIONALUM.NS,development,2020-02-28,2020-03-13,-0.09160008279808977,-0.0906510503873534,-9157.84273108619,99976.35865976714,2974
NATIONALUM.NS,development,2020-09-23,2020-10-07,-0.025760466599202732,-0.02479248307046647,-2575.3296390950004,99972.16584480286,3108
NATIONALUM.NS,development,2021-06-17,2021-06-30,0.12625824555806486,0.1272698917790324,12624.05317766643,99985.97019836426,1440
NATIONALUM.NS,development,2021-11-29,2021-12-10,0.11539418109835559,0.11640278110994176,11535.547587061705,99966.45825000001,1129
NATIONALUM.NS,development,2022-04-26,2022-05-10,-0.19170461748357165,-0.19078421355628788,-19158.277625909916,99936.44325,906
NATIONALUM.NS,development,2022-05-11,2022-05-24,0.058527927510844145,0.05952023988005994,5849.863428312497,99949.95,1110
NATIONALUM.NS,development,2022-06-15,2022-06-28,-0.1371583542701416,-0.13622237297716577,-13710.857521717842,99963.706875,1193
NATIONALUM.NS,validation,2022-09-22,2022-10-06,-0.007253296844164674,-0.006280012974982972,-725.1676585531158,99977.6617630806,1367
NATIONALUM.NS,validation,2024-03-15,2024-04-01,0.14022882791283092,0.1412446396437759,14015.738372105945,99949.05170867157,707
NATIONALUM.NS,validation,2024-06-05,2024-06-19,0.12187729366024164,0.1228882622856608,12168.31330074763,99840.69169331361,607
NATIONALUM.NS,validation,2024-08-06,2024-08-20,-0.030059978804109475,-0.029092740854831312,-3001.479810825845,99849.698177948,564
NATIONALUM.NS,out_of_sample,2025-01-14,2025-01-27,0.022767187912112935,0.023749771399732684,2272.4271515209557,99811.49891207888,518
NATIONALUM.NS,out_of_sample,2025-04-07,2025-04-23,0.13064411247808305,0.13165750912581856,13046.631498608825,99863.90699999999,698
NAUKRI.NS,development,2021-03-31,2021-04-15,0.07036350967932338,0.07135924740254203,7032.449020794138,99944.54587106324,117
NAUKRI.NS,development,2021-05-14,2021-05-27,0.012081365691104566,0.013060352893450417,1207.4351975066252,99941.946,113
NAUKRI.NS,development,2021-10-26,2021-11-09,0.045686789145133,0.04667632146453457,4556.003236700139,99722.55266674804,84
NAUKRI.NS,development,2021-12-21,2022-01-03,0.08267752604425331,0.08367778029809336,8243.087390951987,99701.66967187502,96
NAUKRI.NS,development,2022-01-20,2022-02-03,-0.013445990749795135,-0.012470735974792558,-1331.8132957796695,99049.10099688721,98
NAUKRI.NS,development,2022-05-09,2022-05-20,-0.10051586851114355,-0.09956907787930155,-10041.12546106732,99895.923,129
NAUKRI.NS,validation,2022-09-20,2022-10-03,-0.06711019590593616,-0.06615143050686688,-6664.63480965652,99308.82661999512,122
NAUKRI.NS,validation,2023-08-16,2023-08-29,-0.009141884786013462,-0.00816753684728875,-910.3284457368391,99577.764,116
NAUKRI.NS,validation,2023-10-05,2023-10-18,0.03430208780137759,0.035288013263311366,3423.5315403072123,99805.34013354492,123
NAUKRI.NS,validation,2024-03-06,2024-03-20,0.01423540080568916,0.015217209747580247,1414.930250902526,99395.18178771973,99
NAUKRI.NS,out_of_sample,2025-01-14,2025-01-27,-0.043503755917391335,-0.042538837185027364,-4327.131882982519,99465.708,68
NAUKRI.NS,out_of_sample,2025-03-05,2025-03-19,0.001779526189860485,0.0027572609442112306,177.09281485078336,99516.83535754394,74
NAUKRI.NS,out_of_sample,2025-07-14,2025-07-25,0.04179078015341247,0.04278177160056825,4140.861099124994,99085.51800000001,72
NAUKRI.NS,out_of_sample,2026-02-05,2026-02-18,-0.0601993947783412,-0.05924079308889592,-6010.421712722085,99841.89600000001,84
NAVINFLUOR.NS,development,2021-10-21,2021-11-03,-0.04760224486618546,-0.04662703530338099,-4603.53360525987,96708.33,27
NAVINFLUOR.NS,development,2022-01-25,2022-02-08,0.09225440488986841,0.09325695810860639,9208.362584189641,99814.88249999999,27
NAVINFLUOR.NS,validation,2023-01-09,2023-01-20,0.03990722504978318,0.04090408893734782,3892.4008298417584,97536.24375000001,25
NAVINFLUOR.NS,validation,2023-06-12,2023-06-23,-0.00728103445025753,-0.00630220950982739,-717.9855466362174,98610.37625097657,22
NAVINFLUOR.NS,validation,2023-07-12,2023-07-25,0.011233785404279432,0.012221301688310243,1098.6515745299487,97798.875,23
NAVINFLUOR.NS,validation,2023-10-03,2023-10-16,-0.03002131791693165,-0.0290500138242968,-2967.589263297944,98849.40000000001,26
NAVINFLUOR.NS,validation,2024-01-09,2024-01-23,-0.07096253447730728,-0.06999748116008651,-6920.1765946208925,97518.735,27
NAVINFLUOR.NS,validation,2024-02-08,2024-02-21,0.0184373272743796,0.019420935087521723,1829.8973570512655,99249.6,32
NAVINFLUOR.NS,validation,2024-03-14,2024-03-28,0.06465689086827275,0.06565373495271383,6418.056905618533,99263.30851098633,34
NAVINFLUOR.NS,validation,2024-06-05,2024-06-19,0.17564458952291606,0.17667510512919554,17359.550568997456,98833.392,32
NAVINFLUOR.NS,validation,2024-07-22,2024-08-02,0.025403828612041247,0.026393422456045205,2496.6555922417188,98278.7134321289,28
NAVINFLUOR.NS,validation,2024-08-14,2024-08-28,0.0015859781102934914,0.0025683831810145233,155.99784925798537,98360.65721557617,30
NBCC.NS,development,2017-08-11,2017-08-28,0.0688638442718888,0.06985914081377792,6882.735907722799,99947.01835913087,1552
NBCC.NS,development,2017-12-14,2017-12-28,-0.001262080399806046,-0.00028700575030883514,-126.15847116595354,99960.72451908875,1213
NBCC.NS,development,2018-01-19,2018-02-02,-0.07849821533582367,-0.0775454495135184,-7848.641509160331,99984.9675,1265
NBCC.NS,development,2018-02-05,2018-02-19,-0.07933092924577267,-0.07837824133471409,-7928.699326187106,99944.61682937622,1390
NBCC.NS,development,2018-05-11,2018-05-24,-0.07089193870347348,-0.0699368965222873,-7086.553439380136,99962.75414362336,1478
NBCC.NS,development,2018-06-05,2018-06-18,-0.003629867826709907,-0.002655574093813126,-362.9348735035381,99985.6994331665,1736
NBCC.NS,development,2018-06-28,2018-07-11,-0.06006313468576362,-0.05910504776055587,-6005.1180531618365,99980.09735221481,2059
NBCC.NS,development,2018-09-05,2018-09-19,-0.0632347877540387,-0.062277540312962794,-6321.073071138555,99961.956,2172
NBCC.NS,development,2018-09-25,2018-10-09,-0.15831995816345293,-0.15739008759797768,-15827.239111368868,99969.95511474609,2400
NBCC.NS,development,2019-02-06,2019-02-20,-0.04258892128880911,-0.041625840559654986,-4258.379437934689,99987.9618705826,2802
NBCC.NS,development,2019-05-08,2019-05-21,0.0028737397297794102,0.00384988137132385,287.3489731502028,99991.30059431648,2677
NBCC.NS,development,2019-07-31,2019-08-14,-0.15844483577582147,-0.15751501396358525,-15840.231316955715,99973.16251674843,3603
NBCC.NS,development,2019-12-11,2019-12-24,0.06202611909981176,0.06301924391428944,6202.50674876932,99998.30456566715,4613
NBCC.NS,development,2020-03-11,2020-03-24,-0.24674257524003654,-0.24583823693950085,-24673.221640024323,99995.80176230907,7055
NBCC.NS,development,2022-06-16,2022-06-29,-0.06577518768043976,-0.06481877294637976,-6576.6945227233555,99987.46875,4875
NBCC.NS,validation,2022-12-26,2023-01-06,0.11940113506574923,0.12041077942848318,11939.329580693897,99993.43451902199,4358
NBCC.NS,validation,2023-02-03,2023-02-16,-0.011079159930862342,-0.0101070480107361,-1107.8669798619487,99995.57608838654,4308
NBCC.NS,validation,2023-02-23,2023-03-09,0.13378535115648246,0.1347991866078245,13375.837035689676,99979.83276991654,4598
NBCC.NS,out_of_sample,2025-08-28,2025-09-10,0.04749123552139602,0.048480425797043564,4746.131671051882,99937.0014055252,994
NBCC.NS,out_of_sample,2026-03-04,2026-03-17,-0.046877445530068396,-0.045915349725544674,-4684.2727156359915,99925.938,1148
NBCC.NS,out_of_sample,2026-07-09,2026-07-22,-0.0083398601091326,-0.007366675160692287,-833.3550204320235,99924.3403998413,1048
NBCC.NS,out_of_sample,2026-08-17,2026-08-28,-0.024343998530401482,-0.02337562613089418,-2433.8346434996147,99976.78238684464,1117
NCC.NS,development,2017-05-24,2017-06-06,-0.025981536874812614,-0.025013661772328995,-2597.7216198536566,99983.37020516967,1148
NCC.NS,development,2017-08-11,2017-08-28,0.06662361583875832,0.06761821030312233,6659.793752183384,99961.45763540268,1235
NCC.NS,development,2018-01-19,2018-02-02,-0.06969681838951874,-0.06874111057011907,-6961.486625682566,99882.41625000001,810
NCC.NS,development,2018-02-05,2018-02-19,0.11191380946442303,0.11292163585231099,11181.278170186648,99909.72717036438,894
NCC.NS,development,2018-05-14,2018-05-25,-0.02664077427570794,-0.025673023055141537,-2663.1971430774083,99966.95724815369,820
NCC.NS,development,2018-06-29,2018-07-12,0.04043697332721616,0.04142394003367277,4043.1179165563462,99985.67112922668,1074
NCC.NS,development,2018-07-16,2018-07-27,0.06687800183814677,0.0678726498235492,6685.550519829208,99966.36167463685,1138
NCC.NS,development,2018-09-12,2018-09-27,-0.11911904270527787,-0.11817800677585953,-11911.543756745039,99996.9735,1123
NCC.NS,development,2018-10-01,2018-10-15,0.00924536665967425,0.010223458129368838,924.1849547160464,99961.95810676576,1380
NCC.NS,development,2019-01-29,2019-02-11,0.001982198202733004,0.002958322737124406,198.08412442535985,99931.54274494172,1274
NCC.NS,development,2019-05-07,2019-05-20,0.11636088825428298,0.11736988648532869,11628.693305543744,99936.44325000001,1057
NCC.NS,development,2019-07-12,2019-07-25,-0.1594899439032263,-0.15856047692064956,-15946.876657405166,99986.721840477,1135
NCC.NS,development,2019-08-14,2019-08-28,-0.07943906860646839,-0.07848641390142307,-7939.549059672191,99945.14284909058,1556
NCC.NS,development,2019-10-09,2019-10-23,0.1958890144116856,0.19692075734102227,19582.624642019397,99967.95737030984,2135
NCC.NS,development,2019-12-11,2019-12-24,0.06256272010435797,0.06355606280783248,6255.172110085034,99982.41923706436,1973
NCC.NS,development,2020-02-04,2020-02-17,-0.1358384976102988,-0.13490222667757168,-13581.971276037919,99986.17118839646,2023
NCC.NS,development,2020-02-18,2020-03-03,-0.12446470082453624,-0.12352521401629353,-12446.460521319153,99999.92318195917,2349
NCC.NS,development,2020-03-12,2020-03-25,-0.24790242941382526,-0.2469984253650801,-24789.245419815503,99995.9761525154,4130
NCC.NS,development,2020-07-31,2020-08-13,0.10030904278008017,0.10131324569533658,10029.014883838103,99981.1642687683,3488
NCC.NS,development,2021-03-25,2021-04-09,0.03524363452503636,0.03622913656335385,3523.604454401413,99978.46425,1302
NCC.NS,out_of_sample,2025-06-20,2025-07-03,0.02487415610918009,0.025856934546425455,2485.274742050004,99913.932,456
NCC.NS,out_of_sample,2025-11-07,2025-11-20,-0.08675593921348962,-0.08580549184665637,-8673.069066503247,99970.89703749848,511
NCC.NS,out_of_sample,2026-05-21,2026-06-03,-0.007599944734835785,-0.006626649596344458,-759.6140962496,99949.95000000001,675
NESTLEIND.NS,development,2017-08-02,2017-08-16,-0.011316314342801304,-0.010343494028092636,-1129.3894008172772,99801.876,296
NESTLEIND.NS,development,2018-01-22,2018-02-05,-0.07184498260672637,-0.07088927226368627,-7164.9556861247,99727.98971008301,260
NESTLEIND.NS,development,2018-02-06,2018-02-20,0.07918640861909547,0.080185263987705,7902.793681884651,99799.875,285
NESTLEIND.NS,development,2020-05-15,2020-05-29,0.06049176211709961,0.06148494001401282,6041.609448416139,99874.9125,121
NESTLEIND.NS,development,2020-09-01,2020-09-14,0.0030336167725340552,0.004012920766020861,300.99116208628743,99218.5845,124
NESTLEIND.NS,development,2021-01-13,2021-01-27,-0.03024584842629044,-0.02927632119495063,-3002.4852475031184,99269.33459381103,110
NESTLEIND.NS,development,2021-02-18,2021-03-03,-0.005855582625010457,-0.004880975550454494,-584.0829346783626,99748.04764663696,119
NESTLEIND.NS,development,2021-10-26,2021-11-09,0.01146537256811483,0.012444000491734854,1146.3931738796007,99987.43320977785,107
NESTLEIND.NS,development,2022-01-20,2022-02-03,-0.02867284524263999,-0.027704565724846274,-2858.390781126637,99689.82,106
NESTLEIND.NS,validation,2022-11-23,2022-12-06,0.008220897822217018,0.009200412669914275,818.2649478531816,99534.7425,101
NESTLEIND.NS,validation,2024-02-09,2024-02-22,0.04667978620976,0.047672594133975996,4620.593814530043,98984.89666955567,81
NESTLEIND.NS,validation,2024-06-04,2024-06-18,0.07623379085506457,0.07723367115029339,7572.724849307585,99335.54089819336,84
NHPC.NS,development,2017-05-24,2017-06-06,0.017624452667193653,0.01860480486045917,1762.4306743743912,99999.17203982163,3354
NHPC.NS,development,2017-07-24,2017-08-04,-0.018757894142644112,-0.017788006688883123,-1875.7823534254999,99999.62358040526,3261
NHPC.NS,development,2017-09-27,2017-10-11,0.03415777819067698,0.035142978969230944,3414.948224839059,99975.712875,3667
NHPC.NS,development,2018-05-21,2018-06-01,0.01657596655049109,0.017556106887573232,1657.2115342024726,99976.766311306,3814
NHPC.NS,development,2018-06-21,2018-07-04,-0.09340022597826642,-0.0924517637349043,-9339.039070097035,99989.46975,3958
NHPC.NS,development,2019-02-06,2019-02-20,-0.017061535307374906,-0.01609113480629065,-1706.0396426064692,99993.32486033821,4173
NHPC.NS,development,2019-10-01,2019-10-16,0.04442208721841322,0.045410145930168136,4442.17213166951,99999.1763067856,4472
NHPC.NS,development,2020-02-19,2020-03-04,0.013663547604135906,0.014642811954255708,1366.1684775936783,99986.36643825533,4616
NHPC.NS,out_of_sample,2025-06-20,2025-07-03,0.04813394561481988,0.04912337125042364,4809.755183635719,99924.39061872484,1235
NHPC.NS,out_of_sample,2025-11-25,2025-12-08,-0.011148399434352516,-0.010176211298021355,-1114.5228698166395,99971.55882147216,1296
NHPC.NS,out_of_sample,2026-06-03,2026-06-16,-0.013174834909949605,-0.012203104207301793,-1316.696451796033,99940.26193084718,1322
NMDC.NS,development,2017-02-15,2017-03-01,0.07987162048334227,0.08086994798972008,7985.616904715872,99980.6546604538,2810
NMDC.NS,development,2017-04-17,2017-04-28,-0.015608202267111577,-0.014637360600588976,-1560.6255086553692,99987.52463272476,3019
NMDC.NS,development,2017-05-24,2017-06-06,-0.059039363830283534,-0.058080956010121386,-5902.3708527171975,99973.48327946663,3250
NMDC.NS,development,2017-06-23,2017-07-07,0.06020034741543882,0.0611930131598614,6018.939999595971,99981.81502275467,3575
NMDC.NS,development,2018-02-05,2018-02-19,-0.016274033357887234,-0.015303408203732261,-1627.302101269896,99993.77938359833,2996
NMDC.NS,development,2018-03-06,2018-03-19,-0.05234440074534513,-0.051384115076731164,-5233.673319169408,99985.35172140312,3143
NMDC.NS,development,2018-05-11,2018-05-24,-0.003764695189804895,-0.0027903830976359393,-376.3619478582229,99971.42633949278,3362
NMDC.NS,development,2018-06-22,2018-07-05,-0.039790309349057765,-0.03882638120192224,-3978.1285786747835,99977.32221121788,3645
NMDC.NS,development,2018-07-17,2018-07-30,0.0872824262257747,0.08828282032013672,8727.963687331781,99996.80422213554,4055
NMDC.NS,development,2018-11-19,2018-12-03,-0.056167483003689185,-0.05520833519656147,-5616.464619807447,99994.94938091755,3815
NMDC.NS,development,2019-04-30,2019-05-14,-0.08033441567605154,-0.07938223451365213,-8033.370174600801,99999.1113023758,3901
NMDC.NS,development,2019-08-21,2019-09-04,-0.11536381099959261,-0.11442165600127213,-11534.903928026222,99987.19553454207,4346
NMDC.NS,development,2020-02-04,2020-02-17,0.015214801907534346,0.016194524561996475,1521.2264172883984,99983.32061984253,3736
NMDC.NS,development,2020-03-02,2020-03-16,-0.20716669835170662,-0.2062509787253355,-20715.800664670125,99995.80448736476,4199
NMDC.NS,development,2020-09-25,2020-10-09,0.059264668191469756,0.06025702927773815,5925.915851920078,99990.70327661133,5079
NMDC.NS,development,2021-07-08,2021-07-22,0.042372901315502316,0.04336042834553515,4236.645029437181,99984.77559730339,2321
NMDC.NS,development,2021-08-23,2021-09-03,0.010608869424255887,0.011587260105202864,1060.7295734698366,99985.16628403473,2556
NMDC.NS,development,2021-09-21,2021-10-04,0.0885397240730443,0.08954052385571887,8852.713505718659,99985.78150543214,2868
NMDC.NS,development,2022-05-11,2022-05-24,-0.1146327315160128,-0.11369034583831673,-11461.220099675294,99982.09017704774,2739
NMDC.NS,development,2022-06-20,2022-07-01,0.00440094037646769,0.005377510679504594,440.0673379730524,99993.93318894767,3582
NMDC.NS,development,2022-07-15,2022-07-28,0.0429893354733129,0.043977021390295044,4298.476583459471,99989.37029691695,3862
NMDC.NS,validation,2023-02-27,2023-03-13,0.015280048134356064,0.016259800711709422,1527.7073510595592,99980.53262833784,2666
NMDC.NS,validation,2023-05-19,2023-06-01,0.013656941475013853,0.0146361895151287,1365.5571287648002,99989.96709938049,2850
NMDC.NS,validation,2024-03-14,2024-03-28,-0.011058129761196885,-0.01008590327058295,-1105.4642358582507,99968.46299790572,1473
NMDC.NS,validation,2024-06-05,2024-06-19,0.08944492894352787,0.09044605237969394,8941.805968687324,99969.96,1249
NMDC.NS,validation,2024-07-22,2024-08-02,0.032157132876960176,0.033141701240091144,3215.3907516532618,99989.97,1315
NMDC.NS,validation,2024-08-06,2024-08-20,-0.0032288669862906303,-0.0022544703389173948,-322.85053323867163,99988.7993557663,1334
NTPC.NS,development,2017-02-23,2017-03-09,-0.056737762020937756,-0.055778525925734124,-5669.914686748393,99931.941,716
NTPC.NS,development,2018-01-15,2018-01-29,-0.013725530673894891,-0.012754027213398769,-1371.9691459337246,99957.45727654267,693
NTPC.NS,development,2018-02-05,2018-02-19,0.0030716119186403015,0.004047976011994025,307.0074576875022,99949.95,740
NTPC.NS,development,2018-06-18,2018-06-29,0.018594903453532246,0.019575596731886826,1859.186859618924,99983.67909061433,767
NTPC.NS,development,2018-07-09,2018-07-20,0.03305802885085109,0.03404281826211249,3305.785521355455,99999.47475,798
NTPC.NS,development,2018-11-06,2018-11-20,-0.03359717938339363,-0.03263151766764804,-3359.3544807495186,99989.18190168,779
NTPC.NS,development,2018-11-22,2018-12-06,-0.056185192422073364,-0.055225686649061224,-5613.142442197653,99904.3021875,811
NTPC.NS,development,2019-01-28,2019-02-08,-0.04896148707336663,-0.047999827826010776,-4890.534400060705,99885.33217409134,865
NTPC.NS,development,2019-02-11,2019-02-25,0.06107250659539889,0.0620657826139445,6100.66032903695,99892.09006031799,908
NTPC.NS,development,2019-09-25,2019-10-10,0.01177376679855387,0.012752720059612768,1176.5329467777724,99928.33788098145,864
NTPC.NS,development,2019-11-22,2019-12-05,-0.02679996335212313,-0.025832090794637323,-2677.9926370911758,99925.23504249574,854
NTPC.NS,development,2020-07-15,2020-07-28,0.00035204878505791417,0.0013277618423893768,35.17574192854758,99917.23710326385,1131
NTPC.NS,development,2020-10-15,2020-10-28,0.11110277358678766,0.11211019235566695,11105.083273110498,99953.24972185136,1263
NTPC.NS,development,2021-01-25,2021-02-08,0.05266139039111319,0.05365202545079387,5263.374420596045,99947.50198400115,1051
NTPC.NS,development,2021-08-23,2021-09-03,0.010489824436773154,0.011468291828111892,1048.5361409843724,99957.45375,865
NTPC.NS,development,2021-11-23,2021-12-06,-0.046225143593782714,-0.04526286982949372,-4619.2019370025755,99928.34154492186,768
NTPC.NS,validation,2023-04-18,2023-05-02,0.030407908061545873,0.031392574873810794,3035.9223480343935,99839.895,587
NTPC.NS,validation,2024-03-18,2024-04-02,0.08472397151432809,0.08572387150836387,8467.012534128648,99936.44517356872,315
NTPC.NS,out_of_sample,2024-09-10,2024-09-23,0.09540247078077081,0.09640552551752297,9532.18884763804,99915.53436328124,256
NTPC.NS,out_of_sample,2024-11-19,2024-12-03,-0.003966572197112099,-0.0029915417431929385,-395.7761012296322,99777.864,271
NTPC.NS,out_of_sample,2024-12-17,2024-12-31,-0.05536345335116424,-0.05440275289226939,-5517.843311914091,99665.80799999999,283
NTPC.NS,out_of_sample,2025-01-13,2025-01-24,0.07228327242693847,0.07328048811372549,7207.649461235666,99713.9340712738,331
NTPC.NS,out_of_sample,2025-02-17,2025-03-03,0.05423025392729274,0.055222284328719326,5407.425043369827,99712.33125,335
NTPC.NS,out_of_sample,2025-05-07,2025-05-20,0.011110392393507812,0.012089831112290401,1108.3711341694423,99759.855,295
OBEROIRLTY.NS,validation,2024-01-25,2024-02-08,0.024227562445536664,0.025211301069020368,2413.7627189844775,99628.7895,76
OBEROIRLTY.NS,out_of_sample,2025-01-16,2025-01-29,-0.16394725788237438,-0.16301282315444793,-16140.476380713453,98449.20000000001,48
OBEROIRLTY.NS,out_of_sample,2025-02-17,2025-03-03,-0.032523357663946095,-0.031555209925881796,-3234.3860484380366,99448.09763671875,64
OBEROIRLTY.NS,out_of_sample,2025-07-25,2025-08-07,-0.07250359179083374,-0.071544193261337,-7161.423518256249,98773.362,57
OBEROIRLTY.NS,out_of_sample,2026-01-23,2026-02-06,0.03230233527445615,0.03328982072795567,3206.8664541895996,99276.6135,67
OBEROIRLTY.NS,out_of_sample,2026-08-05,2026-08-18,0.04062379938163488,0.041611598581533224,4053.908634209354,99791.46943212891,56
OFSS.NS,development,2017-04-11,2017-04-25,-0.019875312181809435,-0.018905547226386748,-1986.536458806244,99949.95,27
OFSS.NS,development,2018-05-21,2018-06-01,-0.012541982440659454,-0.01155623486083937,-1211.5808941629782,96602.02443237304,25
OFSS.NS,development,2019-03-18,2019-04-02,0.011582988400368177,0.012571016939585037,1131.6640740403145,97700.52726672363,29
OFSS.NS,development,2019-06-07,2019-06-20,-0.034100443231107884,-0.03312343755244587,-3314.5144889320823,97198.57500000001,29
OFSS.NS,development,2019-06-24,2019-07-05,0.06056580222543361,0.06156179875112175,6007.059398270126,99182.3632734375,32
OFSS.NS,development,2019-08-22,2019-09-05,0.06457377736691569,0.06556828273700284,6446.829292768162,99836.64508483886,35
OFSS.NS,development,2019-11-25,2019-12-06,-0.0008079703091490597,0.0001677193571548235,-80.66767082855966,99839.895,34
OFSS.NS,development,2019-12-30,2020-01-10,0.03287519269859329,0.03386269753234406,3264.915377458146,99312.4331586914,36
OFSS.NS,development,2020-03-05,2020-03-19,-0.33063185335328954,-0.3297516168191006,-33059.86909783982,99989.97,38
OFSS.NS,development,2020-03-20,2020-04-03,0.13870721519100881,0.13972299649447464,13849.568312602003,99847.4974321289,56
OFSS.NS,validation,2022-09-20,2022-10-03,-0.03750041082794016,-0.03653581069438864,-3749.064647096878,99973.962,33
OFSS.NS,validation,2024-04-18,2024-05-02,-0.019905625115266907,-0.01891422609789052,-1887.5188136874986,94823.38799999999,12
OFSS.NS,out_of_sample,2025-01-15,2025-01-28,-0.14209767908029183,-0.14115002963634454,-13754.824426243744,96798.375,9
OFSS.NS,out_of_sample,2025-02-24,2025-03-10,-0.11732368377503635,-0.11634678285155939,-10779.695944313235,91879.96487548828,11
OFSS.NS,out_of_sample,2025-12-19,2026-01-02,-0.0010184061501739901,-1.1846408401957263e-05,-94.3923183249945,92686.31999999999,12
OFSS.NS,out_of_sample,2026-02-13,2026-02-26,0.02883204985610141,0.029816544796194038,2876.569577656258,99769.86,15
OIL.NS,development,2017-05-12,2017-05-25,-0.030588411065397385,-0.02962155061405069,-3055.963556642931,99905.92679395294,711
OIL.NS,development,2017-06-27,2017-07-10,-0.04182490370126241,-0.040861485782866094,-4180.759582077342,99958.61824186707,813
OIL.NS,development,2018-01-30,2018-02-12,-0.015716111773167073,-0.014745273558986699,-1571.3068138960934,99980.63366912842,615
OIL.NS,development,2018-03-12,2018-03-23,0.06791054462557133,0.06890590231068834,6781.776344812182,99863.37736214447,687
OIL.NS,development,2018-05-25,2018-06-07,0.04009260922775385,0.04107973536970229,4006.0989286245967,99921.13274212646,702
OIL.NS,development,2018-12-03,2018-12-14,-0.05606964632329701,-0.05511000952532326,-5600.231394149288,99879.91295429991,804
OIL.NS,development,2019-07-22,2019-08-02,-0.026031630489970627,-0.025063616486443098,-2601.733440262848,99945.08185974884,943
OIL.NS,development,2020-01-23,2020-02-05,-0.06745715581348846,-0.06650110928684955,-6742.924085642637,99958.61824186707,1084
OIL.NS,development,2020-02-25,2020-03-09,-0.24446528672624615,-0.24356008272227336,-24432.630918441064,99943.15039828491,1244
OIL.NS,development,2020-03-12,2020-03-25,-0.02231013119026926,-0.021341242684087377,-2230.8786335561113,99993.97200000001,1922
OIL.NS,development,2020-05-19,2020-06-02,0.0692649022341728,0.07026028260554566,6923.365360319523,99954.88533157541,1841
OIL.NS,out_of_sample,2025-08-18,2025-09-01,-0.017103139416644805,-0.01613248103737324,-1709.047248953005,99925.938,246
OIL.NS,out_of_sample,2026-06-11,2026-06-24,-0.02942541385794799,-0.028457506989632148,-2934.556446147379,99728.63798327638,232
ONGC.NS,development,2017-02-08,2017-02-21,0.009103240938615115,0.01008129955640736,909.9595545781247,99959.955,515
ONGC.NS,development,2017-03-31,2017-04-17,-0.012191772597567587,-0.011219581472290891,-1217.908336437186,99895.91970245363,540
ONGC.NS,development,2017-06-23,2017-07-07,-0.012381615051755978,-0.011409871268719118,-1238.0868453612243,99993.97010696412,620
ONGC.NS,development,2018-06-22,2018-07-05,-0.02888169266635655,-0.027914615125099754,-2887.4258042611646,99974.25835171508,622
ONGC.NS,development,2018-11-27,2018-12-10,-0.07222685000595697,-0.07127228944041918,-7221.757929955121,99987.16445974732,678
ONGC.NS,development,2019-02-15,2019-02-28,0.07456204006642596,0.07555891548854478,7453.367368390308,99961.95599999999,724
ONGC.NS,development,2019-07-11,2019-07-24,-0.06380210454130318,-0.06284500823175282,-6377.591664848368,99958.9545,653
ONGC.NS,development,2019-08-06,2019-08-21,-0.07609116092137246,-0.0751373162974672,-7600.6299443259695,99888.47393431091,763
ONGC.NS,development,2019-08-23,2019-09-06,0.09704723627497884,0.09805044729567929,9704.201611735225,99994.62101361465,859
ONGC.NS,development,2019-11-19,2019-12-02,-0.05349378485494245,-0.052533687989989294,-5346.701121562255,99949.95,740
ONGC.NS,development,2020-01-24,2020-02-06,-0.09341279364466874,-0.09246436103981899,-9340.903191146866,99995.973,847
ONGC.NS,development,2020-03-02,2020-03-16,-0.3619370333062608,-0.36106572751546534,-36183.55497814921,99971.961,1063
ONGC.NS,development,2020-03-17,2020-03-30,0.03428507151829521,0.035270418082842585,3426.7396451013733,99948.44675394057,1635
ONGC.NS,development,2020-07-13,2020-07-24,0.02021257883574784,0.021193987829253937,2019.6637528501662,99921.13174980925,1261
ONGC.NS,development,2020-10-30,2020-11-12,0.09811527199811236,0.0991189489671481,9807.107352095902,99954.9525,1537
ONGC.NS,development,2021-08-23,2021-09-03,0.11286091375584564,0.11386898463886291,11276.688029226147,99916.68199338914,905
ONGC.NS,development,2022-05-30,2022-06-10,0.12774273285273013,0.12875488651421393,12769.91135137307,99965.85376089478,686
ONGC.NS,development,2022-06-21,2022-07-04,-0.0765516480777742,-0.07559817185398522,-7651.134607110346,99947.35318222045,734
ONGC.NS,validation,2024-06-05,2024-06-19,0.09674064727582231,0.09774439826716505,9658.382488214937,99837.894,404
ONGC.NS,out_of_sample,2024-09-10,2024-09-23,-0.017941021991726185,-0.016970834170084683,-1793.8020222551072,99983.26868348694,333
ONGC.NS,out_of_sample,2025-02-11,2025-02-24,-0.03582329608452686,-0.03485807500760169,-3580.156690617672,99939.34344204713,412
ONGC.NS,out_of_sample,2026-05-28,2026-06-10,-0.08315487431588829,-0.08220272235066642,-8299.195117791991,99804.07265441895,364
PAGEIND.NS,development,2016-11-16,2016-11-29,-0.025960272958081284,-0.024953447360838647,-2365.402269578161,91116.23261425781,7
PAGEIND.NS,development,2017-02-23,2017-03-09,0.04219241708612907,0.0431919148481765,4095.5550598490913,97068.51000000001,7
PAGEIND.NS,development,2018-02-05,2018-02-19,0.1072074692126458,0.1082153902830306,10672.476758251587,99549.75,5
PAGEIND.NS,development,2018-11-16,2018-11-30,0.05635507527400065,0.05746706844842071,4331.0795647259465,76853.4075,3
PAGEIND.NS,development,2019-01-07,2019-01-18,-0.0028542285961416286,-0.001844770954272043,-262.46503420190106,91956.55686328125,4
PAGEIND.NS,development,2019-02-21,2019-03-07,0.1141691240566302,0.11526039185716377,9452.44721561123,82793.376,4
PAGEIND.NS,development,2019-05-07,2019-05-20,0.019080345187455317,0.0201156781312872,1679.0547444760775,87999.1807265625,4
PAGEIND.NS,development,2019-05-28,2019-06-11,0.019913867106954312,0.02090160090324113,1958.4620936218146,98346.64875000001,5
PAGEIND.NS,development,2019-11-25,2019-12-06,-0.009503973454455483,-0.00847516308804786,-833.2305929599585,87671.814,4
PAGEIND.NS,development,2020-02-17,2020-03-02,-0.04639853192371638,-0.04539508813551176,-4203.766289612503,90601.278,4
PAGEIND.NS,development,2020-08-11,2020-08-24,0.1012324015256044,0.10226013899022529,9565.16819407812,94487.22,5
PAGEIND.NS,development,2021-08-16,2021-08-30,0.002101850829054879,0.0031037876052782943,197.3363006394091,93886.92,3
PAGEIND.NS,validation,2023-02-10,2023-02-23,0.006335936702671941,0.00744296402991341,478.2854474287063,75487.725,2
PAGEIND.NS,validation,2023-05-29,2023-06-09,0.0032437084171766752,0.004344079128009388,247.5537931012679,76318.14,2
PAGEIND.NS,validation,2023-07-06,2023-07-19,-0.00860318786423274,-0.0074853613504552935,-631.4514787919992,73397.3834765625,2
PAGEIND.NS,validation,2024-02-29,2024-03-14,-0.004572266169586098,-0.0034180102185332366,-315.1990192407175,68937.1544765625,2
PAGEIND.NS,validation,2024-03-21,2024-04-05,0.013608213821053058,0.014782050364801269,915.4738054762714,67273.62,2
PAGEIND.NS,out_of_sample,2025-02-10,2025-02-21,-0.045519641368695386,-0.04449236577217143,-3915.102686046339,86009.08461328124,2
PAGEIND.NS,out_of_sample,2025-06-20,2025-07-03,0.07201177790987323,0.07305398639965735,6455.481428375004,89644.8,2
PAGEIND.NS,out_of_sample,2025-08-13,2025-08-28,0.0006473783487147851,0.0016770755726431528,57.010733375002324,88064.01,2
PAGEIND.NS,out_of_sample,2025-09-24,2025-10-08,-0.027741439258748293,-0.026706842931970117,-2374.744321749993,85602.78,2
PAGEIND.NS,out_of_sample,2025-11-06,2025-11-19,-0.03911875378169794,-0.038058480999043715,-3153.373891187499,80610.285,2
PAGEIND.NS,out_of_sample,2025-12-02,2025-12-15,-0.0186490259121911,-0.01754371876729006,-1393.4056097499924,74717.34,2
PAGEIND.NS,out_of_sample,2026-08-12,2026-08-25,-0.07894005831371519,-0.07786741384770676,-6071.946139000002,76918.44,2
PATANJALI.NS,out_of_sample,2025-12-05,2025-12-18,0.04076933785981517,0.04175739428049233,4066.2479930388145,99737.89633328248,189
PATANJALI.NS,out_of_sample,2026-07-16,2026-07-29,0.008688220705836892,0.009667396118995756,865.8003477711997,99652.204644104,282
PAYTM.NS,out_of_sample,2025-09-25,2025-10-09,0.07188152227252058,0.07287827124706729,7173.867773054097,99801.27780065918,86
PAYTM.NS,out_of_sample,2026-01-27,2026-02-09,0.023475510733604113,0.02446179031323325,2322.8888755592234,98949.45,86
PAYTM.NS,out_of_sample,2026-03-04,2026-03-17,-0.028075167377198586,-0.027106738140276015,-2798.9629380783867,99695.32507049562,95
PAYTM.NS,out_of_sample,2026-06-09,2026-06-22,0.04716147734509277,0.04815164932149545,4700.537517078274,99669.00491015625,96
PCJEWELLER.NS,development,2016-11-10,2016-11-24,-0.16196371636246099,-0.1610350018191176,-16195.881453058528,99996.9735,4492
PCJEWELLER.NS,development,2017-01-23,2017-02-06,0.021102769229303805,0.022084188607828507,2109.906769854048,99982.45950224303,5334
PCJEWELLER.NS,development,2017-09-29,2017-10-13,0.17127185261923228,0.17229639834883043,17126.735039755367,99997.37130088234,3143
PCJEWELLER.NS,development,2018-02-05,2018-02-19,-0.01827891695802274,-0.01730883711281569,-1827.6352060395193,99985.96800000001,2776
PCJEWELLER.NS,development,2018-04-26,2018-05-10,-0.12431461488802528,-0.12337502986103213,-12429.741583029576,99986.16489481545,4199
PCJEWELLER.NS,development,2018-06-05,2018-06-18,0.20402557325981993,0.20505953932876014,20401.973248947317,99997.13723615455,7983
PCJEWELLER.NS,development,2018-07-17,2018-07-30,0.029946877343988574,0.03093078106674302,2994.604460454822,99997.21927788734,11390
PCJEWELLER.NS,development,2018-09-24,2018-10-08,-0.18478643082940632,-0.18386426447938187,-18477.380797792914,99993.16895108556,13881
PCJEWELLER.NS,development,2019-02-05,2019-02-19,-0.04026333432025104,-0.03929961685144714,-4026.171291577796,99995.973,14278
PCJEWELLER.NS,development,2019-05-30,2019-06-13,-0.26569326088840817,-0.26479436193383243,-26567.510622466085,99993.16705900383,11898
PCJEWELLER.NS,development,2019-08-23,2019-09-06,0.21223624973904665,0.21327257609575462,21223.068341611575,99997.37729867648,37716
PCJEWELLER.NS,development,2019-12-10,2019-12-23,-0.03914296387650478,-0.03817893122230924,-3914.2073695530285,99997.72582122982,40795
PCJEWELLER.NS,development,2020-02-04,2020-02-17,-0.15256325944474783,-0.1516318465424867,-15256.056745935159,99998.2354956193,47708
PCJEWELLER.NS,development,2020-05-20,2020-06-03,0.210017244982094,0.2110529244024439,21001.635000572674,99999.57385577202,98960
PERSISTENT.NS,validation,2023-04-18,2023-05-02,0.1165011035925945,0.1175106645827777,11627.533348807168,99806.20775463867,47
PERSISTENT.NS,validation,2023-07-11,2023-07-24,0.008921903097379799,0.00990309981479732,884.7812045297917,99169.56,42
PERSISTENT.NS,validation,2024-03-20,2024-04-04,0.007035038020906885,0.00801299574115424,702.3554790262624,99836.77088012695,25
PERSISTENT.NS,validation,2024-04-19,2024-05-03,-0.12388408947168332,-0.12294326879107627,-12352.374896057632,99709.13092016602,26
PERSISTENT.NS,out_of_sample,2025-01-23,2025-02-04,0.053016529714716605,0.054013235600059335,5221.026228329466,98479.21500000001,17
PERSISTENT.NS,out_of_sample,2025-04-04,2025-04-22,0.0418670810006024,0.04285520397695884,4178.329450474995,99799.875,21
PERSISTENT.NS,out_of_sample,2025-07-14,2025-07-25,-0.0743274188159923,-0.07337331334332822,-7429.021794287489,99949.95,18
PERSISTENT.NS,out_of_sample,2025-07-28,2025-08-08,-0.011011699328948823,-0.010030958886999734,-1077.9288632781142,97889.42025,19
PERSISTENT.NS,out_of_sample,2025-09-29,2025-10-13,0.06762026069793249,0.06861639363394365,6738.345454496833,99649.79999999999,20
PERSISTENT.NS,out_of_sample,2026-02-09,2026-02-20,-0.13649334692776446,-0.1355324633016314,-12850.992204249991,94151.052,16
PERSISTENT.NS,out_of_sample,2026-02-23,2026-03-09,-0.06267419108198348,-0.06170352985420978,-6064.251630048391,96758.355,19
PERSISTENT.NS,out_of_sample,2026-06-30,2026-07-13,0.1960612316257991,0.1970942495599132,19540.012589673697,99662.8065,23
PETRONET.NS,development,2017-07-19,2017-08-01,0.015042441016907776,0.016022488287528846,1502.5882297836365,99889.92000000001,480
PETRONET.NS,development,2018-01-17,2018-01-31,0.06130808598477587,0.06230139573565706,6124.71298389504,99900.5740517807,417
PETRONET.NS,development,2018-05-04,2018-05-17,4.419888181170848e-05,0.0010199168704916241,4.4151996521860255,99893.922,458
PETRONET.NS,development,2020-07-27,2020-08-07,0.010973328388964481,0.011952055060552719,1096.5366004718844,99927.43875,414
PETRONET.NS,development,2020-09-22,2020-10-06,-0.002696832770486463,-0.0017221436099185083,-269.55909329323094,99953.952,446
PETRONET.NS,development,2020-12-22,2021-01-05,0.0525713751647537,0.05356208275528038,5253.086182305361,99922.9365,411
PETRONET.NS,development,2021-06-10,2021-06-23,0.0022997515407147157,0.0032762144901987457,229.67597939354002,99869.91,434
PETRONET.NS,development,2021-08-10,2021-08-24,0.07803423827314315,0.0790326385552704,7790.211656727915,99830.68751770021,472
PETRONET.NS,development,2022-06-21,2022-07-04,0.09669418084799597,0.09769787991880836,9654.672254395113,99847.50033274842,502
PETRONET.NS,development,2022-08-05,2022-08-22,-0.014089237745874042,-0.013117829863520034,-1408.292653727787,99955.20546455382,465
PETRONET.NS,validation,2022-09-28,2022-10-12,-0.006212548533866771,-0.00523895355692936,-621.0977527890584,99974.712375,499
PETRONET.NS,validation,2023-05-08,2023-05-19,-0.00932022094488644,-0.008347388468182058,-931.4810183819096,99941.946,442
PETRONET.NS,validation,2023-10-10,2023-10-23,-0.022055950378809558,-0.021086465622796396,-2202.582373904543,99863.40810871124,445
PETRONET.NS,validation,2023-10-31,2023-11-13,-0.011241570207612739,-0.010269018564745202,-1122.7424054546846,99874.162125,501
PETRONET.NS,out_of_sample,2024-09-10,2024-09-23,-0.03692014074863866,-0.03595539535945739,-3691.2521510759757,99979.36292298889,291
PETRONET.NS,out_of_sample,2025-01-29,2025-02-10,0.07273040842753985,0.0737266727830234,7271.805780018382,99983.0186195526,343
PETRONET.NS,out_of_sample,2025-06-20,2025-07-03,0.025140298853281246,0.02612323085304749,2511.3830703002945,99894.71823532104,341
PETRONET.NS,out_of_sample,2025-08-07,2025-08-21,0.01803171103973685,0.0190128925711514,1799.9522278037357,99821.48803500367,366
PETRONET.NS,out_of_sample,2026-03-24,2026-04-09,0.11360785123140806,0.11461594712965581,11356.70200695728,99964.05955979919,411
PFC.NS,development,2016-12-26,2017-01-06,0.0897659948017259,0.09076721376245897,8973.831349867929,99969.16281816098,1054
PFC.NS,development,2017-02-16,2017-03-02,0.06341964818832255,0.06441350441151687,6336.620818955455,99915.73589527128,981
PFC.NS,development,2017-05-23,2017-06-05,-0.16651832965129604,-0.1655908145647881,-16646.737161864745,99969.39794390486,831
PFC.NS,development,2017-06-27,2017-07-10,0.04153454478771177,0.042521988901222996,4151.18127424077,99945.26954509733,1029
PFC.NS,development,2018-02-05,2018-02-19,-0.04031246239210382,-0.039348563904579165,-4029.1188680015566,99947.22795178986,1127
PFC.NS,development,2018-03-06,2018-03-19,-0.13392174864744483,-0.13298498014353663,-13392.118427027606,99999.57857691192,1237
PFC.NS,development,2018-04-27,2018-05-11,-0.007270237074657498,-0.00629684710878197,-726.6598154515909,99949.94771003723,1500
PFC.NS,development,2018-05-15,2018-05-28,0.005646712133366384,0.006623788904509722,564.4278999927469,99956.91061663056,1563
PFC.NS,development,2018-06-29,2018-07-12,-0.013243698779667941,-0.01227200616731441,-1323.639182391699,99944.82692582703,1684
PFC.NS,development,2018-12-03,2018-12-14,0.05269191375991761,0.05368251460367844,5266.990816532999,99958.23724549485,1453
PFC.NS,development,2019-05-09,2019-05-22,0.05035638294495426,0.05134616265930066,5035.415570740086,99995.5770501709,1160
PFC.NS,development,2019-07-25,2019-08-07,-0.0608516558931906,-0.05989369104569534,-6082.363388686457,99953.95029779433,1115
PFC.NS,development,2020-03-13,2020-03-26,0.09085014847783107,0.09185170488192097,9081.631056201106,99962.75414362336,1478
PFC.NS,development,2020-05-11,2020-05-22,-0.12063704243134768,-0.11969629614319337,-12058.911630830007,99960.27246517182,1471
PFC.NS,development,2020-05-26,2020-06-08,0.13708988388719917,0.13810473705561793,13703.916003596736,99962.99956656646,1663
PFC.NS,development,2020-07-15,2020-07-28,-0.003700378089886088,-0.002725937796653897,-369.83070347223736,99944.03125536347,1534
PFC.NS,development,2020-09-25,2020-10-09,0.042490561590333764,0.04347826190004933,4246.929409123976,99949.94771003723,1500
PFC.NS,development,2021-11-23,2021-12-06,-0.04791908900976882,-0.0469575033742819,-4790.879847449,99978.52518590927,989
PFC.NS,validation,2022-09-26,2022-10-10,-0.04684906490905107,-0.045887199736247275,-4684.230290316611,99985.56640159608,1145
PFC.NS,validation,2024-03-18,2024-04-02,0.07827268716720763,0.07927060468294739,7824.780106179074,99968.2058885193,265
PFC.NS,validation,2024-08-07,2024-08-21,0.04022005907189216,0.041207150498862644,4019.550251372552,99938.9445,202
PFC.NS,out_of_sample,2024-10-08,2024-10-21,0.060298750644327395,0.06129309273158214,6004.052787755563,99571.761,228
PFC.NS,out_of_sample,2025-01-13,2025-01-24,0.025930510367444533,0.026914363598020036,2585.8407363511146,99721.93758274842,251
PFC.NS,out_of_sample,2025-11-07,2025-11-20,-0.03698995452644388,-0.03602396130757375,-3686.5523454498443,99663.60847549439,258
PFC.NS,out_of_sample,2025-12-04,2025-12-17,-0.049246325769199184,-0.04828403712581995,-4910.266315495165,99708.27749684143,283
PFC.NS,out_of_sample,2026-07-08,2026-07-21,0.012050737204988237,0.013030198726875922,1202.9224748316371,99821.48430999756,244
PFC.NS,out_of_sample,2026-08-12,2026-08-25,-0.03915410014671194,-0.03818956663400585,-3910.3948051375014,99871.911,262
PFIZER.NS,development,2021-10-20,2021-11-02,-0.04410714375009436,-0.04312546464827715,-4209.925424515882,95447.7,18
PFIZER.NS,development,2022-01-20,2022-02-03,-0.04071150021599272,-0.039747125409334845,-4063.0026326185466,99799.875,21
PFIZER.NS,development,2022-02-23,2022-03-09,0.045792827200028745,0.046793190503940936,4446.874133938807,97108.53,23
PHOENIXLTD.NS,out_of_sample,2025-07-02,2025-07-15,-0.03822491819952113,-0.03725682368230788,-3786.4649874487377,99057.504,64
PHOENIXLTD.NS,out_of_sample,2026-08-03,2026-08-14,-0.004430152623664926,-0.0034501423397238027,-436.46587384513276,98521.63365966798,52
PIDILITIND.NS,development,2016-11-16,2016-11-29,0.016763579271330237,0.017744610860007733,1672.4693812354237,99768.03605992126,323
PIDILITIND.NS,development,2017-11-01,2017-11-14,0.046200553873711865,0.047189387220381775,4616.980503240988,99933.44486434938,255
PIDILITIND.NS,development,2018-01-25,2018-02-08,-0.009864229095638697,-0.00889137664521794,-985.4160085147033,99897.924,224
PIDILITIND.NS,development,2018-10-04,2018-10-17,-0.025632194889305446,-0.02466241560473715,-2551.2939180168332,99534.7425,202
PIDILITIND.NS,development,2020-08-06,2020-08-19,0.0913559888612785,0.09235985688612071,9083.040643786097,99424.6875,150
PIDILITIND.NS,development,2020-11-27,2020-12-11,0.05882185090553117,0.059815553963963,5860.1204672934,99624.89070098876,129
PIDILITIND.NS,development,2021-10-22,2021-11-04,0.04167640952046126,0.042666871247810746,4134.615689937513,99207.579,86
PIDILITIND.NS,validation,2022-10-28,2022-11-11,0.03374978832264784,0.03473915348427925,3338.4424589194887,98917.43400000001,77
PIDILITIND.NS,validation,2023-01-27,2023-02-09,0.0008169002721441302,0.0017931777393227993,81.53471813467297,99809.87999999999,86
PIIND.NS,development,2021-09-28,2021-10-11,0.022852608818543674,0.023840788735845327,2249.683871887832,98443.197,31
PIIND.NS,development,2021-10-21,2021-11-03,-0.11620678419406084,-0.11525967473609927,-11470.22874969999,98705.328,32
PIIND.NS,development,2021-11-04,2021-11-18,0.04454444699671129,0.04553761485381672,4398.628383588436,98746.95231738282,36
PIIND.NS,development,2022-01-19,2022-02-02,-0.07387335092877537,-0.07291011736526493,-7221.330740084641,97752.852,36
PIIND.NS,validation,2022-09-27,2022-10-11,-0.029797924955667503,-0.028821297580124576,-2907.7280994786106,97581.5632734375,32
PIIND.NS,validation,2023-01-24,2023-02-07,-0.02934884433460929,-0.02836981160786631,-2848.095504419819,97042.85020385742,31
PIIND.NS,validation,2023-07-14,2023-07-27,-0.018225132359703734,-0.017245423491048704,-1779.5073136843678,97640.29574999999,27
PIIND.NS,validation,2023-09-21,2023-10-05,-0.035009298346032475,-0.034036124446147446,-3432.626693530138,98049.0,28
PIIND.NS,validation,2023-12-13,2023-12-27,-0.02562275398324781,-0.02465206077376074,-2544.5862176573664,99309.63,28
PIIND.NS,validation,2024-05-08,2024-05-22,0.05902762410926632,0.060029597826624696,5762.795518362498,97628.79,28
PIIND.NS,out_of_sample,2024-12-16,2024-12-30,-0.059154038124679134,-0.05819203690546993,-5860.731541373553,99075.76434631347,25
PIIND.NS,out_of_sample,2025-01-14,2025-01-27,-0.014031174250231468,-0.013055971848646972,-1389.376513909282,99020.68701672363,29
PIIND.NS,out_of_sample,2025-02-14,2025-02-28,-0.06864974850096776,-0.0676813480514708,-6651.159412213138,96885.41556884766,30
PIIND.NS,out_of_sample,2025-08-18,2025-09-01,0.01579057966746244,0.01677060151564846,1578.2676482338873,99949.95,27
PIIND.NS,out_of_sample,2025-09-24,2025-10-08,-0.03941978913927827,-0.0384481499452383,-3867.5950332552616,98113.03199999999,27
PIIND.NS,out_of_sample,2025-12-16,2025-12-30,-0.019769051428800737,-0.01878813604265577,-1922.512574778871,97248.59999999999,30
PIIND.NS,out_of_sample,2026-05-22,2026-06-04,-0.018225963609251772,-0.017252217244662475,-1805.8633348884423,99081.91268261719,36
PIIND.NS,out_of_sample,2026-06-30,2026-07-13,-0.0020948052614843025,-0.0011104260953635587,-204.5216863750025,97632.792,38
PNB.NS,development,2016-12-19,2016-12-30,-0.07947480993005947,-0.07852190325252259,-7937.921260725031,99879.71368173981,798
PNB.NS,development,2017-03-24,2017-04-07,0.09302936731205802,0.09403182303329999,9293.142406843717,99894.71792999268,732
PNB.NS,development,2017-05-25,2017-06-07,0.023405797507761204,0.024387847136445925,2340.3566993773206,99990.47025,673
PNB.NS,development,2017-09-29,2017-10-13,0.02098649068061104,0.021968214078842155,2096.513053119915,99898.21952732849,757
PNB.NS,development,2017-12-04,2017-12-15,-0.004216136627577831,-0.0032417637360293693,-421.292533974513,99923.83340208435,581
PNB.NS,development,2018-02-15,2018-02-28,-0.2650854987613647,-0.2641862424089064,-26494.646998845386,99947.55323336793,726
PNB.NS,development,2018-05-16,2018-05-29,0.07950178291710899,0.08050017789357053,7945.189203166414,99937.24557662201,1262
PNB.NS,development,2018-06-29,2018-07-12,0.032134200387840185,0.03311899891307344,3211.197785185525,99930.84459635925,1358
PNB.NS,development,2018-09-24,2018-10-08,-0.15288056102583056,-0.15194904607632723,-15280.404430503715,99949.95000000001,1350
PNB.NS,development,2018-12-07,2018-12-20,0.1433494433629797,0.1443660207337583,14332.359501795467,99981.96829759599,1505
PNB.NS,development,2019-02-04,2019-02-18,-0.07054942636331749,-0.0695942081733317,-7050.949598334814,99943.4008438797,1349
PNB.NS,development,2019-04-24,2019-05-09,-0.04174240825210935,-0.040778893007610555,-4171.74636870003,99940.24167230987,1139
PNB.NS,development,2019-05-14,2019-05-27,0.1234836797465541,0.12449453506685135,12346.41904717343,99984.217125,1261
PNB.NS,development,2019-07-24,2019-08-06,-0.009041151805004307,-0.008068400931556741,-903.9557708033312,99982.36843042374,1461
PNB.NS,development,2019-09-04,2019-09-18,0.048353260067976085,0.04934259348132616,4833.544631424228,99963.1591464386,1668
PNB.NS,development,2020-02-05,2020-02-18,-0.07789460884597744,-0.07694152923538235,-7785.562259425004,99949.95000000001,1776
PNB.NS,development,2020-02-28,2020-03-13,-0.17564470903336643,-0.17471978873871294,-17557.788676026175,99961.95599999999,2208
PNB.NS,development,2020-05-19,2020-06-02,0.05720194218409231,0.05819371459666174,5719.597669764519,99989.57118199253,3621
PNB.NS,development,2020-07-16,2020-07-29,-0.010036148372938366,-0.009063649993185246,-1003.3535160625021,99973.962,3028
PNB.NS,development,2020-09-22,2020-10-06,-0.08038321752998284,-0.07943100381229681,-8037.314450803612,99987.46875,3250
PNB.NS,development,2020-10-30,2020-11-12,0.08319376637733972,0.0841930232150893,8318.308908435367,99987.16575357628,3729
PNB.NS,development,2021-03-26,2021-04-12,-0.06451749332482347,-0.06356075974794806,-6451.631665963778,99998.17620752908,2761
PNB.NS,development,2021-04-13,2021-04-28,0.04596885202507265,0.04695744846262231,4595.780249211139,99975.963,2939
PNB.NS,development,2021-07-29,2021-08-11,-0.03350634985859886,-0.032540646740956934,-3350.144578463815,99985.36374752424,2589
PNB.NS,development,2021-08-12,2021-08-26,-0.046454034924435256,-0.04549198006530679,-4643.8500851493045,99966.56033654023,2668
PNB.NS,development,2021-11-29,2021-12-10,0.06416076691972566,0.06515457420361086,6414.868390543363,99981.16759684753,2616
PNB.NS,development,2022-02-25,2022-03-11,0.06988191648170988,0.07087730742389314,6987.952026074513,99996.57104286003,2957
PNB.NS,development,2022-05-13,2022-05-26,0.024642210432338624,0.02562468229787384,2463.5757750009357,99973.8145149479,3393
PNB.NS,validation,2023-01-31,2023-02-13,-0.01813222247114173,-0.017161992294509407,-1812.4780009767337,99958.9545,1959
PNB.NS,validation,2023-02-23,2023-03-09,0.05783489946267315,0.05882686832319305,5782.678406958055,99985.96800000001,2082
PNB.NS,validation,2023-10-25,2023-11-07,0.08522616399832189,0.08622619439356086,8517.49814255327,99939.94499999999,1427
PNB.NS,validation,2024-03-18,2024-04-02,0.07157745687601111,0.0725735074486083,7154.424439122223,99953.59923886873,847
PNB.NS,validation,2024-05-08,2024-05-22,0.02482380580309024,0.02580667605500898,2479.585885221955,99887.41875,815
PNB.NS,out_of_sample,2024-09-10,2024-09-23,0.009484056438079274,0.010462095079262412,948.3326486338526,99992.30338046263,907
PNB.NS,out_of_sample,2024-10-08,2024-10-21,-0.0003223680890722272,0.0006529136738530943,-32.22923098961931,99976.49296608353,979
PNB.NS,out_of_sample,2024-10-23,2024-11-05,0.0880932104056036,0.08909388103227736,8808.08491663195,99985.96800000001,1041
PNB.NS,out_of_sample,2025-03-03,2025-03-17,-0.006225802810796456,-0.005252178213454664,-622.3708554990492,99966.36167463685,1138
PNB.NS,out_of_sample,2025-05-09,2025-05-22,0.11254240936071484,0.11355025535938094,11248.60818848298,99949.95,1110
PNB.NS,out_of_sample,2026-05-19,2026-06-01,0.03329381276592837,0.034278910591216516,3327.3629107855563,99939.37715029906,997
PNB.NS,out_of_sample,2026-07-07,2026-07-20,0.06432782520905841,0.0653216793426127,6431.59025291146,99981.46575,954
PNBHOUSING.NS,out_of_sample,2025-08-04,2025-08-18,-0.043622628519372555,-0.04265694933652166,-4330.401320292991,99269.61,121
PNBHOUSING.NS,out_of_sample,2026-01-23,2026-02-06,-0.015238603700497158,-0.014267060018377862,-1521.4053471812454,99838.8945,116
POLICYBZR.NS,out_of_sample,2025-09-30,2025-10-14,0.0057068405961665375,0.006690508990939683,561.2206539127185,98341.74346655274,58
POLICYBZR.NS,out_of_sample,2026-02-03,2026-02-16,-0.07748137382526062,-0.07652504554513603,-7684.181351019173,99174.5625,61
POLYCAB.NS,development,2022-11-18,2022-12-01,0.013368543076153977,0.01435768865372465,1304.1916682187568,97556.754,38
POLYCAB.NS,validation,2024-01-10,2024-01-24,-0.12919999206600072,-0.12826174313224128,-12915.98927918616,99968.96340820313,20
POLYCAB.NS,validation,2024-09-20,2024-10-04,0.10272183145669841,0.10373671346112331,10020.231945976382,97547.24778442383,15
POLYCAB.NS,validation,2025-01-13,2025-01-24,-0.08530976121487356,-0.08434584781520721,-8259.190307735384,96814.12994384766,15
POLYCAB.NS,validation,2025-01-28,2025-02-07,0.036151164049128895,0.037153017196345964,3474.639719885512,96114.18639697267,17
POLYCAB.NS,validation,2025-02-28,2025-03-13,0.07331661896568581,0.07432240816335793,7162.947525920218,97698.825,21
POLYCAB.NS,out_of_sample,2025-12-09,2025-12-22,0.0796502792250291,0.08065497500360141,7837.521764262502,98399.175,14
POLYCAB.NS,out_of_sample,2026-01-27,2026-02-09,0.14161719913714912,0.14265283051663505,13499.608313131253,95324.6385,14
POLYCAB.NS,out_of_sample,2026-07-20,2026-07-31,0.026794938856573264,0.027788750589100086,2608.906866237493,97365.6585,11
POWERGRID.NS,development,2017-02-28,2017-03-14,0.006628812420825821,0.007606408002108536,662.2045700278297,99897.91956510545,925
POWERGRID.NS,development,2018-06-28,2018-07-11,-0.031615003119821905,-0.03064875230465935,-3161.0077364918684,99984.41956534196,943
POWERGRID.NS,development,2018-11-22,2018-12-06,-0.00356075016869222,-0.0025863789377134645,-355.9728393835522,99971.30450584031,967
POWERGRID.NS,development,2019-02-11,2019-02-25,0.010587306536178717,0.011565776925673775,1058.3463981270468,99963.70602008057,989
POWERGRID.NS,development,2019-05-02,2019-05-15,-0.04810230410748674,-0.04714045490055886,-4805.399930093261,99899.57901715852,949
POWERGRID.NS,development,2019-09-24,2019-10-09,0.049588095216394165,0.050577914313930966,4955.366196593612,99930.56145772935,945
POWERGRID.NS,development,2020-09-24,2020-10-08,-0.026775561395973025,-0.025807924575800344,-2677.17732912349,99985.85237977981,1095
POWERGRID.NS,development,2020-12-22,2021-01-05,0.011251860002254883,0.012230438820011496,1125.010030105757,99984.3607972641,958
POWERGRID.NS,validation,2022-09-26,2022-10-10,0.042196001951521504,0.04318361754181505,4217.488285254477,99949.95,666
POWERGRID.NS,validation,2023-07-17,2023-07-28,0.0621523616291856,0.06314591928826198,6208.977400679888,99899.2996875,549
POWERGRID.NS,out_of_sample,2024-09-10,2024-09-23,0.04072017297996969,0.04170802642283724,4063.257065383355,99784.8675,305
POWERGRID.NS,out_of_sample,2025-01-14,2025-01-27,-0.005075996326002407,-0.0041017718768763586,-507.0878433671728,99899.174625,347
POWERGRID.NS,out_of_sample,2025-02-11,2025-02-24,-0.03795294595118131,-0.03698752729631902,-3785.333783010194,99737.548381073,371
POWERGRID.NS,out_of_sample,2025-05-23,2025-06-05,0.005217551096189996,0.0061946766342856245,521.3060454312528,99913.932,342
POWERGRID.NS,out_of_sample,2025-11-07,2025-11-20,0.02338564973175606,0.02436864352454395,2332.8040681877847,99753.65640664674,369
POWERGRID.NS,out_of_sample,2026-06-03,2026-06-16,0.008675929312589781,0.009654193834245548,866.5337217529212,99877.914,354
POWERGRID.NS,out_of_sample,2026-08-11,2026-08-24,0.0027018805827931066,0.0036781383478183796,270.05282915614185,99949.95,370
PRESTIGE.NS,out_of_sample,2025-11-25,2025-12-08,-0.01653452029262028,-0.015562641214603847,-1647.876696493738,99662.80649999999,61
PRESTIGE.NS,out_of_sample,2026-01-13,2026-01-27,-0.07434904283262411,-0.07339130434782612,-7364.235518050003,99049.5,66
PRESTIGE.NS,out_of_sample,2026-04-01,2026-04-16,0.16062139033728062,0.16164711069651996,15893.398232109232,98949.45,86
PTC.NS,development,2018-01-29,2018-02-09,-0.10993933889802744,-0.10899547479678125,-10988.431425890898,99949.95,900
PTC.NS,development,2018-05-18,2018-05-31,0.014839558134721114,0.015819298478730762,1483.242760470941,99951.94917566299,1195
PTC.NS,development,2018-06-28,2018-07-11,-0.033278982142371634,-0.03231310711821049,-3326.525669307586,99958.75640295411,1312
PTC.NS,development,2018-09-24,2018-10-08,-0.125130325045356,-0.12419086566981909,-12507.896467778952,99958.9545,1306
PTC.NS,development,2019-01-29,2019-02-11,-0.11965558578575308,-0.1187145179123971,-11959.62967421352,99950.45025,1241
PTC.NS,development,2019-03-26,2019-04-09,-0.0222796740608374,-0.021310773584703808,-2227.8152265920876,99993.16958177948,1322
PTC.NS,development,2019-04-22,2019-05-07,-0.023757905917344637,-0.02278924549810659,-2374.5301476855548,99946.94633216858,1420
PVRINOX.NS,development,2017-07-27,2017-08-09,-0.005883993911175273,-0.0049066261506839175,-582.8933578579811,99064.23539135742,74
PVRINOX.NS,development,2017-09-28,2017-10-12,0.14565880630309824,0.14667790792429075,14495.875601713855,99519.39034533691,86
PVRINOX.NS,development,2017-11-27,2017-12-08,-0.0028957560412800594,-0.001920699755465385,-289.1357657453474,99848.10931018066,78
PVRINOX.NS,development,2018-02-05,2018-02-19,0.07616399840134387,0.07716575076209775,7530.417394823498,98871.08808471679,78
PVRINOX.NS,development,2018-07-16,2018-07-27,-0.08438861092107813,-0.08343385537769989,-8360.631151355015,99072.97987371827,83
PVRINOX.NS,development,2019-02-11,2019-02-25,-0.014737431665406715,-0.013763996297656306,-1464.9806896789141,99405.42714221192,67
PVRINOX.NS,development,2019-06-18,2019-07-01,0.03868479027855108,0.039675071816393556,3831.3631314663135,99040.55583288573,62
PVRINOX.NS,development,2019-11-05,2019-11-19,-0.0021329749754264863,-0.0011550960365380974,-211.59887225528647,99203.63562304687,58
PVRINOX.NS,development,2020-03-04,2020-03-18,-0.33599576803146425,-0.3351148383304251,-33409.54190394944,99434.41281921386,58
PVRINOX.NS,development,2020-05-19,2020-06-02,0.2937890918643016,0.29485152639074186,29184.48850063761,99338.23041366576,135
PVRINOX.NS,development,2020-09-22,2020-10-06,0.13831116642206606,0.1393287445790084,13744.487102852143,99373.662,89
PVRINOX.NS,development,2020-10-28,2020-11-10,0.19192081743870965,0.19295288258914128,19116.038301822948,99603.777,91
PVRINOX.NS,development,2021-02-23,2021-03-08,0.05353122205366831,0.054525736687764045,5302.2407788048195,99049.5,72
PVRINOX.NS,development,2021-03-23,2021-04-07,-0.1433219732723481,-0.14238665478755033,-14287.383233479548,99687.31875,75
PVRINOX.NS,development,2021-11-26,2021-12-09,-0.022397164972030013,-0.02142326846408671,-2211.7615037396185,98751.85125,65
PVRINOX.NS,development,2022-08-22,2022-09-05,0.0889633835045052,0.08996645089867096,8847.631265911421,99452.50413574219,56
PVRINOX.NS,validation,2022-12-26,2023-01-06,7.215059522142974e-05,0.0010507819257438958,7.155503715199885,99174.5625,61
PVRINOX.NS,validation,2023-02-27,2023-03-13,-0.066705624686516,-0.06574650251168364,-6620.506567886838,99249.59999999999,62
PVRINOX.NS,validation,2023-04-25,2023-05-09,-0.022238972145275957,-0.02126689950922973,-2206.3190861645267,99209.58,67
PVRINOX.NS,validation,2023-05-18,2023-05-31,0.030563909222347262,0.0315532931420068,3016.33141769518,98689.31999999999,72
PVRINOX.NS,validation,2023-12-27,2024-01-09,-0.06505579709497074,-0.06409272868065065,-6401.632028087498,98402.1765,59
PVRINOX.NS,validation,2024-01-10,2024-01-24,-0.07202924626531429,-0.07107423930387576,-7194.995647102543,99889.92,64
PVRINOX.NS,out_of_sample,2025-01-09,2025-01-22,-0.09663075484733322,-0.09567991324617073,-9582.829440677902,99169.56,84
PVRINOX.NS,out_of_sample,2025-02-19,2025-03-05,-0.03778578493486416,-0.03682072141543017,-3772.453191033765,99837.894,101
PVRINOX.NS,out_of_sample,2025-04-08,2025-04-24,0.15393117426644526,0.15495152493507716,15362.311950394454,99799.875,114
RAIN.NS,development,2022-06-21,2022-07-04,0.09588999398476448,0.09689315925978621,9581.609779925004,99922.9365,729
RAIN.NS,validation,2022-09-27,2022-10-11,0.016757576805760663,0.017737882756407145,1674.8938149235466,99948.44925,611
RAIN.NS,validation,2022-12-26,2023-01-06,0.08528082780536246,0.08628103530652263,8519.52697082657,99899.674875,627
RAIN.NS,validation,2023-05-11,2023-05-24,-0.02660334233300103,-0.02563515528717696,-2656.633854699966,99860.90550000001,661
RAIN.NS,validation,2024-06-05,2024-06-19,0.08317076858760873,0.08417035304356305,8309.069419896648,99903.72291851806,652
RAMCOCEM.NS,development,2017-07-28,2017-08-10,0.002639696085031601,0.00361744431423831,262.8471107392015,99574.76250000001,150
RAMCOCEM.NS,development,2018-02-01,2018-02-15,-0.032173633593902254,-0.031207591475239774,-3217.2483330171885,99996.42482492066,131
RAMCOCEM.NS,development,2018-05-23,2018-06-05,-0.048174638791349894,-0.04721065018024973,-4786.808284962585,99363.65699999999,127
RAMCOCEM.NS,development,2018-06-21,2018-07-04,0.004758996194684775,0.0057368516804205795,474.46892854370935,99699.37128204346,143
RAMCOCEM.NS,development,2018-07-12,2018-07-25,0.04543810437255358,0.046428767209113646,4517.669327833523,99424.6875,150
RAMCOCEM.NS,development,2019-01-25,2019-02-07,0.026071060250075835,0.027055445208502928,2596.6770045941084,99599.97712738036,166
RAMCOCEM.NS,development,2020-12-11,2020-12-24,-0.07666671374636952,-0.07571330685311094,-7663.328841743193,99956.40177163696,119
RAMCOCEM.NS,development,2021-08-10,2021-08-24,-0.06776598886849557,-0.06680902355864117,-6756.786230702707,99707.63126934814,97
RAMCOCEM.NS,development,2022-01-21,2022-02-04,-0.07535141805763655,-0.07439400047875228,-7464.1233956500055,99057.504,104
RAMCOCEM.NS,development,2022-02-22,2022-03-08,-0.1156944285200094,-0.11474989797280072,-11496.979035030574,99373.662,124
RAMCOCEM.NS,development,2022-06-06,2022-06-17,-0.08235165484165877,-0.08139814747350921,-8196.042993560462,99524.93376507568,157
RAMCOCEM.NS,validation,2022-11-11,2022-11-24,0.011727395285383697,0.01270799817293335,1167.0520808965675,99515.02891278076,153
RAMCOCEM.NS,validation,2023-07-21,2023-08-03,-0.04351448383344033,-0.04255163527608687,-4350.554860999201,99979.46609344483,110
RAMCOCEM.NS,validation,2023-08-09,2023-08-23,-0.0024758541449996906,-0.0014992503748126192,-246.33231911679675,99493.87350393677,117
RAMCOCEM.NS,validation,2024-01-18,2024-02-02,0.03599324416536246,0.0369809083540098,3581.1306835767205,99494.52367016602,104
RAMCOCEM.NS,validation,2024-02-12,2024-02-23,-0.04055680200898753,-0.03959012940399605,-4024.9420485681335,99242.09625,110
RAMCOCEM.NS,validation,2024-07-09,2024-07-23,-0.009766634692204255,-0.00879164114615791,-970.5462547805796,99373.662,124
RAMCOCEM.NS,out_of_sample,2025-01-14,2025-01-27,0.0009210045203541695,0.0018977810272551427,91.81790656330656,99693.22031991577,113
RAYMOND.NS,development,2017-08-03,2017-08-17,-0.04230157729211328,-0.04133647461983294,-4209.2492440000005,99505.728,128
RAYMOND.NS,development,2018-02-02,2018-02-16,-0.08067899055511615,-0.0797266756167762,-8063.134598063878,99940.9455,99
RAYMOND.NS,development,2018-06-28,2018-07-11,-0.01082627375596568,-0.009853958534757486,-1082.2263179801876,99962.95515655518,110
RAYMOND.NS,development,2018-07-17,2018-07-30,0.0257142304762296,0.02669986599452123,2552.538684788897,99265.60653442383,120
RAYMOND.NS,development,2018-09-28,2018-10-12,-0.06208561757507906,-0.0611259981503596,-6174.70662545826,99454.7025,141
RAYMOND.NS,development,2019-01-29,2019-02-11,-0.07295599911959069,-0.07200149925037488,-7291.948464203133,99949.95,135
RAYMOND.NS,development,2019-04-10,2019-04-25,-0.03223063905351413,-0.03126416102991158,-3219.3096277619684,99883.51836328126,128
RAYMOND.NS,development,2019-06-20,2019-07-03,0.015871496152014854,0.016851541270380365,1586.3552468190771,99949.95,135
RAYMOND.NS,development,2019-07-25,2019-08-07,-0.047395446131352506,-0.046431784107946156,-4715.833856321889,99499.725,153
RAYMOND.NS,development,2019-08-22,2019-09-05,0.00906944251305861,0.010049245839713736,902.624811406264,99523.737,177
RAYMOND.NS,development,2020-02-18,2020-03-03,-0.16048112546701418,-0.15955128676763478,-16019.689839278406,99822.89065246582,170
RAYMOND.NS,development,2020-03-11,2020-03-24,-0.48769879618094036,-0.4868624238485216,-48606.406639355155,99664.8075,229
RBLBANK.NS,development,2017-08-10,2017-08-24,0.01850121237027946,0.01948185351741769,1849.9357150594321,99989.97244262697,200
RBLBANK.NS,development,2018-02-05,2018-02-19,-0.015263860236076992,-0.014292528532791764,-1524.7057778729118,99889.92,208
RBLBANK.NS,development,2018-09-26,2018-10-10,0.009427314796163053,0.010405636535221656,941.9540883106729,99917.53841656494,189
RBLBANK.NS,development,2018-10-23,2018-11-05,0.1438218026613809,0.14484021298952324,14318.86343662543,99559.755,214
RBLBANK.NS,development,2019-06-18,2019-07-01,0.03672153227457061,0.03770784616692134,3667.8170737975533,99881.91795410155,160
RBLBANK.NS,development,2019-07-17,2019-07-30,-0.31803363132728096,-0.31714878033569105,-31721.579671314583,99742.84650000001,171
RBLBANK.NS,development,2019-08-29,2019-09-13,0.18297662875171392,0.184004942904228,18278.802284697867,99896.9235,319
RBLBANK.NS,development,2020-01-31,2020-02-13,-0.0023217626181947933,-0.001346002456849148,-231.51232091619158,99714.03583721923,306
RBLBANK.NS,development,2020-02-19,2020-03-04,-0.038258814229591584,-0.03729363860165142,-3817.315852529849,99776.11510963441,325
RBLBANK.NS,development,2020-03-09,2020-03-23,-0.4327522159130816,-0.4319013634416175,-43272.61296095063,99993.972,403
RBLBANK.NS,development,2020-09-25,2020-10-09,0.11563729727944912,0.11664635414408364,11548.686471941828,99869.91,620
RBLBANK.NS,development,2021-03-18,2021-04-01,-0.05122141474618289,-0.05026020183278834,-5113.669129432199,99834.59369039154,439
RBLBANK.NS,development,2021-04-13,2021-04-28,0.009260510822689121,0.01023861147627881,925.6876277068149,99960.75221237184,522
RBLBANK.NS,development,2021-07-28,2021-08-10,-0.12178153758231312,-0.12084094199423218,-12167.891391962416,99915.7313458786,509
RBLBANK.NS,development,2021-12-20,2021-12-31,-0.28096665753568234,-0.2800716334315862,-28058.45724006819,99864.01050631714,566
RBLBANK.NS,development,2022-02-25,2022-03-11,0.05552514538593698,0.056516454005503966,5551.679856845684,99984.9675,790
RBLBANK.NS,development,2022-05-13,2022-05-26,0.04640291446332491,0.047391602902284335,4639.556620306018,99984.16422686007,941
RBLBANK.NS,development,2022-06-14,2022-06-27,0.04628919617834864,0.04727808509538338,4625.491347387503,99925.938,1148
RBLBANK.NS,validation,2023-01-27,2023-02-09,0.060684023782664236,0.061677005895059304,6064.61240184071,99937.54572967529,632
RBLBANK.NS,validation,2023-03-14,2023-03-27,-0.07316830429912498,-0.07221369713029518,-7310.094054796256,99907.93315246583,680
RBLBANK.NS,validation,2023-05-19,2023-06-01,0.17429674316427152,0.17532227373693288,17424.211000283845,99968.65508761597,698
RBLBANK.NS,validation,2024-03-14,2024-03-28,0.056709989082410914,0.057702123546015324,5663.28122807038,99863.90968688963,440
RBLBANK.NS,validation,2024-06-05,2024-06-19,0.15827678535384362,0.15929765878786414,15824.697276395222,99981.1642687683,436
RBLBANK.NS,validation,2024-07-10,2024-07-24,-0.04040888270770843,-0.03944514063727779,-4040.054521044368,99979.3671670532,404
RBLBANK.NS,validation,2024-08-06,2024-08-20,0.0008226140099231455,0.0017985558573117718,82.17413974336992,99893.922,458
RBLBANK.NS,out_of_sample,2024-10-03,2024-10-16,0.04051788749685263,0.04150546979625998,4045.220557014698,99837.894,494
RBLBANK.NS,out_of_sample,2024-10-22,2024-11-04,-0.03840032847625755,-0.03743586215198766,-3837.8343956327053,99942.74913574218,560
RBLBANK.NS,out_of_sample,2025-12-05,2025-12-18,0.00340727768380922,0.004384171550588353,340.18906415000106,99841.89600000001,336
RCOM.NS,development,2016-11-10,2016-11-24,-0.1997952004569505,-0.19887730553327998,-19975.91693905001,99981.966,2324
RCOM.NS,development,2016-12-28,2017-01-10,-0.01146677967194578,-0.010494729953039232,-1146.486063289703,99983.2643592739,3001
RCOM.NS,development,2017-04-18,2017-05-02,-0.02423727017178336,-0.023268887845773644,-2423.290029737796,99981.97043489457,2905
RCOM.NS,development,2017-05-23,2017-06-05,-0.3016019063687698,-0.30071332333687245,-30157.31722079685,99990.4728185749,3365
RCOM.NS,development,2017-08-11,2017-08-28,0.1071151576132736,0.10812131662797787,10709.530852228025,99981.4693910408,4770
RCOM.NS,development,2017-09-18,2017-09-29,-0.05423307476077312,-0.053273325698804185,-5422.424392141847,99983.716875,4935
RCOM.NS,development,2017-10-04,2017-10-17,-0.005392641624490044,-0.004418909969018416,-539.2613419939252,99999.4769808054,5845
RCOM.NS,development,2017-11-10,2017-11-23,-0.0956404242603568,-0.09469262827997621,-9563.561593802711,99994.9725,6663
RCOM.NS,development,2018-02-07,2018-02-21,0.11731182223883066,0.11832083958020997,11731.179291087508,99999.97499999999,3998
RCOM.NS,development,2018-03-12,2018-03-23,-0.0154940248107312,-0.014523140074462204,-1549.1695671451528,99984.96750000001,4345
RCOM.NS,development,2018-04-17,2018-04-30,-0.28366077875661194,-0.2827670325389859,-28363.118221075023,99989.56621849822,4692
RCOM.NS,development,2018-05-02,2018-05-15,-0.18902525958561053,-0.18810433347839245,-18902.23755327124,99998.47425,6554
RCOM.NS,development,2018-06-29,2018-07-12,-0.0024738574629628836,-0.0014992503748126507,-247.36217105313068,99990.47025,7403
RCOM.NS,development,2018-07-17,2018-07-30,0.1418959072150157,0.14291201051407612,14189.019754012248,99995.9761525154,8260
RCOM.NS,development,2018-09-12,2018-09-27,-0.23970367506274157,-0.23879728036930334,-23967.436795401147,99987.77360892676,6169
RCOM.NS,development,2018-10-29,2018-11-12,0.3958034104118265,0.39689255515948224,39576.567608656216,99990.46639713764,10095
RCOM.NS,development,2019-01-28,2019-02-08,-0.5717362464200038,-0.5709253817582499,-57172.80864174246,99998.57276801491,8028
RCOM.NS,development,2019-03-14,2019-03-28,-0.11451826764520141,-0.11357590181446459,-11451.285619460994,99995.27459618212,20397
RCOM.NS,development,2019-06-12,2019-06-25,-0.26670687393290926,-0.2658082929279438,-26670.628105664557,99999.77770491815,58794
RECLTD.NS,development,2016-12-26,2017-01-06,0.050709568227443325,0.051699560056037625,5069.332037468757,99967.959,1092
RECLTD.NS,development,2017-06-01,2017-06-14,-0.05270506933585662,-0.051744772696490464,-5268.224981963029,99956.70337500001,684
RECLTD.NS,development,2017-06-27,2017-07-10,0.06384607425102155,0.06483971778017647,6384.5737417971195,99999.47242950439,760
RECLTD.NS,development,2017-08-11,2017-08-28,0.03126853468044048,0.03225291307361278,3126.0275663746834,99973.5868125,834
RECLTD.NS,development,2017-09-28,2017-10-12,0.00971526686654566,0.010693636251567998,970.8107996065835,99926.31318750001,879
RECLTD.NS,development,2018-02-05,2018-02-19,-0.02916234331278765,-0.02819524914666704,-2914.77475599596,99949.95,925
RECLTD.NS,development,2018-03-09,2018-03-22,0.005085291054270857,0.006062150408090357,508.38105777473777,99970.88708379364,1062
RECLTD.NS,development,2018-05-03,2018-05-16,-0.07077269718419972,-0.06981773916661671,-7076.728037465605,99992.34618749999,1079
RECLTD.NS,development,2018-05-22,2018-06-04,0.03301384921028769,0.033998896908251454,3299.1331380979386,99931.79277834321,1214
RECLTD.NS,development,2018-06-28,2018-07-11,0.0009851535407583666,0.0019608605109188004,98.4800925982965,99964.207125,1319
RECLTD.NS,development,2018-07-17,2018-07-30,0.20436321101629057,0.20539739639632604,20429.496190646696,99966.60401376343,1412
RECLTD.NS,development,2018-09-25,2018-10-09,0.011305076949613444,0.012283798034191567,1129.9723913231437,99952.64927071381,1362
RECLTD.NS,development,2018-11-30,2018-12-13,-0.05591662849084475,-0.054957156267029156,-5587.857430970385,99931.94478607178,1240
RECLTD.NS,development,2019-05-09,2019-05-22,0.03061772802528955,0.031602216869920645,3058.689587748768,99899.2996875,970
RECLTD.NS,development,2019-07-10,2019-07-23,0.057425843395491324,0.05841793936760001,5738.268952703464,99924.85287824248,957
RECLTD.NS,development,2019-09-19,2019-10-03,-0.05511110238890895,-0.05415162024181971,-5510.411272029994,99987.3171315651,1011
RECLTD.NS,development,2019-12-04,2019-12-17,0.062225135087455426,0.06321842418613191,6220.743680373026,99971.55766122437,1028
RECLTD.NS,development,2020-03-02,2020-03-16,-0.21953090020963836,-0.2186184503909953,-21936.493794903767,99924.40141208266,1101
RECLTD.NS,development,2020-07-28,2020-08-10,0.06670916381925997,0.06770377187643799,6668.5286691640595,99964.207125,1319
RECLTD.NS,development,2020-09-24,2020-10-08,-0.0014652945202653469,-0.000490195195432793,-146.44149342577435,99939.97206735994,1346
RECLTD.NS,development,2021-08-24,2021-09-06,0.08571871814885773,0.08671887372367494,8567.076423379183,99944.05665868378,949
RECLTD.NS,development,2021-11-16,2021-11-30,-0.05816373712339501,-0.05720509592551582,-5815.099290330624,99978.0890625,935
RECLTD.NS,development,2022-02-25,2022-03-11,0.049755621572749376,0.0507454509970193,4972.577279396898,99940.00923345565,1115
RECLTD.NS,validation,2022-09-28,2022-10-12,-0.04090659716230054,-0.03994305667128838,-4090.4130663146475,99993.97041229249,1040
RECLTD.NS,validation,2024-02-29,2024-03-14,0.07915858326872875,0.0801581376438036,7886.1097423422925,99624.19003344727,232
RECLTD.NS,validation,2024-06-05,2024-06-19,0.08973256495194769,0.09073508925696386,8941.113931498721,99641.796,211
RECLTD.NS,out_of_sample,2024-10-08,2024-10-21,0.06453992465190242,0.0655343670849945,6444.305022499992,99849.90000000001,200
RECLTD.NS,out_of_sample,2025-01-13,2025-01-24,-0.015390477304928952,-0.014419479087074168,-1538.494572106888,99964.05839955139,221
RECLTD.NS,out_of_sample,2025-03-03,2025-03-17,0.12836881969935432,0.1293821865834229,12799.459376962232,99708.47599081423,273
RECLTD.NS,out_of_sample,2025-08-28,2025-09-10,0.016584655441464487,0.017565563907124146,1654.9142387074571,99785.868,274
RECLTD.NS,out_of_sample,2025-12-04,2025-12-17,-0.049065114284044295,-0.04810348516730885,-4900.889266430183,99885.41426925658,285
RECLTD.NS,out_of_sample,2026-03-05,2026-03-18,0.05100921201062615,0.05199990100626226,5091.514321630209,99815.58469418336,302
RELIANCE.NS,development,2017-01-19,2017-02-02,0.005577873452130968,0.006555147759368477,557.2444466671101,99902.669260849,422
RELIANCE.NS,development,2017-05-09,2017-05-22,-0.002361092459703977,-0.0013861807489342864,-235.92626289682198,99922.5006742859,330
RELIANCE.NS,development,2020-03-11,2020-03-24,-0.15076503928821733,-0.14983246841988113,-15052.130653110513,99838.33602388001,197
RELIANCE.NS,development,2020-10-22,2020-11-04,-0.102983434909214,-0.10203458814180472,-10217.074036028362,99210.84925003053,101
RELIANCE.NS,development,2021-01-07,2021-01-20,0.06727625242670142,0.06827363431368469,6681.635261225222,99316.40096191406,112
RELIANCE.NS,validation,2023-09-22,2023-10-06,-0.026841621730120318,-0.025873426922902315,-2679.918405250013,99841.89600000001,84
RELIANCE.NS,out_of_sample,2024-10-04,2024-10-17,-0.03624818541756913,-0.035282240176715426,-3614.97780485233,99728.51780603027,71
RELINFRA.NS,development,2016-11-04,2016-11-18,-0.114045552151363,-0.11310213024776364,-11377.852361464475,99765.858,194
RELINFRA.NS,development,2017-05-23,2017-06-05,-0.10735944951752466,-0.10641350905685086,-10694.920719055855,99617.87962884521,181
RELINFRA.NS,development,2017-08-11,2017-08-28,0.036433106397403846,0.03742007261214527,3632.3414782259074,99698.92324319459,214
RELINFRA.NS,development,2017-11-16,2017-11-29,0.07714395750920251,0.07814307132148213,7682.74898523125,99589.76999999999,237
RELINFRA.NS,development,2018-02-05,2018-02-19,0.03437100451532878,0.0353570294454853,3429.728385919289,99785.5149793396,233
RELINFRA.NS,development,2018-05-04,2018-05-17,-0.042118529385973824,-0.04115484920626368,-4206.466570174818,99872.11404336548,241
RELINFRA.NS,development,2018-06-28,2018-07-11,-0.004748274972992828,-0.0037742999451866686,-474.7561188557513,99984.9675,253
RELINFRA.NS,development,2018-09-24,2018-10-08,-0.16753637241070735,-0.16660792691041884,-16697.480305561457,99664.8075,290
RELINFRA.NS,development,2018-12-03,2018-12-14,-0.1281474286053705,-0.12720866454549906,-12803.96989065648,99915.93299999999,299
RELINFRA.NS,development,2019-01-23,2019-02-05,-0.19110924998792475,-0.19018813180968933,-19072.909536823492,99801.07994787597,356
RELINFRA.NS,development,2019-02-06,2019-02-20,-0.4698459132781434,-0.46900537406618414,-46940.20267682524,99905.52508868408,444
RELINFRA.NS,development,2019-04-22,2019-05-07,-0.15784449645815052,-0.15691441706466397,-15776.865375604735,99951.951,836
RELINFRA.NS,development,2019-05-08,2019-05-21,0.19162304887480403,0.1926536731634183,19150.988684140626,99940.9455,1009
RELINFRA.NS,development,2019-06-07,2019-06-20,-0.29195002168573436,-0.2910584592113812,-29177.365809408988,99939.59117021943,1197
RELINFRA.NS,development,2019-07-22,2019-08-02,0.17485575697944983,0.1758814531045885,17479.885673043176,99967.45875,2351
RELINFRA.NS,development,2019-08-23,2019-09-06,0.04757585063396984,0.04856483071538236,4757.374637796553,99995.57705017089,2784
RELINFRA.NS,development,2019-09-30,2019-10-15,-0.43027986307326127,-0.4294281926889233,-43013.90035868571,99967.26328641128,3037
RELINFRA.NS,development,2020-03-11,2020-03-24,-0.3599422627739058,-0.35907047302758954,-35992.20105817329,99994.37348867655,6753
REPCOHOME.NS,development,2018-08-24,2018-09-06,-0.06888444624856187,-0.06792835187570825,-6877.719268401581,99844.29930065919,172
REPCOHOME.NS,development,2018-09-24,2018-10-08,-0.20516818229954636,-0.20425067992328835,-20454.20551700092,99694.82250000001,210
REPCOHOME.NS,development,2018-11-30,2018-12-13,0.03619550104379521,0.037181390993956245,3617.738519552279,99949.95,300
REPCOHOME.NS,development,2019-02-18,2019-03-01,0.04754690088079895,0.048536521672125375,4746.780274799805,99833.641875,295
REPCOHOME.NS,development,2019-05-14,2019-05-27,0.10766838074414382,0.1086756200501527,10740.120273401104,99751.851,261
REPCOHOME.NS,development,2019-07-25,2019-08-07,-0.07317735441946581,-0.07222247291095653,-7305.946029146798,99838.89260696412,310
REPCOHOME.NS,development,2019-10-15,2019-10-29,-0.011115845918155086,-0.010143557884747564,-1111.0171223234638,99948.9495,353
REPCOHOME.NS,development,2020-02-19,2020-03-04,-0.037991233147251356,-0.03702577153598394,-3788.642786652831,99724.13298532103,341
REPCOHOME.NS,development,2020-03-11,2020-03-24,-0.5260551752332573,-0.5252302361392547,-52481.81959428344,99764.8575,385
REPCOHOME.NS,development,2020-05-20,2020-06-03,-0.024960854470629536,-0.02399236680660504,-2493.682350956471,99903.72540694429,978
RPOWER.NS,development,2016-11-10,2016-11-24,-0.12384759780072954,-0.12290782962261988,-12381.535036321418,99973.962,2271
RPOWER.NS,development,2017-05-08,2017-05-19,-0.0067673140547570825,-0.005793893637622362,-676.5856662920535,99978.46424999999,2149
RPOWER.NS,development,2017-05-24,2017-06-06,-0.0959859231166992,-0.09503820967328305,-9597.70623470117,99990.76867794798,2256
RPOWER.NS,development,2017-08-10,2017-08-24,-0.045979498817215234,-0.04501742521092513,-4597.7646373447715,99995.97115276336,2420
RPOWER.NS,development,2017-11-16,2017-11-29,0.09494728120131432,0.09594992916403207,9493.248168236567,99984.41290918349,2827
RPOWER.NS,development,2018-05-15,2018-05-28,0.0705298123320534,0.07152545405436127,7051.603450953887,99980.46525000001,2983
RPOWER.NS,development,2018-06-28,2018-07-11,0.01780238751073022,0.018782843714175032,1779.9889479714716,99985.968,3123
RPOWER.NS,development,2018-09-24,2018-10-08,-0.1778357873802363,-0.17691156770359986,-17779.944857280232,99979.56608848572,3376
RPOWER.NS,development,2018-11-30,2018-12-13,-0.0483102531254199,-0.047348788142908674,-4830.086354594426,99980.5640027361,3399
RPOWER.NS,development,2019-02-05,2019-02-19,-0.3608829395978992,-0.3600113921504658,-36083.71830285072,99987.3209386282,5931
RPOWER.NS,development,2019-04-12,2019-04-30,-0.37486439069170585,-0.3739968948722776,-37484.57170925205,99995.01857214261,10357
RPOWER.NS,development,2019-05-02,2019-05-15,-0.059748366186715245,-0.05879026227777329,-5974.745364192614,99998.47268662334,16385
RPOWER.NS,development,2019-06-19,2019-07-02,-0.06687475328564486,-0.06591869321200464,-6687.279760092988,99997.07560085249,21494
RPOWER.NS,development,2019-07-22,2019-08-02,0.024874465587973956,0.02585690774277096,2487.394983775786,99997.92658775211,27383
RPOWER.NS,development,2019-08-23,2019-09-06,0.157953394159382,0.15897410412358964,15795.145559268587,99998.77269703102,35696
RPOWER.NS,development,2019-09-27,2019-10-14,-0.19820199658659682,-0.19728371474670467,-19820.154672763336,99999.77303005458,39196
RPOWER.NS,development,2019-12-13,2019-12-27,0.11207533405479109,0.11308285148393954,11207.362231322213,99998.47268662334,32770
RPOWER.NS,development,2020-01-09,2020-01-22,-0.2651616409447663,-0.2642626143319907,-26516.023931038693,99999.4714037919,35070
RVNL.NS,out_of_sample,2025-07-29,2025-08-11,-0.034902153839411365,-0.033936421619698606,-3485.954319587498,99877.914,282
RVNL.NS,out_of_sample,2025-09-01,2025-09-12,0.11334352209044317,0.11435252001883074,11302.660146712491,99720.38929312133,329
RVNL.NS,out_of_sample,2025-11-07,2025-11-20,0.0019241917988308333,0.0029007965291811895,192.04912457885115,99807.68273492432,314
RVNL.NS,out_of_sample,2026-03-05,2026-03-18,-0.031367549785122656,-0.0304003736244725,-3129.5861289285817,99771.45650097655,352
SAIL.NS,development,2017-05-26,2017-06-08,0.008024302098307923,0.009002112345149922,801.984828473032,99944.49593842507,1751
SAIL.NS,development,2017-09-26,2017-10-10,-0.002473830440779343,-0.0014992503748125728,-247.3761791109573,99997.22496462821,1755
SAIL.NS,development,2018-02-01,2018-02-15,0.028754973625452422,0.02973879595069553,2873.5403277952673,99931.94099999999,1116
SAIL.NS,development,2018-03-08,2018-03-21,-0.032661855842280076,-0.03169584500626861,-3265.1783464950386,99969.16165027999,1343
SAIL.NS,development,2018-05-24,2018-06-06,0.1135639712875983,0.11457199990194139,11353.866227900218,99977.713875,1443
SAIL.NS,development,2018-07-13,2018-07-26,-0.027561248180891625,-0.026593866593998202,-2755.9365632374074,99993.16958177948,1322
SAIL.NS,development,2018-10-01,2018-10-15,-0.018585998272601194,-0.017615894195860744,-1857.816542444145,99957.85618805695,1466
SAIL.NS,development,2018-11-26,2018-12-07,-0.1592181324120673,-0.15828862428289994,-15921.172069787508,99995.973,1652
SAIL.NS,development,2019-05-09,2019-05-22,-0.03842863045318876,-0.037464235168729106,-3841.2664990452263,99958.45425000001,1894
SAIL.NS,development,2019-08-05,2019-08-20,-0.1402869318823754,-0.13935194424175068,-14026.893376710485,99987.1704976158,2486
SAIL.NS,development,2019-08-22,2019-09-05,0.03420177620164704,0.03518692897501253,3419.865289979351,99990.8680127163,3193
SAIL.NS,development,2020-02-18,2020-03-03,-0.15514192423682702,-0.15421112972925308,-15509.143911540632,99967.45875,2351
SAIL.NS,development,2020-03-13,2020-03-26,-0.04625519314969737,-0.045293144367675585,-4624.7035053917525,99982.36285436439,4383
SAIL.NS,development,2020-09-22,2020-10-06,-0.0334918850976443,-0.03252617304801109,-3348.658380437177,99984.17140970992,2823
SAIL.NS,development,2021-01-25,2021-02-08,0.13509487538935394,0.13610920508307112,13502.79362163357,99950.45025,1679
SAIL.NS,development,2021-08-23,2021-09-03,0.0012079631922186514,0.002183719216571605,120.75761487322328,99967.959,819
SAIL.NS,development,2021-09-20,2021-10-01,0.03169908876314186,0.032683685623008746,3168.3223369215907,99949.95,900
SAIL.NS,development,2022-01-25,2022-02-08,0.045793649325653066,0.04678221301361746,4578.062454077414,99971.55766122437,1028
SAIL.NS,development,2022-05-11,2022-05-24,-0.12043373615754929,-0.11949307189116315,-12042.815896245911,99995.36907575226,1187
SAIL.NS,development,2022-06-17,2022-06-30,0.016822483752373416,0.017802668163406137,1681.9702449078427,99983.46675,1486
SAIL.NS,validation,2023-10-10,2023-10-23,-0.04325249340128694,-0.04228959152683517,-4324.599222957366,99984.96925563813,1150
SAIL.NS,validation,2023-10-25,2023-11-07,0.012974465515480944,0.01395377369298749,1296.4856366830868,99925.938,1189
SAIL.NS,validation,2024-06-05,2024-06-19,0.07849125896988421,0.07948945676607634,7842.370138759022,99913.92980163574,720
SAIL.NS,validation,2024-08-06,2024-08-20,-0.04647608665037414,-0.04551385507558348,-4643.930577691279,99920.8606487503,717
SAIL.NS,out_of_sample,2024-10-28,2024-11-08,0.049497706002060285,0.05048746936518332,4946.700978331569,99937.98456287384,889
SAIL.NS,out_of_sample,2025-01-14,2025-01-27,0.014606058622847987,0.015585901848693242,1459.2841920077085,99909.51218865966,982
SAIL.NS,out_of_sample,2025-07-31,2025-08-13,0.006047245257133174,0.007024561286072732,604.2766546350836,99925.938,812
SAIL.NS,out_of_sample,2026-06-11,2026-06-24,-0.04989715662773062,-0.04893595870715502,-4986.387140853902,99933.29235282897,555
SAMMAANCAP.NS,development,2016-11-10,2016-11-24,-0.08786298353264627,-0.08691157878722242,-8755.831903687753,99653.250454834,151
SAMMAANCAP.NS,development,2017-07-05,2017-07-18,0.08498568468985136,0.08598838499174309,8435.750781767154,99260.84390039062,106
SAMMAANCAP.NS,development,2018-05-04,2018-05-17,-0.07616333360822133,-0.07520926725733164,-7603.236496536291,99828.04239697265,88
SAMMAANCAP.NS,development,2018-05-22,2018-06-04,0.06351756160042518,0.06451439195927786,6300.056773311655,99186.06153277589,101
SAMMAANCAP.NS,development,2018-06-29,2018-07-12,-0.0032191853890196657,-0.0022408042351896255,-318.7112006479435,99003.68016549683,97
SAMMAANCAP.NS,development,2018-09-11,2018-09-26,-0.14181344952366573,-0.14087688332846843,-14108.394003902577,99485.58512109374,96
SAMMAANCAP.NS,development,2018-10-01,2018-10-15,0.10045645759976149,0.10146171099645138,10018.516749252338,99729.94259033204,130
SAMMAANCAP.NS,development,2018-10-22,2018-11-02,0.3105403861023969,0.3116052646666598,31031.381770554926,99927.04060180664,169
SAMMAANCAP.NS,development,2019-01-28,2019-02-08,-0.18022535636168052,-0.17930157061638013,-18007.45678373581,99916.33334655763,150
SAMMAANCAP.NS,development,2019-06-13,2019-06-26,-0.005482356704217058,-0.004507354843505084,-546.462774099403,99676.61784558106,182
SAMMAANCAP.NS,development,2019-07-31,2019-08-14,0.03940358647647523,0.04039191219932696,3923.5555492550207,99573.5642388153,211
SAMMAANCAP.NS,development,2019-09-20,2019-10-04,-0.391703958033063,-0.3908399901471093,-39040.15947867957,99667.513381073,278
SAMMAANCAP.NS,development,2019-10-07,2019-10-22,-0.11338665061122623,-0.1124438013421896,-11333.653831608559,99955.80406082154,457
SAMMAANCAP.NS,development,2020-02-04,2020-02-17,0.1808517361798612,0.18187927208728147,18074.075381326602,99938.63350778961,431
SAMMAANCAP.NS,development,2020-03-09,2020-03-23,-0.5812246254839194,-0.5804160545422231,-58058.51727815298,99889.98182899474,489
SAMMAANCAP.NS,development,2020-07-31,2020-08-13,0.06250718339088095,0.0635007865948132,6245.304787329646,99913.3931259613,561
SAMMAANCAP.NS,development,2020-09-22,2020-10-06,-0.019057889779745173,-0.018087822992635394,-1904.5175400616915,99933.28548294067,716
SAMMAANCAP.NS,development,2020-10-29,2020-11-11,0.12455189988214528,0.125563357860614,12444.036613361126,99910.45198937989,792
SAMMAANCAP.NS,development,2021-01-27,2021-02-09,0.0744056854939002,0.07540295548987125,7429.579342168837,99852.30688826751,551
SAMMAANCAP.NS,development,2021-04-13,2021-04-28,0.083418392315383,0.08441822270943271,8330.173759900266,99860.15707910157,651
SAMMAANCAP.NS,development,2021-08-11,2021-08-25,-0.12275526119948323,-0.12181479413472711,-12260.543182314126,99877.94463970185,441
SAMMAANCAP.NS,development,2021-09-22,2021-10-05,0.15029167605045654,0.15131061463511192,15012.774295518046,99890.92337008668,534
SAMMAANCAP.NS,development,2021-10-29,2021-11-12,0.07916620800638471,0.08016428935160466,7915.945728166229,99991.47271936799,527
SAMMAANCAP.NS,development,2021-11-23,2021-12-06,0.188242105570547,0.18927218328383563,18793.109811693597,99834.78326877594,547
SAMMAANCAP.NS,development,2022-02-09,2022-02-22,-0.1589780683927262,-0.15804817947247038,-15884.79037129019,99918.12412797546,563
SAMMAANCAP.NS,development,2022-02-23,2022-03-09,-0.12305417453973633,-0.1221137229645094,-12288.236331346809,99860.37757198334,655
SAMMAANCAP.NS,development,2022-05-12,2022-05-25,0.010346999470260628,0.011325529751739448,1033.9911676001107,99931.49903718567,1028
SAMMAANCAP.NS,development,2022-06-14,2022-06-27,0.021013475094797205,0.021994908567771674,2100.770129819304,99972.52336142349,1099
SAMMAANCAP.NS,validation,2022-09-26,2022-10-10,0.08796243645122657,0.08896316612653034,8792.885531295287,99961.82331955718,958
SAMMAANCAP.NS,validation,2023-01-27,2023-02-09,-0.057863813647710025,-0.056905066583883855,-5784.8300111995,99973.18957265854,895
SAMMAANCAP.NS,validation,2023-02-23,2023-03-09,0.020740487077791376,0.02172175460447262,2073.931933836352,99994.3697588997,1043
SAMMAANCAP.NS,validation,2023-10-05,2023-10-18,0.003939386581538912,0.004916385984424915,393.3624393009852,99853.72878721618,654
SAMMAANCAP.NS,validation,2023-10-25,2023-11-07,0.0706869537575811,0.07168282247684568,7064.105335522415,99935.06524200439,696
SAMMAANCAP.NS,validation,2024-01-24,2024-02-07,0.11196655805856957,0.11297466605736235,11179.110686274606,99843.30035783387,599
SAMMAANCAP.NS,validation,2024-03-14,2024-03-28,0.047016433509912484,0.04800544317171128,4699.198629476629,99948.00282939148,623
SAMMAANCAP.NS,validation,2024-05-10,2024-05-24,0.07221342754716698,0.07320965560230601,7218.089577022014,99954.9505153656,650
SAMMAANCAP.NS,validation,2024-06-05,2024-06-19,0.1678410936064729,0.16886494998615917,16771.207833753102,99923.13249028014,673
SBICARD.NS,development,2022-10-31,2022-11-14,-0.013816845672446485,-0.012845141564603937,-1380.314308379798,99900.82694000244,122
SBICARD.NS,development,2023-01-27,2023-02-09,0.050776150087097655,0.05176612460118131,5076.450556479898,99977.06694525147,139
SBICARD.NS,development,2023-06-27,2023-07-11,-0.025728918630843596,-0.024761002904716587,-2572.669877291816,99991.37212893677,117
SBICARD.NS,validation,2024-10-08,2024-10-21,-0.01886366081333069,-0.017891628506559044,-1876.1590725720982,99458.90626098633,136
SBICARD.NS,validation,2024-10-29,2024-11-11,0.026598189304902715,0.02758253870341253,2650.4138136125325,99646.40010754396,148
SBICARD.NS,out_of_sample,2025-07-29,2025-08-11,-0.04591881629956874,-0.044953951350199514,-4560.084045545734,99307.52604327393,119
SBICARD.NS,out_of_sample,2026-01-27,2026-02-09,-0.009531924791589954,-0.008557410263511799,-948.5097257006687,99508.7295,129
SBICARD.NS,out_of_sample,2026-04-02,2026-04-17,0.09891255035307232,0.09991722418255104,9867.877354789673,99763.65304064943,158
SBICARD.NS,out_of_sample,2026-06-09,2026-06-22,0.08465779220873325,0.08565765833157053,8460.712394928662,99940.14932574464,173
SBILIFE.NS,development,2020-09-01,2020-09-14,0.03636523699055549,0.037351476516713215,3631.9748624734925,99874.9125,121
SBILIFE.NS,development,2020-10-26,2020-11-06,0.031333619742548044,0.03232093630604049,3109.8492259999966,99249.6,128
SBILIFE.NS,development,2021-01-27,2021-02-09,0.02451877578468816,0.025502878653622628,2441.0710100690217,99559.2533454895,115
SBILIFE.NS,development,2021-10-26,2021-11-09,0.0610685772519727,0.062061700427319344,6102.5792606749965,99929.94,88
SBILIFE.NS,validation,2024-10-09,2024-10-22,-0.030970183465232573,-0.030002560000963633,-3087.3764677365807,99688.67220959473,57
SBILIFE.NS,out_of_sample,2024-11-29,2024-12-12,-0.009051940284141862,-0.008077445327266945,-901.1002793687427,99547.749,69
SBIN.NS,development,2017-09-25,2017-10-09,-0.020224286776212914,-0.01925459412774624,-2021.2748112757047,99942.94649999999,382
SBIN.NS,development,2017-12-29,2018-01-11,-0.0275906452940183,-0.02662277830496288,-2755.475262355531,99869.90999999999,322
SBIN.NS,development,2018-03-08,2018-03-21,0.0015668821166740657,0.0025432627815646933,156.434210675001,99837.894,404
SBIN.NS,development,2018-03-26,2018-04-10,0.11892689540239669,0.1199371041004558,11871.120289525705,99818.63437500001,425
SBIN.NS,development,2018-09-11,2018-09-26,-0.08411048947056379,-0.08315843644679377,-8390.888280435944,99760.30734397889,347
SBIN.NS,development,2019-02-15,2019-02-28,-0.001732135776882436,-0.0007565244596294524,-172.85541347784414,99793.22394053651,371
SBIN.NS,development,2019-08-05,2019-08-20,-0.05180862185781478,-0.05084716612143664,-5166.984999247616,99732.14522918701,334
SBIN.NS,development,2020-03-11,2020-03-24,-0.2778703931408381,-0.27697496330374755,-27782.862227398924,99984.9675,395
SBIN.NS,development,2020-05-06,2020-05-19,-0.10949882023621692,-0.1085543498050626,-10931.304088587749,99830.33666487123,583
SBIN.NS,development,2021-04-13,2021-04-28,0.09193545634228781,0.09293724795008482,9191.887670209104,99981.966,301
SBIN.NS,development,2021-08-23,2021-09-03,0.04681744420541136,0.047806399656137595,4679.274806627964,99947.25013389588,243
SBIN.NS,development,2022-03-08,2022-03-22,0.12446764932847963,0.12547906912941761,12436.05225120556,99913.932,228
SBIN.NS,validation,2023-01-30,2023-02-10,0.02927801793527844,0.030262737670671655,2920.360726713557,99745.848,186
SBIN.NS,out_of_sample,2024-09-10,2024-09-23,0.01506822817243444,0.01605050978362541,1496.842285904063,99337.644,126
SBIN.NS,out_of_sample,2025-01-14,2025-01-27,0.01965617777234217,0.020638189984252677,1960.3310961029172,99731.04226098633,136
SBIN.NS,out_of_sample,2026-05-12,2026-05-25,-0.009934367298272174,-0.008960714235001459,-990.393082000943,99693.62439147949,102
SHREECEM.NS,development,2017-11-21,2017-12-04,-0.034838654806150275,-0.03381646263921616,-3049.906486685918,87543.75,5
SHREECEM.NS,development,2018-01-31,2018-02-14,-0.029336482293722873,-0.028306808554721712,-2535.499138954722,86428.1925,5
SHREECEM.NS,development,2018-05-11,2018-05-24,-0.004158092572199969,-0.0031726877446693344,-404.36868131684594,97248.6,6
SHREECEM.NS,development,2018-06-22,2018-07-05,0.07102830269316383,0.07205935259934244,6526.344515324869,91883.71772753907,6
SHREECEM.NS,development,2019-01-15,2019-01-28,-0.03132952182647282,-0.030333350084030555,-2915.102352626903,93046.5,6
SHREECEM.NS,development,2019-08-22,2019-09-05,-0.059684819155004884,-0.05869846925039857,-5575.080349622739,93408.68295410156,5
SHREECEM.NS,development,2020-07-27,2020-08-07,0.01887417489507084,0.019920870731010572,1620.210072366393,85842.6967734375,4
SHREECEM.NS,development,2020-09-01,2020-09-14,-0.03475595171324794,-0.033701863919622134,-2844.3192752499967,81836.898,4
SHREECEM.NS,development,2020-09-25,2020-10-09,0.1498436316349955,0.1508967806285261,13786.135378953137,92003.47875,5
SHREECEM.NS,development,2021-08-12,2021-08-26,-0.007954671380586606,-0.006882523889038631,-637.4877621737795,80140.04999999999,3
SHREECEM.NS,development,2021-10-07,2021-10-21,-0.023296302262632195,-0.022255207459866994,-1972.2022242605995,84657.3075,3
SHREECEM.NS,development,2022-01-24,2022-02-07,-0.015170527098294792,-0.014070370809604668,-1146.6729793032632,75585.57272753907,3
SHREECEM.NS,development,2022-06-07,2022-06-20,-0.07283035982756078,-0.07187239257060035,-7217.526646629523,99100.52159179687,5
SHREECEM.NS,validation,2023-01-27,2023-02-09,0.03973544562546084,0.04077122855528169,3539.4236226948196,89074.7182265625,4
SHREECEM.NS,validation,2023-04-24,2023-05-08,0.01922804864339164,0.020224486923348363,1850.5245773451195,96240.8932734375,4
SHREECEM.NS,validation,2023-06-28,2023-07-12,0.006284923259251139,0.00727760819109675,604.9119223487296,96248.1,4
SHREECEM.NS,validation,2023-07-24,2023-08-04,0.041563019857017096,0.04258108099102403,3858.976766852552,92846.4,4
SHREECEM.NS,validation,2024-01-08,2024-01-19,-0.014907120728082092,-0.013842209954002302,-1207.322146217603,80989.62691992188,3
SHREECEM.NS,validation,2024-03-07,2024-03-21,0.018068779336637333,0.019051470836663458,1796.9310123388684,99449.4967734375,4
SHREECEM.NS,validation,2024-08-08,2024-08-22,-0.0041041233109453705,-0.002997982436551201,-308.5790792509534,75187.57500000001,3
SHREECEM.NS,out_of_sample,2025-05-05,2025-05-16,0.07487265146752346,0.0759236945944206,6593.585927562501,88064.01,3
SHREECEM.NS,out_of_sample,2025-06-24,2025-07-07,0.0797928851373136,0.08085490924278595,6881.984936093751,86248.10250000001,3
SHREECEM.NS,out_of_sample,2025-11-04,2025-11-18,-0.06206081293717199,-0.06102901565768099,-5233.411016218746,84327.1425,3
SHREECEM.NS,out_of_sample,2026-03-10,2026-03-23,-0.05255872714765919,-0.05158079267576243,-5032.385123125,95747.85,4
SHREECEM.NS,out_of_sample,2026-08-14,2026-08-27,-0.03342509966150471,-0.03233181509007969,-2534.2205293750017,75817.89,3
SHRIRAMFIN.NS,development,2016-11-10,2016-11-24,-0.1305952431389463,-0.1296568128051478,-13036.493149489985,99823.64469140624,512
SHRIRAMFIN.NS,development,2017-03-03,2017-03-17,0.1838504029739696,0.1848785821852774,18383.816903581544,99993.34571044923,576
SHRIRAMFIN.NS,development,2017-05-25,2017-06-07,0.06094911644789612,0.06194222651133487,6090.318428388922,99924.6385071945,545
SHRIRAMFIN.NS,development,2018-01-31,2018-02-14,-0.006088572498584364,-0.005114995725207544,-608.7852082748609,99988.16773823548,379
SHRIRAMFIN.NS,development,2018-05-11,2018-05-24,-0.011874174634047704,-0.010901437939366774,-1184.8378992344997,99782.75844429017,343
SHRIRAMFIN.NS,development,2018-06-06,2018-06-19,0.059618153977404414,0.06061102632264348,5955.165336498429,99888.45576727294,371
SHRIRAMFIN.NS,development,2018-06-28,2018-07-11,-0.12062000180075481,-0.11967838511670367,-12031.19371386309,99744.59902377319,374
SHRIRAMFIN.NS,development,2018-09-07,2018-09-24,-0.06414114752255401,-0.06318347299641132,-6400.676937002515,99790.49618268583,423
SHRIRAMFIN.NS,development,2018-10-04,2018-10-17,-0.09577535711151298,-0.09482755408204058,-9575.956844838964,99983.51490028383,462
SHRIRAMFIN.NS,development,2019-01-22,2019-02-04,-0.07996846147895303,-0.07901560556760169,-7985.409086615549,99856.9803511505,461
SHRIRAMFIN.NS,development,2019-04-30,2019-05-14,-0.10418802496091002,-0.10324244452392838,-10411.966004879654,99934.38313842773,452
SHRIRAMFIN.NS,development,2019-07-24,2019-08-06,0.007990342822180259,0.008968025292876068,798.8262610214888,99973.96592346956,527
SHRIRAMFIN.NS,development,2020-01-21,2020-02-03,-0.07988040941066643,-0.07892734582877033,-7972.988062749303,99811.55732139587,478
SHRIRAMFIN.NS,development,2020-02-04,2020-02-17,0.2096582537654766,0.21069396444867303,20958.69059722241,99965.96948034667,486
SHRIRAMFIN.NS,development,2020-03-13,2020-03-26,-0.1484774059702571,-0.14754469357956068,-14842.861373689995,99967.13827734375,672
SHRIRAMFIN.NS,development,2020-08-06,2020-08-19,0.06719955331578462,0.06819416403092596,6719.873131025054,99998.77676934814,776
SHRIRAMFIN.NS,development,2020-09-11,2020-09-24,-0.111520651467919,-0.11057719162335565,-11145.077541068427,99937.34249547958,789
SHRIRAMFIN.NS,development,2020-09-25,2020-10-09,0.11811426161999168,0.11912382542104087,11802.11130904283,99921.13693275832,873
SHRIRAMFIN.NS,development,2020-12-23,2021-01-06,0.27363625159753974,0.27469089912582223,27317.602185704418,99831.80966052244,532
SHRIRAMFIN.NS,development,2021-03-01,2021-03-15,-0.024198363811748867,-0.023229047097544957,-2413.831581393365,99751.851,382
SHRIRAMFIN.NS,development,2021-06-21,2021-07-02,0.0028294603854521825,0.0038064452606349436,282.3175135330354,99777.86399999999,368
SHRIRAMFIN.NS,development,2021-08-11,2021-08-25,-0.010017420773260914,-0.009044666113231944,-1000.8538157200477,99911.32831233217,391
SHRIRAMFIN.NS,development,2021-12-20,2021-12-31,-0.028827486985409215,-0.027859694542377095,-2876.9795977079666,99799.875,399
SHRIRAMFIN.NS,development,2022-02-25,2022-03-11,-0.024530914098372467,-0.02356182428186571,-2447.8051238469734,99784.50513629151,447
SHRIRAMFIN.NS,validation,2022-09-26,2022-10-10,-0.013703853709106548,-0.012731986569871958,-1368.580263587078,99868.27739394378,419
SHRIRAMFIN.NS,validation,2024-03-18,2024-04-02,0.08608618715988703,0.08708738884192545,8583.63908706052,99709.83,220
SHRIRAMFIN.NS,validation,2024-07-26,2024-08-08,0.058912394555176745,0.059906130380506024,5869.042548132837,99623.22177612304,184
SHRIRAMFIN.NS,out_of_sample,2024-10-28,2024-11-08,-0.05170855437786189,-0.05074572634355447,-5139.792706966641,99399.27288253784,157
SHRIRAMFIN.NS,out_of_sample,2024-11-13,2024-11-28,0.03608416863887971,0.037071083253661284,3597.115819989117,99686.81434753418,170
SHRIRAMFIN.NS,out_of_sample,2025-01-13,2025-01-24,-0.0073714155889194775,-0.006397048000231741,-734.9244022314846,99699.22240393067,188
SHRIRAMFIN.NS,out_of_sample,2025-07-28,2025-08-08,-0.012523874580193666,-0.011551464612325065,-1250.1028514776958,99817.57989294433,162
SHRIRAMFIN.NS,out_of_sample,2025-08-29,2025-09-11,0.0842241972968123,0.08522415007251108,8412.937664269308,99887.41875,175
SIEMENS.NS,development,2016-10-28,2016-11-11,-0.051919818750923254,-0.05095693280147407,-5159.271223238197,99369.9775415039,144
SIEMENS.NS,development,2018-03-08,2018-03-21,0.00613891512266164,0.007117215633463285,611.9725021934405,99687.40240997313,155
SIEMENS.NS,development,2018-05-07,2018-05-18,0.006952386937474183,0.00793159762592385,691.8996653024338,99519.72919876098,165
SIEMENS.NS,development,2018-06-29,2018-07-12,0.021546103968163113,0.022528432182057027,2150.0346412684735,99787.62956149293,177
SIEMENS.NS,development,2019-02-18,2019-03-01,0.04470102091514326,0.045690675497270315,4453.196500443609,99621.80749511719,176
SIEMENS.NS,development,2019-08-02,2019-08-19,0.044079768517956135,0.045069615091921617,4387.257374850258,99529.95495117188,152
SIEMENS.NS,development,2019-11-21,2019-12-04,-0.042586623386056885,-0.041619936558979324,-4220.126686041331,99095.12308090209,109
SIEMENS.NS,development,2021-09-21,2021-10-04,0.04618638969652887,0.04717594367443556,4607.225787524003,99752.88862792967,80
SIEMENS.NS,validation,2023-10-05,2023-10-18,-0.010036696998898068,-0.009061079624677237,-995.6486680640986,99200.82953320313,48
SIEMENS.NS,validation,2024-07-19,2024-08-01,-0.0160706896521485,-0.015084453965582419,-1546.8483525891402,96252.76737158203,23
SIEMENS.NS,out_of_sample,2024-09-10,2024-09-23,0.04869453671087181,0.04969660695164294,4718.663285346187,96903.34078674317,25
SIEMENS.NS,out_of_sample,2025-02-04,2025-02-17,-0.08461402923610933,-0.08366111589580807,-8420.02039427427,99510.92591015625,32
SIEMENS.NS,out_of_sample,2025-11-10,2025-11-21,0.043617636877754454,0.0446173372944366,4236.028490021384,97117.3312734375,32
SJVN.NS,out_of_sample,2025-06-20,2025-07-03,0.04598296948300061,0.04697160929986419,4596.740041757822,99966.14167028046,1066
SJVN.NS,out_of_sample,2025-10-28,2025-11-11,-0.0728725364601848,-0.07191798823872046,-7283.163365337863,99943.87075187301,1129
SJVN.NS,out_of_sample,2025-11-12,2025-11-25,-0.06393764194492699,-0.06298062850904071,-6391.840784413029,99969.9174066925,1204
SJVN.NS,out_of_sample,2025-12-09,2025-12-22,0.021342935727044543,0.02232458439263109,2133.0652067173537,99942.44625,1402
SOLARINDS.NS,out_of_sample,2025-07-14,2025-07-25,-0.060519571235756575,-0.059529001732899774,-5594.804386375,92446.20000000001,6
SOLARINDS.NS,out_of_sample,2025-11-07,2025-11-20,0.03777123444323441,0.03878329291729981,3547.358570075007,93916.935,7
SOLARINDS.NS,out_of_sample,2025-12-04,2025-12-17,-0.08498482067748148,-0.08399049950915535,-7665.467356806256,90198.0765,7
SOLARINDS.NS,out_of_sample,2026-06-17,2026-06-30,0.10360071655803267,0.10467897597446625,8758.119416843756,84537.2475,5
SONACOMS.NS,validation,2025-06-18,2025-07-01,-0.01100068136081289,-0.010028123641121307,-1098.8571810770907,99889.92,208
SONACOMS.NS,validation,2025-07-14,2025-07-25,-0.0036431603870187095,-0.002667682765374147,-363.1860032130255,99689.82,212
SONACOMS.NS,out_of_sample,2025-09-23,2025-10-07,-0.02474805379008694,-0.0237798743953269,-2474.705718596081,99995.973,236
SOUTHBANK.NS,development,2016-11-23,2016-12-06,0.019122111904254335,0.020102927359388206,1912.039759244398,99991.03492428588,5308
SOUTHBANK.NS,development,2016-12-27,2017-01-09,0.10551220428211885,0.10651787741383556,10549.921681152096,99987.69102523613,5826
SOUTHBANK.NS,development,2018-02-05,2018-02-19,-0.04197146539007798,-0.04100821912083512,-4196.767442485536,99990.96775586129,3595
SOUTHBANK.NS,development,2018-03-08,2018-03-21,-0.030878305080176055,-0.029911903858336076,-3087.823605193701,99999.77645068645,4063
SOUTHBANK.NS,development,2018-03-26,2018-04-10,0.13505784014124916,0.13607198094678244,13505.105010833606,99994.9725,4442
SOUTHBANK.NS,development,2018-05-25,2018-06-07,0.01597354366633919,0.01695348833560836,1597.0727173795285,99982.36776633453,4104
SOUTHBANK.NS,development,2018-06-28,2018-07-11,-0.0024738314466962114,-0.0014992503748125709,-247.3756576187477,99996.9735,4492
SOUTHBANK.NS,development,2018-07-24,2018-08-06,-0.015963245536092026,-0.014992503748125928,-1596.1165285749992,99986.9685,5402
SOUTHBANK.NS,development,2018-08-24,2018-09-06,-0.04228855778393201,-0.0413254277212041,-4228.738185665458,99997.21927788734,5695
SOUTHBANK.NS,development,2018-09-11,2018-09-26,-0.12574720989675453,-0.12480808652794217,-12574.54200084258,99998.57659797765,6021
SOUTHBANK.NS,development,2018-09-28,2018-10-12,-0.07533616693712711,-0.0743825177855109,-7532.974027834893,99991.46935789347,7295
SOUTHBANK.NS,development,2019-01-22,2019-02-04,-0.07277060008970794,-0.07181620551826905,-7276.300899322226,99989.56845693683,7038
SOUTHBANK.NS,development,2019-05-13,2019-05-24,0.022481533766677546,0.02346329557280342,2248.062843531276,99995.973,7139
SOUTHBANK.NS,development,2019-08-23,2019-09-06,0.03555333012776084,0.0365388371444509,3555.3143383894344,99999.47475000001,9519
SOUTHBANK.NS,development,2020-03-03,2020-03-17,-0.31131343297096387,-0.3104276736318301,-31130.775526001238,99998.17620752908,11044
SOUTHBANK.NS,development,2020-03-18,2020-03-31,-0.11165348855570592,-0.11071031287415768,-11165.212179429642,99998.77589009785,15617
SOUTHBANK.NS,development,2020-05-06,2020-05-19,-0.11731258237011959,-0.11637103294575016,-11731.07944535054,99998.4759378934,17690
SOUTHBANK.NS,development,2020-05-20,2020-06-03,0.3204776893762169,0.32154513451027045,32047.696198818026,99999.77303005458,19598
SRF.NS,development,2016-11-16,2016-11-29,-0.06142414650819743,-0.06046557551123912,-6127.786858873695,99761.856,304
SRF.NS,development,2017-02-15,2017-03-01,-0.02380825302027223,-0.02283914790157575,-2376.835939072409,99832.43781257629,315
SRF.NS,development,2017-05-24,2017-06-06,0.012132384772515282,0.013111381822544748,1212.5487560093566,99943.15039828491,311
SRF.NS,development,2017-08-10,2017-08-24,0.012428997258094338,0.013408397286175922,1241.208226285588,99863.90699999999,349
SRF.NS,development,2018-01-29,2018-02-09,0.007771458120915922,0.008749363022872719,776.3898799147514,99902.72968533327,269
SRF.NS,development,2018-05-21,2018-06-01,-0.031228492160853816,-0.030261249483187563,-3115.506070367448,99764.8575,259
SRF.NS,development,2018-06-25,2018-07-06,-0.013735125744285794,-0.012762908569295536,-1370.4752203347443,99778.86230163575,300
SRF.NS,development,2018-07-20,2018-08-02,0.06954877785854147,0.07054443602621396,6948.335193223438,99905.928,316
SRF.NS,development,2018-10-01,2018-10-15,0.022282589092970772,0.023265121319455333,2223.5699333794487,99789.56772491454,290
SRF.NS,development,2018-12-27,2019-01-09,0.028448075271151563,0.029433073153731944,2833.926143067602,99617.50016674805,252
SRF.NS,development,2022-05-10,2022-05-23,0.008923438312207214,0.009909080012317063,875.2913190748595,98089.01999999999,43
SRF.NS,development,2022-07-06,2022-07-19,0.13981608990618308,0.1408396738527861,13704.351447276907,98016.984,48
SRF.NS,validation,2022-11-09,2022-11-22,-0.0662539536667156,-0.06528893067605386,-6482.876486939088,97848.9,40
SRF.NS,validation,2023-06-13,2023-06-26,-0.010543134751828456,-0.009567133669008639,-1044.516863390884,99070.80654638672,42
SRF.NS,validation,2023-07-11,2023-07-24,-0.023286970804651513,-0.022312703210680466,-2296.0784382848055,98599.275,45
SRF.NS,validation,2024-01-10,2024-01-24,-0.013728203934180486,-0.01275454820374173,-1364.894915956093,99422.6865,43
SRF.NS,validation,2024-05-09,2024-05-23,-0.017639154704804313,-0.016662321884464416,-1735.1841273702128,98371.16100000001,42
SRF.NS,validation,2024-07-22,2024-08-02,0.08712664887033089,0.08812861335176775,8677.358772927986,99594.77249999999,43
SRF.NS,out_of_sample,2024-10-07,2024-10-18,-0.012947951869069036,-0.011971388022545739,-1278.7923140951614,98764.06145361329,42
SRF.NS,out_of_sample,2025-05-15,2025-05-28,0.005294530683343216,0.006280338940584056,517.7991444839478,97798.875,34
SRF.NS,out_of_sample,2025-08-08,2025-08-22,0.00841400058131519,0.009399146580555797,826.0282007374922,98173.062,34
SRF.NS,out_of_sample,2026-01-22,2026-02-05,0.08019980552586657,0.0812007367327129,7968.46452830634,99357.65400000001,37
STAR.NS,development,2016-10-28,2016-11-11,0.1306917948038859,0.1317051072109893,13054.584820731756,99888.32765148926,114
STAR.NS,development,2017-03-30,2017-04-13,-0.009694899531450307,-0.00872111081013721,-966.3588522068983,99677.0362675781,96
STAR.NS,development,2017-05-05,2017-05-18,-0.019753905977067904,-0.018782307789930657,-1965.572070740106,99502.95769464111,102
STAR.NS,development,2017-05-22,2017-06-02,-0.041120551667865074,-0.04015415381272598,-4082.030056362535,99269.82714953613,107
STAR.NS,development,2017-08-14,2017-08-29,0.03385948419943438,0.034846166931895614,3371.9173704593795,99585.60947351073,122
STAR.NS,development,2017-11-08,2017-11-21,0.049150263807217605,0.05014079516140427,4901.353130082132,99721.80717700196,136
STAR.NS,development,2018-01-29,2018-02-09,-0.07184898134527702,-0.07089186878984798,-7140.378451359606,99380.37140771485,134
STAR.NS,development,2018-05-04,2018-05-17,-0.16931220731830685,-0.1683844537910254,-16882.091408633132,99709.83,165
STAR.NS,development,2018-05-21,2018-06-01,0.006801746801536375,0.007779978610631386,678.486833486583,99751.851,261
STAR.NS,development,2018-07-17,2018-07-30,0.09583448910908078,0.09683796344789142,9568.296930980441,99841.89429016113,280
STAR.NS,development,2018-12-11,2018-12-24,0.09101895369475421,0.0920206019061949,9097.521999769342,99951.951,239
STAR.NS,development,2019-02-06,2019-02-20,-0.04551530665327195,-0.04455211508681013,-4540.176823252341,99750.5489271698,233
STAR.NS,development,2019-05-15,2019-05-28,-0.032830421275197745,-0.03186284334341603,-3268.8349597625875,99567.25600204467,225
STAR.NS,development,2019-07-08,2019-07-19,-0.0644927889534078,-0.06353545007866895,-6439.534002683526,99848.8995,269
STAR.NS,development,2019-09-25,2019-10-10,-0.09096520241986394,-0.0900157854906227,-9089.783177164774,99925.938,287
STAR.NS,development,2019-12-12,2019-12-26,0.0026155952256837665,0.003592349799732185,261.08840584953293,99819.88164138794,275
STAR.NS,development,2020-03-17,2020-03-30,-0.07956331536710978,-0.07860978180931195,-7933.841672718589,99717.33374999999,291
STAR.NS,validation,2023-01-31,2023-02-13,-0.002640260688177917,-0.0016656726325943835,-263.9818937805408,99983.26868348694,333
SUNPHARMA.NS,development,2016-11-07,2016-11-21,0.018713708899176444,0.019696698411669298,1860.5484900693261,99421.686,147
SUNPHARMA.NS,development,2016-12-20,2017-01-02,-0.003968252296303689,-0.002993089588787082,-395.81272013633634,99744.8475,157
SUNPHARMA.NS,development,2017-02-02,2017-02-15,-0.007496757701992775,-0.006522089208196666,-746.7939029019418,99615.58484188843,159
SUNPHARMA.NS,development,2017-04-24,2017-05-08,0.0009049744213684426,0.001881538584484866,90.26653565079606,99744.8475,157
SUNPHARMA.NS,development,2017-05-26,2017-06-08,-0.1068423012994192,-0.10589719117761169,-10669.411270703564,99861.30157196046,169
SUNPHARMA.NS,development,2017-08-01,2017-08-14,-0.11484898991260674,-0.1139045991700459,-11423.829630696182,99468.2638427124,187
SUNPHARMA.NS,development,2018-02-02,2018-02-16,0.039570354649191605,0.04055716706863972,3955.5300503468866,99961.95599999999,181
SUNPHARMA.NS,development,2018-05-11,2018-05-24,-0.06541849727857954,-0.06446138044861759,-6531.244996938112,99837.894,202
SUNPHARMA.NS,development,2018-07-17,2018-07-30,0.049207647667525604,0.05019884860340696,4899.101345905171,99559.755,186
SUNPHARMA.NS,development,2018-11-15,2018-11-29,-0.07437680767265545,-0.07342192140981632,-7419.224236818383,99751.851,191
SUNPHARMA.NS,development,2018-12-06,2018-12-19,0.016242217075392983,0.01722260938082838,1622.4337642836394,99889.92000000001,240
SUNPHARMA.NS,development,2019-01-21,2019-02-01,0.08235223806012278,0.08335153977597423,8228.267871789314,99915.53436328124,256
SUNPHARMA.NS,development,2019-05-14,2019-05-27,0.01915947350785533,0.020140511092872782,1914.7640836501841,99938.24114556886,246
SUNPHARMA.NS,development,2019-06-12,2019-06-25,-0.015877927208321655,-0.014906229749575225,-1583.9002866718633,99754.8525,255
SUNPHARMA.NS,development,2019-10-01,2019-10-16,0.02630312060146754,0.027286388195411408,2627.5350358556725,99894.42225,257
SUNPHARMA.NS,development,2020-02-27,2020-03-12,-0.05624509753767864,-0.0552851899245689,-5613.253703623136,99799.875,266
SUNPHARMA.NS,development,2020-09-09,2020-09-22,0.021326447633647487,0.02230807352342369,2131.513363328112,99946.9485,201
SUNPHARMA.NS,validation,2023-05-18,2023-05-31,0.03176650536692031,0.03275469964948778,3146.9332091700667,99064.50749999999,105
SUNPHARMA.NS,out_of_sample,2025-02-24,2025-03-10,-0.013654006284313307,-0.012680498223046788,-1358.088326064063,99464.457375,61
SUNPHARMA.NS,out_of_sample,2025-09-02,2025-09-15,0.02046838319510703,0.02145478984645609,2020.3794341375008,98707.329,63
SUNPHARMA.NS,out_of_sample,2026-04-13,2026-04-27,0.044933997616483486,0.045924843760944974,4463.907263364973,99343.64846557617,60
SUNTV.NS,development,2016-11-10,2016-11-24,-0.13494576156566104,-0.13400916101343893,-13490.25300218298,99967.96376312256,195
SUNTV.NS,development,2017-05-24,2017-06-06,-0.008689900415875739,-0.007716990845665678,-868.7116084883488,99967.959,122
SUNTV.NS,development,2017-07-28,2017-08-10,-0.14586734713469457,-0.1449317004325815,-14502.81540532103,99424.6875,125
SUNTV.NS,development,2017-08-11,2017-08-28,0.076568239233827,0.07756755106609586,7618.518747499997,99499.725,150
SUNTV.NS,development,2018-02-05,2018-02-19,-0.06551906367542643,-0.06456082890239948,-6522.619620588768,99553.0041897583,105
SUNTV.NS,development,2018-02-20,2018-03-06,0.03763333352996781,0.03862007021761371,3757.383372432359,99841.89600000001,112
SUNTV.NS,development,2018-06-19,2018-07-02,-0.10862750236000775,-0.10768265901926272,-10841.011157090978,99799.875,114
SUNTV.NS,development,2018-07-17,2018-07-30,0.03572815982348582,0.03671669405385695,3546.4113466232675,99260.95729934692,133
SUNTV.NS,development,2018-09-05,2018-09-19,-0.09238471244822363,-0.09143362431333164,-9183.934701369928,99409.68000000001,138
SUNTV.NS,development,2018-12-06,2018-12-19,0.04198039301045863,0.04296982955143732,4176.294224661715,99482.01827508544,174
SUNTV.NS,development,2019-01-21,2019-02-01,0.013050311885988375,0.014030912768136037,1299.9386958946868,99609.77999999998,190
SUNTV.NS,development,2019-05-09,2019-05-22,0.05163228459492282,0.052622605891800275,5160.747460037291,99951.94867950439,190
SUNTV.NS,development,2019-07-08,2019-07-19,-0.06630876977764305,-0.0653520992403496,-6623.272371138933,99885.31522073364,203
SUNTV.NS,development,2019-12-19,2020-01-02,-0.023186215926711325,-0.022216861425573126,-2314.329386486977,99814.88112602234,225
SUNTV.NS,development,2020-01-07,2020-01-20,0.10430341684982901,0.10530898965192376,10422.61676532417,99925.93800000001,232
SUNTV.NS,development,2020-03-02,2020-03-16,-0.16477193493633535,-0.16384373953590747,-16464.825300267377,99924.9375,235
SUNTV.NS,development,2020-07-16,2020-07-29,0.016308302967498023,0.01728831348164844,1630.6667244710384,99989.97,263
SUNTV.NS,development,2020-10-16,2020-10-29,-0.03332354989361995,-0.03235696200366876,-3324.9526760861013,99777.86540451049,230
SUNTV.NS,development,2021-03-18,2021-04-01,0.029506602915438065,0.030491563489910077,2941.876950404207,99702.32625,215
SUNTV.NS,development,2021-08-23,2021-09-03,0.014283479646307953,0.015263158260066053,1427.3115374933097,99927.43875,207
SUNTV.NS,development,2022-05-13,2022-05-26,0.004225440507650416,0.005202944094688173,421.4821889689388,99748.6979655304,239
SUNTV.NS,validation,2022-11-15,2022-11-28,-0.030593052060650182,-0.029624619820752304,-3044.468611668822,99515.03385910034,198
SUNTV.NS,validation,2024-01-24,2024-02-07,0.030692074865623174,0.03167670295554099,3065.214754543048,99869.90999999999,161
SUNTV.NS,out_of_sample,2025-02-11,2025-02-24,-0.040409963977318664,-0.03944420810235619,-4019.931106589297,99478.71046966553,165
SUNTV.NS,out_of_sample,2025-05-08,2025-05-21,0.06142322976768554,0.06241800428202409,6114.3598978587415,99544.74750000001,165
SUPREMEIND.NS,out_of_sample,2025-10-27,2025-11-10,-0.028500599276872953,-0.02753069309174134,-2830.0988204687555,99299.625,25
SUPREMEIND.NS,out_of_sample,2025-11-24,2025-12-05,-0.036352730304113096,-0.03537871483842724,-3553.655807027221,97754.853,28
SUPREMEIND.NS,out_of_sample,2026-06-30,2026-07-13,0.033084300423299295,0.034069628930510534,3304.023392868256,99866.80542114258,31
SUZLON.NS,development,2017-08-04,2017-08-18,-0.04746378461895518,-0.04650211850765793,-4745.957609735789,99991.1331942215,6132
SUZLON.NS,development,2017-11-16,2017-11-29,0.07946909395828325,0.08046724466607574,7946.584083515715,99995.90642982817,8123
SUZLON.NS,development,2018-02-05,2018-02-19,-0.028644254351934708,-0.027677174395304933,-2864.1594674232942,99990.71479512405,8153
SUZLON.NS,development,2018-03-08,2018-03-21,-0.019834039386165403,-0.018864443947195327,-1983.3098969785535,99995.25857359887,9465
SUZLON.NS,development,2018-04-27,2018-05-11,-0.0911002493383874,-0.09015116208523709,-9109.89483885106,99998.57195794057,10173
SUZLON.NS,development,2018-05-15,2018-05-28,0.11940098351721519,0.1204106105914182,11939.828999388968,99997.74413639975,12657
SUZLON.NS,development,2018-06-05,2018-06-18,-0.027121098827012358,-0.026153600145928466,-2711.988920362175,99995.53991747045,13438
SUZLON.NS,development,2018-07-17,2018-07-30,0.12406024119613544,0.12507120855157322,12405.733112774258,99997.65431022477,15331
SUZLON.NS,development,2018-09-05,2018-09-19,0.026251609858700068,0.027234446201092773,2625.1187273001037,99998.39024844074,15662
SUZLON.NS,development,2018-09-26,2018-10-10,-0.0896195567587588,-0.08867004480346635,-8961.85276751597,99998.85171982956,17278
SUZLON.NS,development,2018-11-15,2018-11-29,-0.12294798696042303,-0.1220080493969282,-12294.341417343227,99996.2807142241,18767
SUZLON.NS,development,2019-01-30,2019-02-12,-0.30496279919600294,-0.30407521288923356,-30495.675306623587,99998.01742055654,21990
SUZLON.NS,development,2019-05-09,2019-05-22,-0.05323044090181449,-0.05227045556718336,-5322.869891190979,99996.7274554274,18449
SUZLON.NS,development,2019-06-11,2019-06-24,0.06192726881029635,0.0629203614622369,6192.679692498358,99999.23800076795,23409
SUZLON.NS,development,2019-08-30,2019-09-16,-0.16434626758216453,-0.16341824161496638,-16434.26883370913,99997.82213181602,29419
SUZLON.NS,development,2019-09-30,2019-10-15,0.017099160291434854,0.018079361163672883,1709.9029658974632,99999.23602996874,42687
SUZLON.NS,development,2019-12-17,2019-12-31,-0.05366463037523838,-0.05270477668702919,-5366.3783626911945,99998.42214821845,55821
SUZLON.NS,development,2020-02-06,2020-02-19,0.02021292619960435,0.02119402347445959,2021.2724420709617,99999.00173338219,49478
SYNGENE.NS,validation,2022-12-14,2022-12-27,-0.012279354767075671,-0.011307050790662253,-1226.2348314978456,99861.50369934083,172
SYNGENE.NS,validation,2023-10-20,2023-11-03,-0.03491808307250709,-0.033951636242983516,-3481.29544823219,99698.92794525147,139
SYNGENE.NS,validation,2023-12-14,2023-12-28,-0.0034736638997147472,-0.0024973408012743405,-345.60287877437645,99492.31956573487,142
SYNGENE.NS,validation,2024-03-05,2024-03-19,-0.038910814657174046,-0.03794451032366069,-3869.6688444115616,99449.7,142
SYNGENE.NS,out_of_sample,2025-01-28,2025-02-07,-0.03231158316411398,-0.03134504974568591,-3226.760884822501,99863.90541229249,130
SYNGENE.NS,out_of_sample,2025-04-25,2025-05-09,-0.0648066289448761,-0.06384841837043077,-6455.3740517407405,99609.78,152
SYNGENE.NS,out_of_sample,2026-01-27,2026-02-09,-0.14279000582481735,-0.1418545444259002,-14234.709978474992,99689.81999999999,188
SYNGENE.NS,out_of_sample,2026-03-05,2026-03-18,0.04171927258963501,0.04270752034041321,4161.841673674174,99758.25117114259,248
SYNGENE.NS,out_of_sample,2026-07-08,2026-07-21,-0.01980212733056966,-0.01883141895193379,-1974.6717469458213,99720.18228048706,237
SYNGENE.NS,out_of_sample,2026-08-03,2026-08-14,0.03613664749547171,0.03712325517661416,3605.2397973451057,99766.85849999999,258
TATACHEM.NS,development,2017-05-22,2017-06-02,0.04253590660972706,0.04352380799452147,4249.465598522185,99903.02164031983,370
TATACHEM.NS,development,2017-08-04,2017-08-18,-0.015768171129902888,-0.01479701379632544,-1575.196727633694,99897.23695010376,377
TATACHEM.NS,development,2018-02-05,2018-02-19,0.03902029795955531,0.04000728205681575,3897.3334733707634,99879.64411267091,332
TATACHEM.NS,development,2018-07-17,2018-07-30,0.02047474734858257,0.021456424077401715,2044.8777049147704,99873.15936557007,338
TATACHEM.NS,development,2019-02-05,2019-02-19,-0.141117724801539,-0.14018202158918094,-14076.386430670967,99749.24447277833,344
TATACHEM.NS,development,2020-07-13,2020-07-24,-0.0029705443661487323,-0.001995768385559826,-296.7949161724047,99912.6353925476,331
TATACHEM.NS,development,2021-05-07,2021-05-21,0.038406167352351445,0.039395193006954585,3814.870776888822,99329.64,146
TATACHEM.NS,development,2021-09-21,2021-10-04,0.16719942984920258,0.168225919882895,16590.32766041661,99224.7860855713,124
TATACHEM.NS,development,2021-11-29,2021-12-10,0.0995119217532278,0.1005164175118167,9936.354997545335,99850.9005,117
TATACHEM.NS,development,2022-02-25,2022-03-11,0.1534172580501692,0.1544386784164029,15264.667998312512,99497.72399999999,124
TATACHEM.NS,development,2022-06-16,2022-06-29,-0.08556581650681476,-0.08461309118168191,-8512.919125834378,99489.72,113
TATACHEM.NS,validation,2022-11-11,2022-11-24,-0.05877912327362939,-0.057820225550657106,-5870.265751216273,99869.91,92
TATACHEM.NS,validation,2022-12-26,2023-01-06,0.054613103025768536,0.05560562840672839,5440.381660381178,99616.78349999999,111
TATACHEM.NS,validation,2024-01-25,2024-02-08,-0.05224129905298213,-0.05127774879177261,-5181.478384788489,99183.567,97
TATACHEM.NS,validation,2024-07-11,2024-07-25,-0.0251023023268259,-0.024133221429674032,-2503.8504323416223,99745.848,93
TATACHEM.NS,out_of_sample,2025-02-05,2025-02-18,-0.06878552127866101,-0.0678265717066688,-6819.736818960705,99144.94638098145,108
TATACHEM.NS,out_of_sample,2025-11-04,2025-11-18,-0.05967578313323182,-0.0587142135656911,-5916.549494777367,99144.89905508423,113
TATACHEM.NS,out_of_sample,2025-12-10,2025-12-23,0.026149321975080117,0.027133286852796656,2607.3444487505026,99709.83,132
TATACHEM.NS,out_of_sample,2026-07-02,2026-07-15,0.012541141959063555,0.013520761990800462,1251.8208205287758,99817.13185409545,145
TATACHEM.NS,out_of_sample,2026-08-20,2026-09-02,-0.011756059478039546,-0.010783656410645845,-1174.1283993479324,99874.31601049805,156
TATACOMM.NS,development,2017-05-08,2017-05-19,0.04923977209558741,0.05023052497276553,4907.884241811611,99673.17136001587,250
TATACOMM.NS,development,2017-07-06,2017-07-19,-0.009153190371217732,-0.0081793643522795,-912.6322792015479,99706.46760186767,236
TATACOMM.NS,development,2017-08-04,2017-08-18,-0.0017751320110352272,-0.0007988624290905637,-176.85034175300598,99626.58588409424,250
TATACOMM.NS,development,2017-10-30,2017-11-10,0.06438263859284986,0.06537649238805367,6437.329583213534,99985.48869552612,245
TATACOMM.NS,development,2018-01-17,2018-01-31,-0.04880417187461267,-0.04784218860615264,-4871.430643982803,99815.86526042176,249
TATACOMM.NS,development,2018-06-28,2018-07-11,0.032633690176775906,0.03361958787103891,3253.348194867764,99692.93013583374,274
TATACOMM.NS,development,2018-07-17,2018-07-30,0.024388622757570536,0.025372252023016004,2430.7512054343097,99667.42401145936,285
TATACOMM.NS,development,2018-09-05,2018-09-19,0.005666243918060396,0.006643891178739718,565.5821060428824,99816.05349536134,312
TATACOMM.NS,development,2019-04-10,2019-04-25,-0.0204010813604971,-0.019430741904241117,-2035.3972368597251,99769.08580938721,276
TATACOMM.NS,development,2019-05-06,2019-05-17,0.010414096453208349,0.011393498666592602,1038.4847982744939,99719.14538534546,294
TATACOMM.NS,development,2019-06-10,2019-06-21,-0.07861900543993289,-0.07766573433080613,-7850.125204152393,99850.22273208617,305
TATACOMM.NS,development,2019-07-09,2019-07-22,0.05705728974460487,0.058049981301451045,5691.4691802432435,99750.07936267089,356
TATACOMM.NS,development,2020-03-02,2020-03-16,-0.3140618248991926,-0.31317546920727685,-31297.140177590278,99652.7998512268,270
TATACOMM.NS,development,2020-03-17,2020-03-30,-0.08923306637477776,-0.08828300693403288,-8913.48386153124,99889.92,390
TATACOMM.NS,development,2022-06-16,2022-06-29,0.03059308538792175,0.03157960057920587,3040.789702897018,99394.6725,111
TATACOMM.NS,validation,2023-10-23,2023-11-06,0.0239405896061584,0.024923007355918465,2392.5493508273394,99936.94350000001,59
TATACOMM.NS,validation,2023-12-04,2023-12-15,0.06407805466859215,0.06507724115022002,6321.255238418346,98649.29999999999,58
TATACOMM.NS,validation,2024-04-22,2024-05-06,-0.023723616034227964,-0.02274997574992306,-2342.0270696500065,98721.33600000001,56
TATACOMM.NS,validation,2024-07-22,2024-08-02,0.09051515474373906,0.0915236884718045,8891.01776396318,98226.84156188964,55
TATACOMM.NS,out_of_sample,2025-01-30,2025-02-11,-0.022640738674880215,-0.021670705104486918,-2256.9425040701194,99685.0207265625,64
TATACOMM.NS,out_of_sample,2025-02-27,2025-03-12,0.06952134206297025,0.07051694181917449,6946.470480932486,99918.53256573486,71
TATACOMM.NS,out_of_sample,2025-05-09,2025-05-22,0.12013324002376806,0.12114489852020008,11958.633044522885,99544.7475,67
TATACOMM.NS,out_of_sample,2025-08-22,2025-09-05,-0.027230825167472314,-0.02625755994856474,-2684.0677970659617,98567.25899999999,62
TATACOMM.NS,out_of_sample,2026-01-23,2026-02-06,-0.00459235503650674,-0.0036169246863052644,-457.5537464974649,99633.792,64
TATACOMM.NS,out_of_sample,2026-08-19,2026-09-01,0.026433746872752375,0.0274187824659166,2629.2249008273548,99464.7075,59
TATACONSUM.NS,development,2021-09-27,2021-10-08,-0.024356896253745743,-0.02338727440125877,-2427.522868720745,99664.70454327393,119
TATACONSUM.NS,development,2021-12-21,2022-01-03,0.05013579808742375,0.0511273992692775,4989.852380011687,99526.73679016113,140
TATACONSUM.NS,development,2022-08-16,2022-08-29,0.04806706443779247,0.049056974447642177,4797.038855094224,99798.87291229249,130
TATACONSUM.NS,validation,2023-01-20,2023-02-03,-0.017894698137290083,-0.01692327872601432,-1783.74019980592,99679.815,135
TATACONSUM.NS,validation,2024-03-28,2024-04-12,0.03871278878871249,0.03970161474627417,3848.0774411916595,99400.67769836426,90
TATACONSUM.NS,out_of_sample,2024-10-22,2024-11-04,-0.03047302799695349,-0.029503730043359697,-3026.268148082937,99309.72886532593,97
TATACONSUM.NS,out_of_sample,2024-11-18,2024-12-02,0.026725685604282786,0.027710507567862645,2660.2304604073825,99538.34299319457,107
TATACONSUM.NS,out_of_sample,2026-06-09,2026-06-22,-0.006139947644450749,-0.0051642715887818815,-610.6958104853712,99462.70650000001,89
TATACONSUM.NS,out_of_sample,2026-07-01,2026-07-14,0.014824856485822196,0.015807186589272205,1472.2332470020722,99308.4316472168,92
TATAELXSI.NS,development,2016-10-28,2016-11-11,-0.09047861300055195,-0.08952703745783364,-8995.807823013314,99424.6875,159
TATAELXSI.NS,development,2016-11-15,2016-11-28,0.10708472594465722,0.10809115311685454,10699.085065403573,99912.33549902345,176
TATAELXSI.NS,development,2017-05-24,2017-06-06,0.06690029867063971,0.06789691510223277,6655.1557114212965,99478.71449999999,138
TATAELXSI.NS,development,2018-09-25,2018-10-09,-0.23297921261345653,-0.23206893380926272,-23182.09063200657,99502.8284796753,79
TATAELXSI.NS,development,2018-10-10,2018-10-24,0.004175235516469694,0.005152621080065157,416.581883883876,99774.46355795288,103
TATAELXSI.NS,development,2019-01-28,2019-02-08,-0.012850426614716928,-0.01187754044203279,-1280.8767202187476,99675.813,109
TATAELXSI.NS,development,2019-04-25,2019-05-10,-0.07508760946968711,-0.0741321536969671,-7475.7040023377285,99559.755,107
TATAELXSI.NS,development,2019-07-18,2019-07-31,-0.13870619839257686,-0.13776925014055472,-13816.840845399665,99612.28125,135
TATAELXSI.NS,development,2020-03-20,2020-04-03,0.012198722119225078,0.013179522393250518,1213.7694962143125,99499.725,170
TATAELXSI.NS,out_of_sample,2025-08-13,2025-08-28,-0.05585752179847571,-0.05488128353590727,-5357.821973303115,95919.43574999999,17
TATAELXSI.NS,out_of_sample,2025-09-01,2025-09-12,0.08210106047547908,0.08312106151872412,7798.65416099376,94988.4705,18
TATAELXSI.NS,out_of_sample,2025-11-10,2025-11-21,0.024595063107607448,0.02558363675305205,2421.8564341062506,98469.21,19
TATAELXSI.NS,out_of_sample,2025-12-11,2025-12-24,0.09795094822353886,0.09896277601750705,9594.192529999998,97948.95000000001,20
TATAELXSI.NS,out_of_sample,2026-02-13,2026-02-26,-0.07297839379923438,-0.07201193217824076,-7082.443650624998,97048.5,20
TATAELXSI.NS,out_of_sample,2026-07-01,2026-07-14,-0.0216791521385287,-0.02070220634334724,-2125.940227444099,98063.80867016602,26
TATAPOWER.NS,development,2016-11-10,2016-11-24,-0.05039904584331818,-0.04943824283762547,-5039.6966904361825,99995.87504302597,1371
TATAPOWER.NS,development,2017-05-11,2017-05-24,-0.02377745655368533,-0.022808717592423342,-2375.984649381254,99925.938,1218
TATAPOWER.NS,development,2017-08-08,2017-08-22,-0.004340810011074229,-0.003366694561568595,-433.9905420803775,99979.16079560852,1246
TATAPOWER.NS,development,2018-02-05,2018-02-19,0.029842266358546705,0.030826276333589014,2983.1271998773427,99963.15842891694,1198
TATAPOWER.NS,development,2018-05-10,2018-05-23,-0.07313328916061711,-0.07217898707821463,-7312.350136288123,99986.61649455642,1199
TATAPOWER.NS,development,2018-06-28,2018-07-11,0.008710337467397248,0.009688368838849841,870.4984654567241,99938.54643577195,1399
TATAPOWER.NS,development,2018-07-13,2018-07-26,0.013996011968063882,0.014975318289987995,1399.597985023832,99999.77052159118,1434
TATAPOWER.NS,development,2018-10-01,2018-10-15,0.06963192150011013,0.07062726377862616,6962.549155468896,99990.76580786133,1504
TATAPOWER.NS,development,2019-01-03,2019-01-16,0.004093335803143654,0.005069833504300581,409.2925241562599,99989.97,1315
TATAPOWER.NS,development,2019-01-31,2019-02-14,-0.015598579453477056,-0.014627732776020651,-1559.6546029243007,99986.9640422058,1460
TATAPOWER.NS,development,2019-04-25,2019-05-10,-0.06412843728456032,-0.06317136670159804,-6409.120816157914,99941.94600000001,1469
TATAPOWER.NS,development,2019-07-31,2019-08-14,-0.06009590877941689,-0.059137688139967046,-6006.24652794897,99944.34978918458,1696
TATAPOWER.NS,development,2019-08-22,2019-09-05,0.07326596871649244,0.07426243294324641,7324.513463549858,99971.56376779174,1944
TATAPOWER.NS,development,2019-11-14,2019-11-27,0.02460240971274713,0.025584857131540323,2459.6766453998393,99977.0621706791,1807
TATAPOWER.NS,development,2019-12-10,2019-12-23,0.05529742197850672,0.05628872838178083,5528.036883267438,99969.16104725646,1896
TATAPOWER.NS,development,2020-02-18,2020-03-03,-0.14424914944975,-0.14331526943092654,-14421.916672310255,99979.214625,1931
TATAPOWER.NS,development,2020-09-22,2020-10-06,0.027660724273410875,0.0286441397347923,2764.826380864381,99954.9525,1885
TATAPOWER.NS,development,2021-04-13,2021-04-28,0.05862987422632709,0.05962234176483116,5858.211292580705,99918.53760365293,1082
TATAPOWER.NS,development,2022-02-25,2022-03-11,0.10756652433854567,0.10857354133689309,10735.125683171316,99799.875,475
TATAPOWER.NS,development,2022-06-21,2022-07-04,0.06641173224089672,0.06740635593325442,6637.118524972638,99938.94604190828,505
TATAPOWER.NS,validation,2022-12-26,2023-01-06,0.03850656420311762,0.03949338421878632,3846.1788171470353,99883.71844496155,506
TATAPOWER.NS,validation,2024-06-05,2024-06-19,0.05820781740016722,0.05920098966682623,5804.066288405642,99712.8315,239
TATAPOWER.NS,validation,2024-07-22,2024-08-02,0.10660669423930796,0.10761403899836139,10623.33575960819,99649.79999999999,240
TATAPOWER.NS,out_of_sample,2024-11-14,2024-11-29,0.02782288060627486,0.028807231755751502,2774.871727925801,99733.44482885743,248
TATAPOWER.NS,out_of_sample,2025-01-13,2025-01-24,0.035742684920819244,0.036729046626937545,3567.1154872621455,99799.875,285
TATAPOWER.NS,out_of_sample,2025-02-17,2025-03-03,0.01455228852374896,0.015532429264439082,1452.7766841814907,99831.49260754394,296
TATAPOWER.NS,out_of_sample,2025-12-09,2025-12-22,0.017035176157502104,0.018016260424475405,1699.6738369311781,99774.36225,267
TATAPOWER.NS,out_of_sample,2026-07-02,2026-07-15,0.008387471394206732,0.009365556685843344,837.9245194052685,99901.92276351931,265
TATASTEEL.NS,development,2017-04-18,2017-05-02,-0.04959583093044288,-0.048634644030521666,-4957.484093287844,99957.67789918899,2245
TATASTEEL.NS,development,2018-02-05,2018-02-19,-0.02082219756413976,-0.019852877941848444,-2082.0775260566156,99993.16929171754,1512
TATASTEEL.NS,development,2018-03-20,2018-04-04,-0.020742422089693766,-0.019773006643330544,-2073.722815160369,99974.95982837676,1750
TATASTEEL.NS,development,2018-05-24,2018-06-06,0.06332113231455465,0.06431476531596218,6329.858118552236,99964.38609322357,1837
TATASTEEL.NS,development,2018-07-17,2018-07-30,0.056806882661199286,0.05779865680921309,5678.458985727285,99960.75686099625,1914
TATASTEEL.NS,development,2018-11-27,2018-12-10,-0.053072561076061904,-0.05211234877375859,-5304.675348889769,99951.37301339721,1886
TATASTEEL.NS,development,2019-01-03,2019-01-16,-0.03983092714649014,-0.038867025658032225,-3982.3384763220433,99981.06400274849,2027
TATASTEEL.NS,development,2019-05-13,2019-05-24,0.005946743486986262,0.006923899132399936,594.429110410925,99958.76091036414,2081
TATASTEEL.NS,development,2019-07-31,2019-08-14,-0.11933490861025442,-0.11839393074930663,-11933.010078908654,99995.97115276336,2420
TATASTEEL.NS,development,2019-10-09,2019-10-23,0.09893739304363885,0.09994113629693835,9893.487598849355,99997.45591119003,3091
TATASTEEL.NS,development,2020-02-03,2020-02-14,0.037048793561517024,0.03803475347439389,3704.6485449427564,99993.77007489967,2391
TATASTEEL.NS,development,2020-02-25,2020-03-09,-0.23284926150880084,-0.23194087037285932,-23280.611312268626,99981.4693910408,2385
TATASTEEL.NS,development,2020-03-11,2020-03-24,-0.16298918068347526,-0.1620606593527218,-16294.283553819934,99971.56550816345,3084
TATASTEEL.NS,development,2020-09-22,2020-10-06,0.006600785256254877,0.007578032870664746,659.964797258533,99982.77047918702,2672
TATASTEEL.NS,development,2021-09-21,2021-10-04,0.0500153772653556,0.05100530087761658,4998.29398045875,99935.14502430723,794
TATASTEEL.NS,development,2021-11-16,2021-11-30,-0.14213339185644308,-0.14119872644565104,-14204.104932076798,99935.03107575989,802
TATASTEEL.NS,development,2022-04-26,2022-05-10,-0.05913373093579758,-0.05817530209870168,-5911.093828271137,99961.45575000001,809
TATASTEEL.NS,development,2022-05-13,2022-05-26,-0.07547125040043044,-0.0745173937146496,-7541.837524239989,99929.93999999999,880
TATASTEEL.NS,development,2022-06-17,2022-06-30,-0.03687775472276618,-0.03591306923829021,-3687.6787455512385,99997.37709830474,1113
TATASTEEL.NS,validation,2022-09-29,2022-10-13,0.02942767904325063,0.030411582617422918,2941.589472917776,99959.955,1030
TATASTEEL.NS,validation,2023-02-13,2023-02-24,0.006241885768106723,0.007219248139477195,623.7412957784928,99928.34200291442,918
TATASTEEL.NS,validation,2024-07-11,2024-07-25,-0.07651843209543452,-0.07556451544663671,-7639.592225972812,99839.895,587
TATASTEEL.NS,validation,2024-08-06,2024-08-20,0.015482181918964248,0.016461915562309845,1548.214930498711,99999.78934508516,661
TATASTEEL.NS,out_of_sample,2025-01-14,2025-01-27,0.025375641345915235,0.026358711296897753,2534.447894775545,99877.19562341308,812
TATASTEEL.NS,out_of_sample,2025-04-08,2025-04-24,0.04658905089491021,0.04757825630071171,4652.779041523574,99868.50884811401,740
TATASTEEL.NS,out_of_sample,2026-06-11,2026-06-24,-0.039280090426759694,-0.0383159245467835,-3926.225473448483,99954.59355596923,506
TATATECH.NS,development,2025-06-23,2025-07-04,0.00770607056124766,0.008685207167669262,767.4612146456185,99591.77100000001,142
TATATECH.NS,validation,2025-12-11,2025-12-24,0.01821053101745128,0.019191414165406998,1819.3901046710323,99908.679375,155
TATATECH.NS,out_of_sample,2026-07-01,2026-07-14,0.12647403090017356,0.1274861640898592,12632.215456016711,99879.91500000001,149
TCS.NS,development,2016-11-11,2016-11-25,0.06879850192106807,0.0697940172208857,6872.127297740927,99887.74618414308,93
TCS.NS,development,2017-02-01,2017-02-14,0.08127251100034935,0.082271364317841,8123.183410859368,99949.95000000001,90
TCS.NS,development,2017-04-17,2017-04-28,-0.027000201836687873,-0.02602901793039414,-2675.4909551869796,99091.51684753418,85
TCS.NS,development,2017-12-15,2017-12-29,0.05103821570509858,0.05203322325992653,5040.214029878083,98753.7271875,77
TCS.NS,development,2019-01-15,2019-01-28,0.07749196763371208,0.07849114116974668,7718.1825406250055,99599.775,55
TCS.NS,development,2019-09-23,2019-10-07,-0.026875653103681632,-0.025902841232693267,-2652.689487540323,98702.32650000001,47
TCS.NS,development,2021-02-23,2021-03-08,0.009937100291009643,0.0109231583604504,974.4221671216161,98059.005,33
TCS.NS,development,2021-10-12,2021-10-26,-0.06266165837694107,-0.06168947432419959,-6040.845667945818,96404.178,26
TCS.NS,development,2022-07-14,2022-07-27,0.04091158957495108,0.04190746497124283,4002.8265807974726,97840.896,32
TCS.NS,validation,2022-09-19,2022-09-30,-0.012825843987295624,-0.011842728576654749,-1246.6794232512714,97200.576,32
TCS.NS,out_of_sample,2024-09-19,2024-10-03,-0.03825475059449233,-0.037276514844263184,-3696.5330711299744,96629.38625097656,22
TCS.NS,out_of_sample,2024-10-17,2024-10-30,-0.009311091464451126,-0.008333450901683482,-919.531259616006,98756.54891015624,24
TCS.NS,out_of_sample,2025-02-20,2025-03-06,-0.04491629248875243,-0.043945128975165705,-4394.964873352053,97847.8995,26
TCS.NS,out_of_sample,2025-04-04,2025-04-22,-0.01679240435441246,-0.015811963678174817,-1638.3368341764565,97564.16053344727,29
TCS.NS,out_of_sample,2025-07-14,2025-07-25,-0.04227591348632489,-0.041304746041156665,-4144.265100391807,98028.98999999999,30
TCS.NS,out_of_sample,2025-09-29,2025-10-13,0.02874276374895258,0.029729562934823036,2851.097405410718,99193.572,34
TCS.NS,out_of_sample,2026-02-06,2026-02-19,-0.10265103059110368,-0.10169825566529897,-10088.226826122553,98276.91712426758,33
TCS.NS,out_of_sample,2026-03-13,2026-03-27,-0.02180740948445536,-0.02083826827690091,-2180.0203989250554,99966.9585,41
TCS.NS,out_of_sample,2026-05-14,2026-05-27,0.00598667396517457,0.006964840414540113,596.9302433329823,99709.83,44
TCS.NS,out_of_sample,2026-06-09,2026-06-22,-0.023695653734133935,-0.022718517107914876,-2319.304877712728,97878.915,45
TCS.NS,out_of_sample,2026-07-01,2026-07-14,0.07615555112320754,0.07716104752053976,7460.514501638169,97964.15877246094,48
TECHM.NS,development,2017-02-01,2017-02-14,0.11307396894611507,0.11408177856326035,11307.082958870975,99997.223625,221
TECHM.NS,development,2017-03-15,2017-03-28,-0.05967534757042622,-0.058715743611768775,-5945.466153623896,99630.18894204711,206
TECHM.NS,development,2017-03-29,2017-04-12,-0.04890629832092466,-0.047943688498696305,-4873.649638674889,99652.8015,217
TECHM.NS,development,2017-05-30,2017-06-12,0.038457709919915206,0.03944541328868981,3832.7128200810794,99660.45373118592,261
TECHM.NS,development,2018-07-26,2018-08-08,0.04535685110791787,0.046345616277836156,4530.692228621828,99889.92,160
TECHM.NS,development,2019-05-23,2019-06-06,-0.03137104551204718,-0.030403219442910193,-3124.862941825007,99609.78,131
TECHM.NS,development,2021-03-01,2021-03-15,0.09484202733530175,0.0958477797884551,9409.01957533436,99207.28014459228,106
TECHM.NS,development,2022-01-24,2022-02-07,-0.09280939619220609,-0.0918547346104676,-9142.210732455593,98505.228,62
TECHM.NS,development,2022-04-13,2022-04-28,-0.10581039697381539,-0.10486279274567667,-10508.732235819203,99316.63179016113,70
TECHM.NS,development,2022-05-20,2022-06-02,0.013452357926049836,0.014434272225589299,1336.0025245999968,99313.63200000001,88
TECHM.NS,development,2022-06-14,2022-06-27,-0.028349034905031524,-0.027379141962071016,-2815.4456201134562,99313.63200000001,96
TECHM.NS,validation,2023-04-18,2023-05-02,0.015514244407503661,0.016496440185658233,1541.96812232174,99390.47508984373,96
TECHM.NS,validation,2023-10-27,2023-11-09,0.0010902873445102642,0.0020669830933183956,108.72932347702697,99725.38342712402,89
TECHM.NS,validation,2024-04-18,2024-05-02,0.053570361758888005,0.054562604797878216,5336.274198977638,99612.43537976075,83
TECHM.NS,out_of_sample,2025-04-07,2025-04-23,0.15355076520664462,0.1545716102674379,15301.303042689095,99649.79999999999,80
TECHM.NS,out_of_sample,2025-07-15,2025-07-28,-0.06925438802997871,-0.06829719170494802,-6893.868888038032,99544.14563671875,64
TECHM.NS,out_of_sample,2025-07-29,2025-08-11,0.018509095618429644,0.019495009501185816,1826.6648443345794,98690.11873901368,68
TECHM.NS,out_of_sample,2026-02-17,2026-03-02,-0.11287360700500373,-0.11193033893966865,-11274.731935827695,99888.11587573242,66
TECHM.NS,out_of_sample,2026-04-27,2026-05-08,0.07083944789400738,0.07183694367433785,7051.461192900304,99541.44763311767,73
TECHM.NS,out_of_sample,2026-05-15,2026-05-28,0.07560845466105692,0.07660567909404672,7557.0612629499055,99949.95,74
TECHM.NS,out_of_sample,2026-07-02,2026-07-15,0.0847211799450109,0.0857236970866259,8411.730628191292,99287.22231738282,72
TIINDIA.NS,out_of_sample,2025-11-06,2025-11-19,0.015339489580605652,0.01632571837939739,1509.2903431438308,98392.47487426757,33
TIINDIA.NS,out_of_sample,2025-11-24,2025-12-05,-0.07319325232497267,-0.07222930304161393,-7145.768660651769,97628.79,34
TIINDIA.NS,out_of_sample,2025-12-09,2025-12-22,0.007334806944158946,0.008321196942659315,717.3446464175302,97800.07188720703,38
TIINDIA.NS,out_of_sample,2026-01-13,2026-01-27,-0.09340238276015356,-0.09244912848285396,-9228.722961995736,98806.0763470459,41
TIINDIA.NS,out_of_sample,2026-07-27,2026-08-07,-0.010236282929057162,-0.00925506448894406,-1001.3990584726813,97828.38804016114,35
TITAGARH.NS,out_of_sample,2025-06-20,2025-07-03,0.11341836739959878,0.11442889630030406,11267.734679491798,99346.6485,118
TITAGARH.NS,out_of_sample,2025-08-04,2025-08-18,-0.03567093386980097,-0.034704372614134615,-3553.4236965507803,99616.7835,117
TITAGARH.NS,out_of_sample,2025-11-07,2025-11-20,0.0166087650417208,0.01759085721784076,1652.4703681175765,99493.87350393677,117
TITAGARH.NS,out_of_sample,2025-12-03,2025-12-16,-0.02814898358198403,-0.02718083499071709,-2808.1371969548873,99759.80797943116,123
TITAGARH.NS,out_of_sample,2026-02-26,2026-03-12,-0.09014731624616638,-0.08919792452820667,-9013.917639424595,99990.97050000001,139
TITAGARH.NS,out_of_sample,2026-04-01,2026-04-16,0.23453635209616727,0.23558079522955097,23353.585253563688,99573.41386459352,167
TITAN.NS,development,2016-11-10,2016-11-24,-0.13687069370879762,-0.13593444391577342,-13675.754542189781,99917.33198405457,281
TITAN.NS,development,2018-02-02,2018-02-16,-0.010855154618017318,-0.009881710755950165,-1082.039804120362,99679.815,123
TITAN.NS,development,2018-05-15,2018-05-28,0.0017346914134997312,0.002710671031671612,173.38232004472746,99949.95,108
TITAN.NS,development,2018-06-06,2018-06-19,0.031066217041510646,0.032051147091446165,3101.0758552443854,99821.48296655274,116
TITAN.NS,development,2018-07-09,2018-07-20,0.028011797681784457,0.02899753770866063,2784.450547148851,99402.77945672607,119
TITAN.NS,development,2018-09-12,2018-09-27,0.0029621146427816453,0.00393935491840886,295.39343781207003,99723.837,122
TITAN.NS,development,2019-07-10,2019-07-23,-0.005960782743200504,-0.004984475677257982,-592.0227663689728,99319.63500000001,90
TITAN.NS,development,2019-08-06,2019-08-21,0.034751368253314714,0.03573797208435408,3463.627502303972,99668.8095,97
TITAN.NS,development,2019-11-07,2019-11-21,-0.013436531024707075,-0.012464697883616323,-1342.2546686312492,99895.92300000001,86
TITAN.NS,development,2020-05-08,2020-05-21,-0.010804166418212462,-0.009829827664520611,-1074.600823863321,99461.706,116
TITAN.NS,development,2021-02-01,2021-02-12,0.03667964552295536,0.03766846617584508,3640.7411934156185,99257.8074708252,69
TITAN.NS,development,2021-05-04,2021-05-18,0.07078710775501183,0.07178680534209872,7007.603214509365,98995.47300000001,69
TITAN.NS,development,2022-05-13,2022-05-26,0.03917505340476017,0.04016668700412381,3868.3227419340033,98744.54291015625,48
TITAN.NS,validation,2023-08-07,2023-08-21,0.05165701639005179,0.05264985966371099,5130.984894860018,99327.93748901367,34
TITAN.NS,validation,2024-05-07,2024-05-21,0.011614882158520365,0.012593703148425813,1160.9068910000026,99949.95,30
TITAN.NS,validation,2024-07-08,2024-07-22,0.013241459594315564,0.014223069869778992,1315.852330112172,99373.662,31
TITAN.NS,out_of_sample,2024-10-11,2024-10-24,-0.040841196903097864,-0.039865459175318176,-3963.2500047102803,97040.496,28
TITAN.NS,out_of_sample,2025-09-29,2025-10-13,0.05951270813374863,0.06050566467850944,5942.933380528865,99859.905,30
TMPV.NS,development,2016-11-16,2016-11-29,-0.020800136119355647,-0.01983015509756999,-2076.4722333092996,99829.74252639772,213
TMPV.NS,development,2017-02-15,2017-03-01,-0.0015856338074008648,-0.0006097621481834452,-158.14943809380605,99738.94183868408,222
TMPV.NS,development,2017-05-08,2017-05-19,0.041237900143546,0.04222557608167571,4118.270656478326,99866.158125,235
TMPV.NS,development,2017-08-10,2017-08-24,-0.04441912832004246,-0.04345621727144427,-4437.423146399733,99898.9245,249
TMPV.NS,development,2018-01-25,2018-02-08,-0.07323698424163656,-0.07228156954596983,-7301.872271594732,99701.9790916443,247
TMPV.NS,development,2018-03-08,2018-03-21,-0.050706883439786216,-0.04974488894946514,-5054.310534362825,99677.01013146972,284
TMPV.NS,development,2018-05-15,2018-05-28,-0.08781559825006727,-0.0868649385024284,-8767.675827660998,99841.896,308
TMPV.NS,development,2018-06-27,2018-07-10,-0.0134067297401828,-0.0124343135619831,-1337.3595208730885,99752.8515,358
TMPV.NS,development,2018-10-01,2018-10-15,-0.1828179308681483,-0.181895025387697,-18272.64304937488,99949.95000000001,444
TMPV.NS,development,2018-12-07,2018-12-20,0.08458143412711724,0.08558105478901779,8457.802803276494,99995.973,616
TMPV.NS,development,2019-02-11,2019-02-25,0.1677174363242854,0.16874135118253605,16754.916678586374,99899.6708141327,665
TMPV.NS,development,2019-05-09,2019-05-22,-0.03063850660039883,-0.02967179928904326,-3062.0291075245527,99940.54695487976,542
TMPV.NS,development,2019-06-18,2019-07-01,0.05402844914796737,0.055019659981330085,5397.546128674999,99901.92599999999,628
TMPV.NS,development,2019-07-26,2019-08-08,-0.10403038721264324,-0.1030846085166558,-10392.243234674292,99896.22756504822,723
TMPV.NS,development,2019-12-04,2019-12-17,0.13418973580593546,0.13520398760426697,13406.215826936137,99904.9275,630
TMPV.NS,development,2020-02-04,2020-02-17,0.012809486193003258,0.013788530544263182,1280.6920047110461,99979.96683197022,600
TMPV.NS,development,2020-02-25,2020-03-09,-0.30744755271607777,-0.3065602608120237,-30711.895153286227,99893.1195970459,656
TMPV.NS,development,2020-03-13,2020-03-26,-0.13776296006218383,-0.13682716967584221,-13771.882199798962,99967.96086250304,1220
TMPV.NS,development,2020-09-25,2020-10-09,0.11655327800293151,0.11756207881126528,11655.277954296205,99999.57233294679,808
TMPV.NS,development,2020-12-23,2021-01-06,0.18143895119477585,0.18246691140846497,18121.19937467001,99874.9125,605
TMPV.NS,development,2021-07-07,2021-07-20,-0.04622503639324365,-0.04526267276934988,-4618.1551577007795,99905.928,316
TMPV.NS,development,2021-08-23,2021-09-03,0.026547957914118632,0.027530890737787597,2654.6783711259436,99995.57705017089,348
TMPV.NS,development,2022-02-25,2022-03-11,-0.06238808095253035,-0.06142952313627593,-6219.856129001987,99696.22456787109,224
TMPV.NS,development,2022-05-13,2022-05-26,0.08432133048534136,0.08532127709423826,8423.357137421213,99895.923,258
TMPV.NS,validation,2022-09-19,2022-09-30,-0.06470421459751256,-0.06374644404932622,-6452.714391152126,99726.33825,231
TMPV.NS,validation,2022-12-26,2023-01-06,0.0021188919894747716,0.0030960850935478263,211.2012217343676,99675.31275000001,262
TMPV.NS,out_of_sample,2024-09-12,2024-09-25,-0.015460367507201951,-0.014488056958367225,-1540.3533658597562,99632.39005426026,102
TMPV.NS,out_of_sample,2024-10-30,2024-11-12,-0.0746265434382205,-0.07367223526493075,-7453.543487639852,99877.914,118
TMPV.NS,out_of_sample,2024-12-23,2025-01-06,0.05541562943074816,0.05640751533454025,5532.313701076139,99833.09326098632,136
TMPV.NS,out_of_sample,2025-03-03,2025-03-17,0.06250278828546468,0.0634961449878981,6248.692273871186,99974.6162576294,161
TMPV.NS,out_of_sample,2025-04-08,2025-04-24,0.12779015091590146,0.128802330607593,12774.255990086893,99962.75846401977,169
TMPV.NS,out_of_sample,2025-06-19,2025-07-02,0.024780303682594266,0.025763042097266695,2475.9781533370347,99917.18362499999,149
TMPV.NS,out_of_sample,2025-10-15,2025-10-29,0.01820876281450697,0.01918930385281821,1820.766519028451,99993.97200000001,248
TMPV.NS,out_of_sample,2025-11-18,2025-12-01,-0.027356969216521164,-0.02638822143538279,-2726.6010161010668,99667.5104804535,267
TMPV.NS,out_of_sample,2026-03-16,2026-03-30,-0.05605243542593415,-0.05509286189229907,-5599.465853733233,99896.9235,319
TORNTPHARM.NS,development,2016-10-28,2016-11-11,-0.08815911187934591,-0.08720897213334941,-8811.234064072849,99946.94679016114,140
TORNTPHARM.NS,development,2017-02-10,2017-02-23,0.029874866123851002,0.030859162687394123,2984.319098840249,99893.97396688843,159
TORNTPHARM.NS,development,2017-05-04,2017-05-17,-0.014660349027062824,-0.01368689778842085,-1457.3410553751348,99406.98224066161,147
TORNTPHARM.NS,development,2018-03-22,2018-04-06,0.06508159990523169,0.06607573050504179,6505.9832952418055,99966.55436737061,161
TORNTPHARM.NS,development,2019-04-26,2019-05-13,-0.04607279990584558,-0.045107494516587784,-4569.877894291674,99188.1957170105,115
TORNTPHARM.NS,development,2019-05-23,2019-06-06,-0.029267839357154546,-0.02830079155787163,-2925.4362102487366,99953.952,128
TORNTPHARM.NS,development,2019-10-03,2019-10-17,0.052695992453323244,0.053688008868055366,5248.851686965615,99606.27825,124
TORNTPHARM.NS,development,2020-07-28,2020-08-10,0.3066384900066233,0.3077063958554685,30327.19739412235,98902.12214868164,86
TORNTPHARM.NS,development,2020-10-28,2020-11-10,-0.0663752394176162,-0.06541407848011985,-6556.105550832874,98773.362,76
TORNTPHARM.NS,development,2020-11-11,2020-11-24,0.07136600178528332,0.07236604975211258,7061.69802703759,98950.4505,81
TORNTPHARM.NS,development,2021-01-19,2021-02-02,-0.03575773563897736,-0.03479197389208905,-3568.9529434389874,99809.2546875,75
TORNTPHARM.NS,development,2021-10-27,2021-11-10,-0.03757865673546882,-0.03661271387740524,-3744.115285637283,99634.09048901366,68
TORNTPHARM.NS,development,2022-01-28,2022-02-10,-0.042278176338680855,-0.041310120377369156,-4176.317160381486,98781.86624999999,73
TORNTPHARM.NS,validation,2023-09-04,2023-09-15,0.034576267823970164,0.035564212353656977,3434.2752677187505,99324.6375,55
TORNTPOWER.NS,development,2017-06-27,2017-07-10,0.061564371345249766,0.06255768762609225,6151.347730092937,99917.33198405457,562
TORNTPOWER.NS,development,2018-02-05,2018-02-19,0.030270345870777118,0.031254750358419174,3023.868997549997,99895.42275,397
TORNTPOWER.NS,development,2018-03-26,2018-04-10,0.10960219270414433,0.11060917711942198,10955.172308644793,99953.952,446
TORNTPOWER.NS,development,2018-05-15,2018-05-28,0.04021260532984274,0.04119979483942235,4017.7995144687457,99913.932,438
TORNTPOWER.NS,development,2018-06-28,2018-07-11,0.04203189169764551,0.04301990457353872,4196.426069682407,99839.0959861908,454
TORNTPOWER.NS,development,2018-09-24,2018-10-08,-0.011339697311716896,-0.010366930331794706,-1131.8546559024358,99813.48044739533,443
TORNTPOWER.NS,development,2018-12-11,2018-12-24,0.07802665351996371,0.07902506848542168,7789.1267151155325,99826.48702372742,418
TORNTPOWER.NS,development,2019-09-05,2019-09-19,0.027624272897621004,0.028608076326090717,2758.4371653986914,99855.55730722047,367
TORNTPOWER.NS,development,2021-04-22,2021-05-05,0.07850825595760486,0.07950652301112329,7842.807733563457,99897.87236897278,263
TORNTPOWER.NS,development,2022-02-09,2022-02-22,-0.08507685345963602,-0.0841257238891817,-8500.975609384934,99921.13323065185,194
TORNTPOWER.NS,development,2022-05-12,2022-05-25,-0.04792404516122925,-0.0469608947149431,-4772.696815835871,99588.77218688965,220
TORNTPOWER.NS,validation,2022-09-27,2022-10-11,-0.032107459176081835,-0.031139744814226357,-3197.4203605871103,99584.97005484009,201
TORNTPOWER.NS,validation,2022-12-26,2023-01-06,0.007904915934122453,0.00888434395160452,786.8058631186332,99533.742,209
TORNTPOWER.NS,validation,2023-01-20,2023-02-03,-0.024605835441393616,-0.02363673242916117,-2455.0683998878694,99775.86031311036,220
TORNTPOWER.NS,out_of_sample,2025-07-23,2025-08-05,-0.02476411509731879,-0.023793849238356386,-2463.437871956487,99476.11139245606,74
TORNTPOWER.NS,out_of_sample,2025-10-03,2025-10-16,0.09734657383422987,0.09835080454045304,9711.474880943808,99761.856,82
TORNTPOWER.NS,out_of_sample,2026-08-06,2026-08-19,-0.06443136191885673,-0.06347259912976916,-6410.902792301717,99499.725,75
TRENT.NS,development,2022-05-10,2022-05-23,-0.03396671780511695,-0.032997366063062084,-3364.386415237932,99049.5,90
TRENT.NS,validation,2023-01-10,2023-01-23,-0.041386703929560724,-0.040420402043875946,-4108.648995259368,99274.6125,81
TRENT.NS,validation,2024-07-22,2024-08-02,0.08117095515871815,0.08218136528604583,7884.828480378127,97138.54500000001,19
TRENT.NS,out_of_sample,2024-11-08,2024-11-25,0.031801452175446686,0.03279280132715142,3126.0549225757554,98299.125,15
TRENT.NS,out_of_sample,2025-01-22,2025-02-03,0.06697001122788056,0.06797455483530777,6533.6449247205155,97560.75600000001,17
TRENT.NS,out_of_sample,2025-09-24,2025-10-08,-0.06744943294542573,-0.0664887285886029,-6664.63665068909,98809.38,20
TRENT.NS,out_of_sample,2025-11-11,2025-11-24,0.0012168066751658028,0.0021971557740120755,120.26234852995697,98834.3925,23
TRENT.NS,out_of_sample,2025-12-11,2025-12-24,0.06392723602429992,0.06493508530632593,6173.853623073099,96576.264,24
TRENT.NS,out_of_sample,2026-01-02,2026-01-15,-0.0878661676402624,-0.0869059614948211,-8568.304727148081,97515.40276831054,34
TVSMOTOR.NS,development,2018-01-17,2018-01-31,-0.03804878707057563,-0.037083493316098996,-3795.8137458003766,99761.7542645874,138
TVSMOTOR.NS,development,2018-02-02,2018-02-16,-0.026286941167847393,-0.02531915749160509,-2628.2805961182344,99984.26896975709,149
TVSMOTOR.NS,development,2018-05-07,2018-05-18,-0.08041740205554197,-0.07946461472265759,-8029.02604976338,99841.89795410157,160
TVSMOTOR.NS,development,2018-05-21,2018-06-01,0.036988688648137286,0.037974763424144437,3697.4173371273314,99960.75752508544,174
TVSMOTOR.NS,development,2018-07-02,2018-07-13,0.03427330604532349,0.03525918066803309,3421.0221689442524,99815.9373484497,177
TVSMOTOR.NS,development,2018-07-24,2018-08-06,-0.023216887189585905,-0.022247340513090744,-2316.229442062613,99764.8575,185
TVSMOTOR.NS,development,2019-01-28,2019-02-08,-0.004898732164322321,-0.003924292013101947,-489.17811246563303,99858.1053335266,202
TVSMOTOR.NS,development,2019-06-20,2019-07-03,-0.020501355183644685,-0.019530866620865627,-2044.4943142187487,99724.8375,225
TVSMOTOR.NS,development,2019-07-22,2019-08-02,-0.056614381419605446,-0.05565394980170625,-5641.240688509958,99643.24518003844,253
TVSMOTOR.NS,development,2020-02-14,2020-02-28,-0.022897116474367867,-0.02192715661018482,-2282.4993960960037,99685.01486425783,224
TVSMOTOR.NS,development,2020-04-07,2020-04-22,0.18832591178357003,0.18935586460775813,18808.46870064256,99871.91100000001,393
TVSMOTOR.NS,development,2020-10-27,2020-11-09,0.10986842777673837,0.11087560097958982,10978.705702175837,99925.93800000001,232
TVSMOTOR.NS,development,2021-07-23,2021-08-05,-0.029760745852391992,-0.028793336313547087,-2970.9673213229107,99828.38925,171
TVSMOTOR.NS,development,2021-08-17,2021-08-31,-0.030373884809362685,-0.029407324307030344,-3037.2737625700793,99996.223125,185
TVSMOTOR.NS,development,2021-12-17,2021-12-30,-0.031288248229978916,-0.030320309569467362,-3115.926837141799,99587.769,157
TVSMOTOR.NS,development,2022-03-07,2022-03-21,0.11624597353454798,0.11725628398084816,11578.305416889978,99601.77600000001,183
TVSMOTOR.NS,validation,2022-11-21,2022-12-02,-0.022626420940693646,-0.021655878238779423,-2252.680925382329,99559.755,93
TVSMOTOR.NS,validation,2024-04-18,2024-05-02,0.04438290423366717,0.045374787970006554,4396.104472892616,99049.5,50
TVSMOTOR.NS,out_of_sample,2024-10-25,2024-11-07,-0.01151981015948137,-0.010538132658120819,-1124.68706937921,97630.69476049805,39
TVSMOTOR.NS,out_of_sample,2025-01-14,2025-01-27,0.02178117946536521,0.02277055940864974,2136.282027635794,98079.26292663575,45
TVSMOTOR.NS,out_of_sample,2026-05-19,2026-06-01,0.015570359700627912,0.016555801989844108,1535.2261779711291,98599.275,30
UBL.NS,development,2016-12-21,2017-01-03,-0.027502651152406722,-0.026532851803962188,-2733.6748299353285,99396.77505221558,123
UBL.NS,development,2017-02-14,2017-02-28,-0.013142295824171566,-0.012170281767066232,-1312.5461988873344,99871.91100000001,127
UBL.NS,development,2017-12-07,2017-12-20,0.037530500397422124,0.03852023732598873,3718.9992513782568,99092.71691015625,96
UBL.NS,development,2018-02-19,2018-03-05,0.023514072783452553,0.02449923813819524,2333.1976982128763,99225.588,98
UBL.NS,development,2018-03-26,2018-04-10,0.053697435669440546,0.05468861510473196,5363.6228894838805,99886.01546081543,106
UBL.NS,development,2018-07-23,2018-08-03,0.05217675848378517,0.053167316508688695,5214.124750372869,99931.941,93
UBL.NS,development,2019-03-26,2019-04-09,0.07412042087388476,0.07511981878150892,7360.500920810755,99304.62933197022,75
UBL.NS,development,2020-05-08,2020-05-21,0.05569797788614177,0.05668962072066223,5565.0039750534725,99913.932,114
UBL.NS,development,2020-07-17,2020-07-30,-0.02294138616871835,-0.02197093505500407,-2284.044524532203,99560.005125,101
UBL.NS,development,2020-10-27,2020-11-09,0.03942651718230449,0.04041600999677367,3914.533510550514,99286.81989459229,106
UBL.NS,development,2021-02-24,2021-03-09,0.029732687248218814,0.03072129850171425,2938.165868266326,98819.38500000001,83
UBL.NS,development,2021-04-07,2021-04-22,0.0013190201474646804,0.0022964814551580527,131.31076528438714,99551.751,89
UBL.NS,development,2022-03-04,2022-03-17,0.06026872453649947,0.061264935361401304,5973.156514380916,99108.72613146972,71
UBL.NS,development,2022-08-04,2022-08-19,0.05892656923831752,0.05992248864162259,5838.769636941557,99085.51800000001,63
UBL.NS,validation,2023-01-23,2023-02-06,0.011166163925919969,0.012150024885129064,1101.8303062729658,98675.81325,63
UBL.NS,validation,2023-02-13,2023-02-24,-0.03528992508467703,-0.03432160567665394,-3501.0986458822726,99209.58,67
UBL.NS,validation,2024-02-29,2024-03-14,0.034390287974161285,0.03537657451076489,3429.462556548911,99721.83306884766,60
UBL.NS,out_of_sample,2025-03-04,2025-03-18,-0.014640545976281073,-0.013666515798704365,-1453.3026977874943,99265.608,52
UCOBANK.NS,development,2016-11-07,2016-11-21,0.02943256685424548,0.03041639294294441,2942.658033076532,99979.6602059555,3042
UCOBANK.NS,development,2017-05-25,2017-06-07,-0.03508602552313188,-0.03412076630583414,-3507.9979698175393,99982.76856706811,2839
ULTRACEMCO.NS,development,2016-11-16,2016-11-29,0.0375226491760142,0.03851419878296149,3701.5830753593773,98649.29999999999,29
ULTRACEMCO.NS,development,2016-12-19,2016-12-30,0.016391542503666656,0.01737583843693348,1621.7192291703916,98936.34042114257,31
ULTRACEMCO.NS,development,2017-05-30,2017-06-12,-0.008991416519162989,-0.008009624553955118,-879.152510161553,97776.864,24
ULTRACEMCO.NS,development,2018-05-23,2018-06-05,-0.021955666260480695,-0.02097664566154426,-2141.747799127066,97548.75,26
ULTRACEMCO.NS,development,2018-10-24,2018-11-06,0.1064132728650532,0.107427505476584,10423.80326342041,97955.85628344727,29
ULTRACEMCO.NS,development,2019-01-28,2019-02-08,0.011113304641611197,0.012098579991855015,1092.7616879676373,98329.14,28
ULTRACEMCO.NS,development,2019-08-21,2019-09-04,-0.04193529501302781,-0.040959327075807954,-4064.051426349997,96912.432,24
ULTRACEMCO.NS,development,2019-11-15,2019-11-28,0.05943592002158537,0.06044023909797667,5771.283023017652,97100.92854492187,24
ULTRACEMCO.NS,development,2021-04-26,2021-05-07,0.05451249585391699,0.0555109621383849,5350.829460572661,98157.8512734375,16
ULTRACEMCO.NS,development,2021-10-20,2021-11-02,0.08375698960541249,0.0847585710748279,8329.60748916139,99449.7,14
ULTRACEMCO.NS,development,2022-03-04,2022-03-17,0.06861725430221291,0.06963224930811104,6535.354184623737,95243.598,16
ULTRACEMCO.NS,development,2022-06-06,2022-06-17,-0.09083332242572582,-0.0898701168988019,-8775.2510462348,96608.28,17
ULTRACEMCO.NS,validation,2024-03-07,2024-03-21,-0.0066610601763819124,-0.005673005931043811,-642.5172271897478,96458.70329589843,10
ULTRACEMCO.NS,out_of_sample,2025-05-29,2025-06-11,0.01656058728181026,0.017584904765147888,1491.0655308500013,90036.996,8
ULTRACEMCO.NS,out_of_sample,2026-03-16,2026-03-30,0.004526349611563069,0.005519264735017691,434.8826858750007,96078.01499999998,9
UNIONBANK.NS,development,2016-11-07,2016-11-21,0.09271663105145762,0.09371858003668918,9271.549679997117,99998.7766472168,736
UNIONBANK.NS,development,2016-12-20,2017-01-02,-0.05232796289890783,-0.051367552382764234,-5230.459746057407,99955.34808343505,756
UNIONBANK.NS,development,2017-05-30,2017-06-12,0.004506314761428723,0.005483292927931163,450.17936125159633,99899.6708141327,665
UNIONBANK.NS,development,2017-06-27,2017-07-10,0.07910419492935827,0.0801024046419005,7906.856046714747,99954.9525,689
UNIONBANK.NS,development,2017-08-04,2017-08-18,-0.08467584550173998,-0.0837245821564294,-8460.516577927601,99916.52906204223,694
UNIONBANK.NS,development,2017-12-14,2017-12-28,-0.017302716787830314,-0.01633188877706792,-1728.0104527501937,99869.31381582642,674
UNIONBANK.NS,development,2018-01-12,2018-01-25,0.010003330630097982,0.010982008995502286,999.0317297281287,99869.90999999999,713
UNIONBANK.NS,development,2018-02-05,2018-02-19,-0.10315491529891059,-0.10220900811944493,-10307.959779418346,99926.98602436067,819
UNIONBANK.NS,development,2018-02-20,2018-03-06,-0.08308992245210632,-0.08213826578397268,-8303.358011045319,99932.19112500001,949
UNIONBANK.NS,development,2018-03-26,2018-04-10,0.1969368038259218,0.19796901639279868,19679.094500270945,99925.93622909546,1160
UNIONBANK.NS,development,2018-05-11,2018-05-24,0.03495891534961408,0.035944545874122706,3493.302407772785,99925.938,1189
UNIONBANK.NS,development,2018-06-26,2018-07-09,-0.012802466774659245,-0.011830645357475024,-1279.534208109462,99944.34905639649,1216
UNIONBANK.NS,development,2018-09-19,2018-10-04,-0.10156878117172834,-0.10062241807420362,-10149.467921600208,99927.04258644104,1322
UNIONBANK.NS,development,2018-10-23,2018-11-05,0.27027500071425903,0.27132819824752885,27014.62245256548,99952.35364415358,1601
UNIONBANK.NS,development,2018-12-07,2018-12-20,0.11001017688447139,0.1110173475666961,10994.058592300631,99936.74134208678,1348
UNIONBANK.NS,development,2019-05-02,2019-05-15,-0.14138197652458928,-0.14044728296943162,-14135.647969894284,99981.966,1204
UNIONBANK.NS,development,2019-05-16,2019-05-29,0.0966492175020453,0.09765255100627285,9658.682342507946,99935.44274999999,1397
UNIONBANK.NS,development,2019-08-23,2019-09-06,-0.05238459377685949,-0.05142431412488646,-5237.619495493925,99983.967,1723
UNIONBANK.NS,development,2019-10-03,2019-10-17,0.023020683495932587,0.024002717676350805,2301.3008710097133,99966.66134679793,1963
UNIONBANK.NS,development,2020-02-04,2020-02-17,-0.02643943711097001,-0.025471637620767464,-2643.1336830104574,99969.36288457489,2086
UNIONBANK.NS,development,2020-02-19,2020-03-04,-0.16540073716003925,-0.1644729009207343,-16535.02233614087,99969.45975,2297
UNIONBANK.NS,development,2020-03-13,2020-03-26,0.06964049685200516,0.0706358447930124,6963.350989016507,99989.96709938049,3800
UNIONBANK.NS,development,2020-04-29,2020-05-13,-0.07271856382108326,-0.07176410383370334,-7270.181200912861,99976.9635,3701
UNIONBANK.NS,out_of_sample,2025-07-29,2025-08-11,0.01593048947156325,0.01691048465805638,1592.5177542839203,99966.65558372499,755
UNIONBANK.NS,out_of_sample,2026-07-07,2026-07-20,0.0881317744338869,0.0891328469255044,8803.344149208384,99888.42509703827,619
UNITDSPR.NS,development,2016-11-04,2016-11-18,-0.1209955718787979,-0.12005406038935969,-12068.570174500805,99743.899608078,235
UNITDSPR.NS,development,2017-04-05,2017-04-19,-0.07015286293782422,-0.06919713975614099,-7004.475597297977,99845.898,244
UNITDSPR.NS,development,2017-08-14,2017-08-29,0.04208663408042935,0.0430752934248088,4195.2888531916715,99682.21372073366,203
UNITDSPR.NS,development,2018-01-25,2018-02-08,-0.08797533110095872,-0.08702297490436164,-8745.599512640354,99409.68000000001,144
UNITDSPR.NS,development,2018-05-11,2018-05-24,-0.04735679182805626,-0.04639508869838103,-4735.185330486857,99989.57166860961,153
UNITDSPR.NS,development,2018-07-13,2018-07-26,-0.04160648034833955,-0.040643093088591174,-4159.897703567353,99981.966,166
UNITDSPR.NS,development,2018-09-24,2018-10-08,-0.1443661108981005,-0.14343123484697645,-14396.569509995303,99722.6386472168,184
UNITDSPR.NS,development,2019-01-11,2019-01-24,-0.02674911196623875,-0.025780198637882352,-2666.0789073437427,99669.81,170
UNITDSPR.NS,development,2019-01-28,2019-02-08,-0.014800391675137005,-0.013827458135760695,-1473.0094743524896,99525.03330212402,178
UNITDSPR.NS,development,2019-12-10,2019-12-23,0.007535899282473322,0.008515503216769783,749.5503631302448,99463.957125,169
UNITDSPR.NS,development,2020-09-01,2020-09-14,0.0005474778038297208,0.0015237782753548784,54.63000011433968,99784.86750000001,183
UNITDSPR.NS,development,2020-09-22,2020-10-06,0.008042762689498866,0.009021351393268885,802.2804654312501,99751.851,191
UNITDSPR.NS,development,2021-03-01,2021-03-15,-0.011104914203999732,-0.010131064192397902,-1105.619253327776,99561.26026885986,185
UNITDSPR.NS,development,2022-05-26,2022-06-08,0.031020137707747072,0.0320070210108286,3081.3587716759366,99334.14225,133
UNITDSPR.NS,validation,2023-01-23,2023-02-06,-0.05643832733149819,-0.055478776503083645,-5636.773003879741,99874.9125,121
UNITDSPR.NS,out_of_sample,2026-01-13,2026-01-27,-0.016655395842777757,-0.01568422346490794,-1662.70636540315,99829.8918319702,75
UNITECH.NS,development,2016-11-16,2016-11-29,-0.002473837665681567,-0.0014992503748126054,-247.3724336010274,99995.41887194681,20191
UNITECH.NS,development,2017-03-30,2017-04-13,0.015675486890819983,0.016655291395744953,1567.4855638962888,99995.973,18172
UNITECH.NS,development,2017-06-01,2017-06-14,0.038269537645364275,0.03925584260262102,3826.77292551713,99995.27459618212,20397
UNOMINDA.NS,out_of_sample,2025-10-15,2025-10-29,0.023659855997938115,0.024643928035981994,2354.2911954499987,99505.728,84
UNOMINDA.NS,out_of_sample,2025-12-11,2025-12-24,0.04953579774988374,0.05052716453657685,4930.894861711902,99542.05010705566,81
UNOMINDA.NS,out_of_sample,2026-01-21,2026-02-04,0.0750243762112913,0.07602303390281336,7468.808019516794,99551.751,89
UNOMINDA.NS,out_of_sample,2026-03-16,2026-03-30,0.018567554686327547,0.019551976028492943,1839.28160796169,99058.90350311279,98
UPL.NS,development,2017-02-16,2017-03-02,-0.006796239069499405,-0.005821440370904464,-677.1314492251822,99633.25926306153,212
UPL.NS,development,2017-03-06,2017-03-20,0.03396901646842675,0.03495551058159816,3384.679536212837,99640.19827770996,216
UPL.NS,development,2017-09-27,2017-10-11,0.03219977687449951,0.03318593590977334,3207.004722371574,99597.11009399415,190
UPL.NS,development,2017-11-07,2017-11-20,-0.04571080826040225,-0.044747085604507505,-4553.01170955336,99604.70800726318,196
UPL.NS,development,2018-02-05,2018-02-19,-0.01816585710675536,-0.017194998563629348,-1812.9502685220466,99799.875,210
UPL.NS,development,2018-05-02,2018-05-15,-0.0007026305842697817,0.0002740474690332477,-69.98325406518794,99601.77600000001,204
UPL.NS,development,2018-05-22,2018-06-04,-0.007610081845754118,-0.006636468792713926,-760.0181890280977,99869.91,217
UPL.NS,development,2018-06-21,2018-07-04,-0.04540350757936498,-0.0444397849165692,-4523.398181553392,99626.62408067321,229
UPL.NS,development,2018-07-16,2018-07-27,0.11360108168675066,0.1146095639504093,11345.018895818443,99867.17315863038,263
UPL.NS,development,2019-06-21,2019-07-04,0.1929808189900487,0.19401194199193467,19281.472425876036,99913.932,171
UPL.NS,development,2019-08-06,2019-08-21,-0.006279477804728498,-0.005304277424824087,-625.2508240933412,99570.51263442992,185
UPL.NS,development,2019-11-11,2019-11-25,-0.021359143328736032,-0.020389805097451277,-2134.8453077500003,99949.95000000001,180
UPL.NS,development,2020-01-28,2020-02-10,0.06401039416466381,0.06500558473267139,6377.101969445075,99626.038125,185
UPL.NS,development,2020-03-16,2020-03-27,-0.1808455716732833,-0.17992107130080473,-18029.22185807584,99694.01899786378,254
UPL.NS,development,2020-10-19,2020-10-30,-0.04778122075338427,-0.04681871018717373,-4766.551921310596,99757.85143524171,210
UPL.NS,development,2021-08-06,2021-08-20,-0.06858247837464518,-0.06762642883508642,-6849.820198021384,99877.1167265625,128
UPL.NS,development,2021-08-23,2021-09-03,0.025889106494052135,0.026873431870370546,2578.600985860726,99601.776,136
UPL.NS,development,2021-09-21,2021-10-04,-0.006224578934413678,-0.00524923692791574,-619.5904873493225,99539.341355896,141
UPL.NS,development,2022-02-22,2022-03-08,0.04852329174469757,0.0495127069191445,4850.143321484888,99954.9525,145
UPL.NS,development,2022-06-17,2022-06-30,-0.07696807097929323,-0.07601422902812147,-7683.4371102632385,99826.29176623536,146
UPL.NS,validation,2022-09-27,2022-10-11,-0.030450215447815163,-0.029482937087428582,-3039.28713331726,99811.67911688233,146
UPL.NS,validation,2023-05-10,2023-05-23,-0.02421018247055692,-0.023240052409912684,-2410.103036743229,99549.14795352172,143
UPL.NS,validation,2023-07-10,2023-07-21,-0.05025290860998666,-0.049289495371816684,-4993.0362451822075,99358.15425,149
UPL.NS,validation,2023-08-04,2023-08-18,-0.04549111840871285,-0.04452808799103458,-4539.666576819982,99792.37125,165
UPL.NS,validation,2023-10-31,2023-11-13,0.030645773410402588,0.03163167382635913,3050.8006139458917,99550.45262164307,186
UPL.NS,validation,2024-01-10,2024-01-24,-0.02960923008504403,-0.028642096064267264,-2958.196857081243,99907.92899999999,178
UPL.NS,validation,2024-02-06,2024-02-19,0.04227843865289076,0.043267583057711285,4209.89943531234,99575.56545254518,209
UPL.NS,validation,2024-07-22,2024-08-02,-0.006910570018421624,-0.005937076627701813,-690.7111278127404,99949.95,185
UPL.NS,out_of_sample,2025-05-15,2025-05-28,-0.01374155608913369,-0.012768499451491291,-1368.24621768804,99569.96200524902,156
UPL.NS,out_of_sample,2025-09-29,2025-10-13,0.0372692212789308,0.03825585325419972,3721.029714931996,99841.896,154
UPL.NS,out_of_sample,2026-01-22,2026-02-05,0.06692220799936184,0.06791949484422825,6646.361073051239,99314.73081573486,142
UPL.NS,out_of_sample,2026-02-24,2026-03-10,-0.025226321271238042,-0.024255797984456245,-2506.9833571180106,99379.665,154
UPL.NS,out_of_sample,2026-06-30,2026-07-13,0.028393990170687573,0.029377732736419103,2837.296101368736,99925.93800000001,174
VBL.NS,out_of_sample,2026-02-05,2026-02-18,0.033665951263179686,0.03465158976271961,3360.9137747975083,99831.24339852907,223
VBL.NS,out_of_sample,2026-07-08,2026-07-21,-0.0419847043517179,-0.04102124897149196,-4195.85862536171,99937.79139688112,207
VBL.NS,out_of_sample,2026-07-29,2026-08-11,-0.007135769719481732,-0.00616139456092528,-711.5374219841735,99714.17940261842,227
VEDL.NS,development,2017-04-18,2017-05-02,0.016237464491333498,0.01721743302366873,1623.6712717695823,99995.37012913515,421
VEDL.NS,development,2017-11-15,2017-11-28,-0.013719492649622208,-0.01274770678276933,-1370.4047073303605,99887.41875,326
VEDL.NS,development,2018-03-21,2018-04-05,-0.002818813891938604,-0.0018435819931830303,-281.345476296725,99809.87999999999,344
VEDL.NS,development,2018-05-22,2018-06-04,-0.0708681583479462,-0.06991292696558711,-7080.950172845972,99917.2313478241,377
VEDL.NS,development,2018-06-19,2018-07-02,0.04504931292124348,0.04603806107980307,4499.169925078021,99872.1097687683,436
VEDL.NS,development,2018-07-13,2018-07-26,0.013928540558444329,0.014908038938277305,1392.1151258749965,99946.9485,469
VEDL.NS,development,2019-02-04,2019-02-18,-0.09322115033910124,-0.09227206281104473,-9307.786949783502,99846.3000716629,613
VEDL.NS,development,2019-08-06,2019-08-21,0.0021837015592180912,0.0031598980722287195,218.21301946366037,99928.04123920441,717
VEDL.NS,development,2020-01-30,2020-02-12,-0.006687183157546024,-0.0057137514930046315,-668.5940105963059,99981.41143208314,703
VEDL.NS,development,2020-02-25,2020-03-09,-0.2958479522250421,-0.29495738864389787,-29557.910058431054,99909.12506282043,743
VEDL.NS,development,2020-03-11,2020-03-24,-0.3192983219746693,-0.3184147139710201,-31917.684812105726,99961.956,1086
VEDL.NS,development,2020-10-09,2020-10-22,-0.11296150109618197,-0.11201870616371042,-11296.141341168694,99999.9223766556,851
VEDL.NS,development,2021-06-18,2021-07-01,0.014123904508550491,0.015103769475619169,1410.5474530228971,99869.512157135,386
VEDL.NS,development,2022-01-18,2022-02-01,0.038234286135741195,0.03922138730161955,3815.5588609840793,99794.1702752838,307
VEDL.NS,development,2022-05-10,2022-05-23,-0.1163290470548274,-0.11538623759833748,-11604.386930419867,99754.85250000001,289
VEDL.NS,development,2022-06-17,2022-06-30,-0.16837702844061364,-0.1674494036139629,-16805.49804005617,99808.73398049928,373
VEDL.NS,validation,2023-02-27,2023-03-13,-0.05392123986842404,-0.05296143818253759,-5391.745225314094,99992.97565246582,340
VEDL.NS,validation,2023-07-25,2023-08-07,-0.13664686788168448,-0.13571023789982922,-13642.63090873462,99838.59213331604,363
VEDL.NS,validation,2023-08-08,2023-08-22,-0.015057259369452933,-0.014085394277651146,-1502.2907888500058,99771.861,419
VEDL.NS,validation,2023-09-28,2023-10-12,0.07967561641453069,0.08067400247863596,7963.733307759968,99951.951,478
VEDL.NS,validation,2024-03-14,2024-03-28,0.07621677860268779,0.07721492952310635,7603.588387808547,99762.65760910034,396
VEDL.NS,validation,2024-08-06,2024-08-20,0.06709333349786105,0.068088532544402,6698.8898904018015,99844.34430606081,239
VEDL.NS,out_of_sample,2025-04-07,2025-04-23,0.12771597494643439,0.1287282386905321,12763.480703502113,99936.4465475464,270
VEDL.NS,out_of_sample,2026-05-01,2026-05-14,0.24510371397153663,0.24614956054280154,24505.55773314821,99980.3607055664,368
VGUARD.NS,development,2018-02-05,2018-02-19,0.13500995738888638,0.136024662576654,13480.838606738189,99850.6989222107,484
VGUARD.NS,development,2018-05-21,2018-06-01,-0.0697643280393902,-0.06880892632885394,-6973.220296161462,99953.952,446
VGUARD.NS,development,2018-06-04,2018-06-15,0.01036334337361803,0.011341659441776517,1036.1909775708932,99986.16664663696,476
VGUARD.NS,development,2018-06-28,2018-07-11,0.025586713427336358,0.026570027898940585,2554.357106486723,99831.38763565064,510
VGUARD.NS,development,2018-09-11,2018-09-26,-0.10028445768412642,-0.09933790454966387,-10025.618994493509,99971.812442482,497
VGUARD.NS,development,2019-02-01,2019-02-15,-0.06174371465018396,-0.06078600775874248,-6171.550007131648,99954.30372301483,507
VGUARD.NS,development,2019-12-11,2019-12-24,0.005368457032912665,0.006346083637171408,535.7713408275548,99799.875,475
VOLTAS.NS,development,2016-11-10,2016-11-24,-0.14058900842614758,-0.13965386244403044,-14048.4885394727,99925.938,287
VOLTAS.NS,development,2017-06-27,2017-07-10,0.023289066161012943,0.024272048489758474,2323.0750310234434,99749.599875,219
VOLTAS.NS,development,2018-01-19,2018-02-02,-0.05374630351247172,-0.05278501603536728,-5355.0420196818495,99635.54085983276,165
VOLTAS.NS,development,2018-02-05,2018-02-19,0.015633315312878537,0.016615143755555832,1555.3541631499982,99489.72,176
VOLTAS.NS,development,2018-05-11,2018-05-24,-0.12092038610127956,-0.11997805045267723,-12036.989302054384,99544.74750000001,165
VOLTAS.NS,development,2018-09-28,2018-10-12,-0.05719092897417091,-0.05623189534383199,-5716.230491421934,99949.95,185
VOLTAS.NS,development,2019-12-18,2020-01-01,-0.02873546433817423,-0.027765831025691533,-2854.875626424948,99350.25210754394,148
VOLTAS.NS,development,2020-05-06,2020-05-19,-0.017128196127520968,-0.016156556272477265,-1707.335374207489,99679.81225204469,225
VOLTAS.NS,development,2021-08-13,2021-08-27,-0.0031333578251155508,-0.0021575159576888462,-312.1945916581432,99635.793,101
VOLTAS.NS,development,2022-05-09,2022-05-20,-0.08237922093352593,-0.08142638643918758,-8212.369706603431,99689.81999999999,94
VOLTAS.NS,validation,2022-09-19,2022-09-30,-0.015036282416718822,-0.014062073326273431,-1491.5025625151325,99193.572,108
VOLTAS.NS,validation,2022-11-09,2022-11-22,-0.02396833216619143,-0.02299807034281901,-2385.657789999999,99533.742,119
VOLTAS.NS,validation,2023-06-26,2023-07-10,0.004018368759281144,0.004996954827836372,399.6891025276879,99465.51112426758,132
VOLTAS.NS,out_of_sample,2025-01-31,2025-02-12,0.020997234500384394,0.02198237087492243,2079.87910041458,99054.90651049804,78
VOLTAS.NS,out_of_sample,2025-04-03,2025-04-21,-0.011481060669539878,-0.010508279694739057,-1145.808419687496,99799.875,75
VOLTAS.NS,out_of_sample,2025-05-05,2025-05-16,0.03224177053671073,0.03323123047963168,3185.111941114793,98788.3695,81
VOLTAS.NS,out_of_sample,2025-08-12,2025-08-26,0.0928092831827256,0.09381257177049028,9250.460230491071,99671.71292852782,81
VOLTAS.NS,out_of_sample,2025-11-07,2025-11-20,0.08974567515866663,0.0907485147370448,8935.488594532526,99564.55928082275,77
VOLTAS.NS,out_of_sample,2026-03-24,2026-04-09,-0.0020894918261594583,-0.0011102443242319644,-206.59059094800173,98871.21278082277,77
VOLTAS.NS,out_of_sample,2026-08-19,2026-09-01,-0.03841437270478679,-0.03744527736131928,-3795.316014249994,98799.375,79
WHIRLPOOL.NS,validation,2022-09-26,2022-10-10,0.0013827918734550333,0.002364524995486122,136.21776270431278,98509.23,60
WHIRLPOOL.NS,validation,2023-02-02,2023-02-15,-0.004951870657303885,-0.003976446891058241,-493.2547467624953,99609.78,76
WIPRO.NS,development,2017-02-01,2017-02-14,0.03152160448171242,0.03250606305741369,3151.269564000814,99971.7373469696,1156
WIPRO.NS,development,2018-04-30,2018-05-14,-0.016209974891505708,-0.015239283254994717,-1620.7019928493971,99981.7707119751,965
WIPRO.NS,development,2019-03-11,2019-03-25,-0.012109509285502267,-0.011137288498607931,-1209.6724338062593,99894.42225,771
WIPRO.NS,development,2019-07-08,2019-07-19,-0.013844966134644683,-0.012873349712354857,-1383.3985051673612,99920.685375,746
WIPRO.NS,development,2019-11-26,2019-12-09,-0.01800733988546891,-0.01703694874981438,-1799.4327358712524,99927.73765120696,818
WIPRO.NS,development,2021-03-01,2021-03-15,0.03480710353226352,0.035792702425945504,3478.027996003293,99922.9365,486
WIPRO.NS,development,2022-01-17,2022-01-31,-0.10690071804546777,-0.1059554263363212,-10669.961748368782,99811.881,312
WIPRO.NS,development,2022-04-08,2022-04-25,-0.09897367640852477,-0.09802671085898755,-9893.701309470438,99962.9565,341
WIPRO.NS,development,2022-07-15,2022-07-28,0.03499449582882316,0.03598029479444873,3495.4767038260948,99886.47131607053,498
WIPRO.NS,validation,2023-10-23,2023-11-06,-0.018308728999924334,-0.017338361900287126,-1829.263702733519,99912.10764772797,511
WIPRO.NS,validation,2024-03-26,2024-04-09,-0.023424316572710824,-0.022455464026884028,-2340.6264974508813,99922.9365,411
WIPRO.NS,validation,2024-04-18,2024-05-02,0.008334856249829287,0.00931323046231112,832.0365112474778,99826.138125,441
WIPRO.NS,out_of_sample,2025-04-07,2025-04-23,0.051745865813999176,0.05273657429285217,5167.523690841951,99863.50811901854,432
WIPRO.NS,out_of_sample,2026-01-21,2026-02-04,-0.029770298166446628,-0.02880297128537507,-2972.5135629701326,99848.29665966798,416
WIPRO.NS,out_of_sample,2026-02-16,2026-02-27,-0.06600805720326879,-0.06505115127360447,-6590.7854911898285,99848.19687835693,465
WIPRO.NS,out_of_sample,2026-05-14,2026-05-27,0.06820908217284208,0.06920469024039719,6808.79334641543,99822.38625,530
WOCKPHARMA.NS,development,2016-11-07,2016-11-21,-0.14697093968113997,-0.14603534325968395,-14602.847821919071,99358.74298416138,133
WOCKPHARMA.NS,development,2016-11-22,2016-12-05,-0.01818503388858661,-0.01721462938780619,-1816.8967673255158,99911.65144134521,155
WOCKPHARMA.NS,development,2017-02-01,2017-02-14,0.033836323851759845,0.034822480327400075,3373.9742779796334,99714.5639331665,167
WOCKPHARMA.NS,development,2017-05-08,2017-05-19,-0.04211162584148526,-0.04114773405012376,-4203.577597228591,99819.88377868652,158
WOCKPHARMA.NS,development,2017-05-24,2017-06-06,-0.004985577739905241,-0.004011696849937805,-498.51508513205675,99991.43753027344,176
WOCKPHARMA.NS,development,2017-08-11,2017-08-28,0.09662537900239135,0.09762858482228215,9659.215087883886,99965.61139123535,196
WOCKPHARMA.NS,development,2018-01-31,2018-02-14,0.014571278906550796,0.015552835538287254,1449.571306169835,99481.40554211425,133
WOCKPHARMA.NS,development,2018-05-22,2018-06-04,0.02219152920678926,0.023173439944504652,2217.775827535002,99937.94509918214,170
WOCKPHARMA.NS,development,2018-07-19,2018-08-01,0.04149111512029293,0.042480204704015485,4129.737623634366,99533.05934683228,189
WOCKPHARMA.NS,development,2018-09-25,2018-10-09,-0.10449212904758559,-0.10354512279486822,-10403.037060647968,99558.09260916138,197
WOCKPHARMA.NS,development,2018-12-11,2018-12-24,0.057501533302448185,0.058494732428414534,5730.356518688134,99655.71680580139,227
WOCKPHARMA.NS,development,2019-01-29,2019-02-11,-0.08520898223417157,-0.08425787669850204,-8513.881184278414,99917.64906756592,244
WOCKPHARMA.NS,development,2019-05-03,2019-05-16,-0.11057223588227258,-0.10962732914819862,-11017.9832830483,99645.1161101532,265
WOCKPHARMA.NS,development,2019-06-20,2019-07-03,0.10302523672320169,0.10403091920576686,10282.63722432902,99806.97498376464,324
WOCKPHARMA.NS,development,2019-07-25,2019-08-07,-0.1287467655201116,-0.12780813965483717,-12862.755818598982,99907.40945324706,333
WOCKPHARMA.NS,development,2019-08-22,2019-09-05,-0.07947043100003436,-0.07851750357938969,-7937.097858371872,99874.85607531738,424
WOCKPHARMA.NS,development,2019-11-25,2019-12-06,-0.04475964828706859,-0.04379697582745091,-4473.011632722151,99934.02101898193,425
WOCKPHARMA.NS,development,2020-01-01,2020-01-14,0.08247586310296577,0.08347504410573242,8243.836856944297,99954.53878005983,460
WOCKPHARMA.NS,development,2020-03-11,2020-03-24,-0.4123065838545517,-0.41144972696069454,-41215.337577163154,99962.84122327423,409
WOCKPHARMA.NS,development,2020-05-15,2020-05-29,-0.0899447427592013,-0.08899456101721406,-8977.245185569356,99808.44805574798,457
YESBANK.NS,development,2017-05-15,2017-05-26,-0.0046754786434720745,-0.0037005134539201496,-466.3480822767298,99743.38839678954,333
YESBANK.NS,development,2017-10-26,2017-11-08,-0.08698685034632354,-0.08603639311300623,-8694.496540537177,99951.84911192322,301
YESBANK.NS,development,2018-09-03,2018-09-17,-0.08667470957732558,-0.08572400125203627,-8659.80755522793,99911.58433016967,287
YESBANK.NS,development,2018-09-24,2018-10-08,-0.0670523044167656,-0.06609571767480332,-6695.367148275311,99852.90149999999,422
YESBANK.NS,development,2018-11-29,2018-12-12,0.1853464613785672,0.1863753094803868,18522.365793406203,99933.74384188844,636
YESBANK.NS,development,2019-04-24,2019-05-09,-0.27109272908007664,-0.27019450339763146,-27047.968540438953,99773.862,428
YESBANK.NS,development,2019-06-14,2019-06-27,-0.05385886407240571,-0.05289885416487523,-5382.948285022978,99945.44775,843
YESBANK.NS,development,2019-08-14,2019-08-28,-0.20771416532183673,-0.2067984860831884,-20764.470640399486,99966.56033654023,1334
YESBANK.NS,development,2019-10-01,2019-10-16,-0.025052608455010093,-0.02408440451623032,-2504.4581348735023,99967.959,2379
YESBANK.NS,development,2019-12-04,2019-12-17,-0.18915942002668046,-0.18823851788398727,-18914.962369111294,99994.82112201118,1707
YESBANK.NS,development,2020-01-14,2020-01-27,0.013067266357030151,0.014046306771237919,1306.719772121361,99999.47475,2394
YESBANK.NS,development,2020-03-03,2020-03-17,0.8034798958382713,0.8046862592370457,80344.75585929067,99995.97535102844,3080
YESBANK.NS,out_of_sample,2026-07-21,2026-08-03,-0.0002991062150974162,0.0006760992559492197,-29.90979207303129,99997.22694926262,4355
ZEEL.NS,development,2016-11-15,2016-11-28,-0.05476299460717538,-0.05380164535780925,-5451.532841643449,99547.749,206
ZEEL.NS,development,2017-05-08,2017-05-19,0.009561218023731862,0.010540403194198635,953.3694140340094,99712.12994700622,197
ZEEL.NS,development,2017-10-18,2017-11-01,0.09060400253398898,0.09160718791635182,9018.726615319705,99540.04638963318,203
ZEEL.NS,development,2018-07-16,2018-07-27,0.015452578904332524,0.01643265587941728,1543.8969972617267,99911.931,196
ZEEL.NS,development,2018-08-17,2018-08-31,-0.0084294415826894,-0.00745511512513001,-839.8580930755381,99633.89446820068,198
ZEEL.NS,development,2018-09-06,2018-09-21,-0.05412228500750752,-0.05316214637753411,-5406.51453048538,99894.4248147583,210
ZEEL.NS,development,2019-01-28,2019-02-08,0.13605547274029736,0.13707045368800783,13586.078685648943,99856.9069807434,285
ZEEL.NS,development,2019-03-26,2019-04-09,-0.020141399848679784,-0.019171815179875182,-2013.6538602885219,99975.8644094696,239
ZEEL.NS,development,2019-05-08,2019-05-21,-0.06768069943865451,-0.06672386335105504,-6750.868758741718,99745.848,268
ZEEL.NS,development,2019-09-20,2019-10-04,-0.23306827511597886,-0.2321593875224332,-23269.978485028947,99841.896,324
ZEEL.NS,development,2020-01-07,2020-01-20,0.019185353836738302,0.020166331928375383,1917.6711314468696,99954.9525,377
ZEEL.NS,development,2020-02-05,2020-02-18,-0.020043157854701957,-0.019072839190756242,-2000.3046485045234,99799.875,399
ZEEL.NS,development,2020-03-11,2020-03-24,-0.3747024792095355,-0.37383491662404045,-37466.489655087076,99989.97,526
ZEEL.NS,development,2020-07-16,2020-07-29,-0.12111059948205247,-0.12016969904994516,-12097.47386251636,99887.82083692931,618
ZEEL.NS,development,2020-10-14,2020-10-27,0.02289046514560111,0.02387245668197537,2288.313081166381,99967.959,546
ZEEL.NS,development,2021-04-13,2021-04-28,0.020476199321411762,0.02145789350286005,2044.9357644552497,99868.91279754638,540
ZEEL.NS,development,2021-07-16,2021-07-30,-0.03922584802327592,-0.03826115445840036,-3915.79435693751,99826.8885,474
ZEEL.NS,development,2021-08-10,2021-08-24,-0.10944428237694057,-0.10849994945076184,-10930.037159296135,99868.50771839905,518
ZEEL.NS,development,2022-01-21,2022-02-04,-0.10019324385208091,-0.09924555451552744,-9988.797783202659,99695.32274999999,323
ZEEL.NS,development,2022-02-23,2022-03-09,0.021385081186313132,0.022366880287791116,2136.539172821408,99907.929,408
ZEEL.NS,validation,2022-11-17,2022-11-30,0.03551227440473049,0.036497884548727114,3550.18899076599,99970.75800622559,392
ZEEL.NS,validation,2023-02-24,2023-03-10,0.02725974865654474,0.028243357562772454,2722.6468319799906,99877.91399999999,531
ZEEL.NS,validation,2023-04-20,2023-05-04,-0.022036978717883706,-0.02106782740583418,-2202.550825009126,99947.94900000001,502
ZEEL.NS,validation,2023-06-21,2023-07-05,0.036321972566954505,0.037307763692123325,3631.6058214758964,99983.716875,567
ZEEL.NS,validation,2024-01-24,2024-02-07,0.15136446994568278,0.15238365688935343,15122.207836151547,99905.928,632
ZEEL.NS,validation,2024-05-07,2024-05-21,0.07751462016265473,0.07851242826022725,7746.895716118125,99941.09111109923,731
ZEEL.NS,validation,2024-07-19,2024-08-01,-0.01106036838693594,-0.010087723493578539,-1104.5315999787108,99863.90699999999,698
ZEEL.NS,out_of_sample,2025-01-28,2025-02-07,0.0017383924036182081,0.002714597613011598,173.6548351724298,99893.922,916
ZYDUSLIFE.NS,development,2022-07-26,2022-08-08,0.0351451159628171,0.036131260801184284,3507.8720636558814,99811.08235258484,287
ZYDUSLIFE.NS,validation,2023-05-22,2023-06-02,0.06555556805342215,0.06654990264241467,6552.256237589022,99949.65236590577,206
ZYDUSLIFE.NS,validation,2023-09-25,2023-10-09,0.014582291352452226,0.01556198216441589,1457.4394140785146,99945.84382196044,169
ZYDUSLIFE.NS,validation,2024-04-22,2024-05-06,0.08773196062572247,0.08873536676756597,8710.162275341676,99281.51853918456,106
ZYDUSLIFE.NS,out_of_sample,2024-09-20,2024-10-04,0.0006003816578354553,0.00157932614681002,59.518799869130945,99134.94040393065,94
ZYDUSLIFE.NS,out_of_sample,2025-04-17,2025-05-02,0.06012358203696169,0.06111755905803227,5991.302925266825,99649.79999999999,120
