anchor_date,actual_snapshot_date,raw_symbol,canonical_symbol,format
2016-06-15,2016-06-15,JETAIRWAYS.NS,JETAIRWAYS.NS,classic
2016-06-15,2016-06-15,PCJEWELLER.NS,PCJEWELLER.NS,classic
2016-06-15,2016-06-15,HEXAWARE.NS,HEXAWARE.NS,classic
2016-06-15,2016-06-15,DRREDDY.NS,DRREDDY.NS,classic
2016-06-15,2016-06-15,RELIANCE.NS,RELIANCE.NS,classic
2016-06-15,2016-06-15,IOC.NS,IOC.NS,classic
2016-06-15,2016-06-15,CASTROLIND.NS,CASTROLIND.NS,classic
2016-06-15,2016-06-15,JPASSOCIAT.NS,JPASSOCIAT.NS,classic
2016-06-15,2016-06-15,ARVIND.NS,ARVIND.NS,classic
2016-06-15,2016-06-15,INFY.NS,INFY.NS,classic
2016-06-15,2016-06-15,SKSMICRO.NS,SKSMICRO.NS,classic
2016-06-15,2016-06-15,ZEEL.NS,ZEEL.NS,classic
2016-06-15,2016-06-15,RPOWER.NS,RPOWER.NS,classic
2016-06-15,2016-06-15,JUSTDIAL.NS,JUSTDIAL.NS,classic
2016-06-15,2016-06-15,DHFL.NS,DHFL.NS,classic
2016-06-15,2016-06-15,ITC.NS,ITC.NS,classic
2016-06-15,2016-06-15,IBREALEST.NS,IBREALEST.NS,classic
2016-06-15,2016-06-15,JSWSTEEL.NS,JSWSTEEL.NS,classic
2016-06-15,2016-06-15,MRF.NS,MRF.NS,classic
2016-06-15,2016-06-15,PIDILITIND.NS,PIDILITIND.NS,classic
2016-06-15,2016-06-15,PNB.NS,PNB.NS,classic
2016-06-15,2016-06-15,TVSMOTOR.NS,TVSMOTOR.NS,classic
2016-06-15,2016-06-15,M&M.NS,M&M.NS,classic
2016-06-15,2016-06-15,BEML.NS,BEML.NS,classic
2016-06-15,2016-06-15,LUPIN.NS,LUPIN.NS,classic
2016-06-15,2016-06-15,BAJFINANCE.NS,BAJFINANCE.NS,classic
2016-06-15,2016-06-15,CEATLTD.NS,CEATLTD.NS,classic
2016-06-15,2016-06-15,ULTRACEMCO.NS,ULTRACEMCO.NS,classic
2016-06-15,2016-06-15,AJANTPHARM.NS,AJANTPHARM.NS,classic
2016-06-15,2016-06-15,WOCKPHARMA.NS,WOCKPHARMA.NS,classic
2016-06-15,2016-06-15,ACC.NS,ACC.NS,classic
2016-06-15,2016-06-15,AMARAJABAT.NS,ARE&M.NS,classic
2016-06-15,2016-06-15,TV18BRDCST.NS,TV18BRDCST.NS,classic
2016-06-15,2016-06-15,JSWENERGY.NS,JSWENERGY.NS,classic
2016-06-15,2016-06-15,CADILAHC.NS,CADILAHC.NS,classic
2016-06-15,2016-06-15,L&TFH.NS,LTF.NS,classic
2016-06-15,2016-06-15,PFC.NS,PFC.NS,classic
2016-06-15,2016-06-15,AXISBANK.NS,AXISBANK.NS,classic
2016-06-15,2016-06-15,SBIN.NS,SBIN.NS,classic
2016-06-15,2016-06-15,SYNDIBANK.NS,SYNDIBANK.NS,classic
2016-06-15,2016-06-15,YESBANK.NS,YESBANK.NS,classic
2016-06-15,2016-06-15,COALINDIA.NS,COALINDIA.NS,classic
2016-06-15,2016-06-15,IRB.NS,IRB.NS,classic
2016-06-15,2016-06-15,KTKBANK.NS,KTKBANK.NS,classic
2016-06-15,2016-06-15,MCDOWELL-N.NS,UNITDSPR.NS,classic
2016-06-15,2016-06-15,BHEL.NS,BHEL.NS,classic
2016-06-15,2016-06-15,SAIL.NS,SAIL.NS,classic
2016-06-15,2016-06-15,VEDL.NS,VEDL.NS,classic
2016-06-15,2016-06-15,COLPAL.NS,COLPAL.NS,classic
2016-06-15,2016-06-15,INDUSINDBK.NS,INDUSINDBK.NS,classic
2016-06-15,2016-06-15,HINDUNILVR.NS,HINDUNILVR.NS,classic
2016-06-15,2016-06-15,FEDERALBNK.NS,FEDERALBNK.NS,classic
2016-06-15,2016-06-15,PTC.NS,PTC.NS,classic
2016-06-15,2016-06-15,ABIRLANUVO.NS,ABIRLANUVO.NS,classic
2016-06-15,2016-06-15,SRTRANSFIN.NS,SHRIRAMFIN.NS,classic
2016-06-15,2016-06-15,BOSCHLTD.NS,BOSCHLTD.NS,classic
2016-06-15,2016-06-15,EXIDEIND.NS,EXIDEIND.NS,classic
2016-06-15,2016-06-15,KSCL.NS,KSCL.NS,classic
2016-06-15,2016-06-15,TATACHEM.NS,TATACHEM.NS,classic
2016-06-15,2016-06-15,ADANIPORTS.NS,ADANIPORTS.NS,classic
2016-06-15,2016-06-15,BATAINDIA.NS,BATAINDIA.NS,classic
2016-06-15,2016-06-15,BANKBARODA.NS,BANKBARODA.NS,classic
2016-06-15,2016-06-15,POWERGRID.NS,POWERGRID.NS,classic
2016-06-15,2016-06-15,M&MFIN.NS,M&MFIN.NS,classic
2016-06-15,2016-06-15,PETRONET.NS,PETRONET.NS,classic
2016-06-15,2016-06-15,ONGC.NS,ONGC.NS,classic
2016-06-15,2016-06-15,IOB.NS,IOB.NS,classic
2016-06-15,2016-06-15,BAJAJ-AUTO.NS,BAJAJ-AUTO.NS,classic
2016-06-15,2016-06-15,ADANIPOWER.NS,ADANIPOWER.NS,classic
2016-06-15,2016-06-15,OIL.NS,OIL.NS,classic
2016-06-15,2016-06-15,NHPC.NS,NHPC.NS,classic
2016-06-15,2016-06-15,RELINFRA.NS,RELINFRA.NS,classic
2016-06-15,2016-06-15,HINDZINC.NS,HINDZINC.NS,classic
2016-06-15,2016-06-15,CONCOR.NS,CONCOR.NS,classic
2016-06-15,2016-06-15,GODREJIND.NS,GODREJIND.NS,classic
2016-06-15,2016-06-15,DISHTV.NS,DISHTV.NS,classic
2016-06-15,2016-06-15,BRITANNIA.NS,BRITANNIA.NS,classic
2016-06-15,2016-06-15,NMDC.NS,NMDC.NS,classic
2016-06-15,2016-06-15,SIEMENS.NS,SIEMENS.NS,classic
2016-06-15,2016-06-15,BANKINDIA.NS,BANKINDIA.NS,classic
2016-06-15,2016-06-15,KOTAKBANK.NS,KOTAKBANK.NS,classic
2016-06-15,2016-06-15,CESC.NS,CESC.NS,classic
2016-06-15,2016-06-15,TATAMTRDVR.NS,TATAMTRDVR.NS,classic
2016-06-15,2016-06-15,NCC.NS,NCC.NS,classic
2016-06-15,2016-06-15,VOLTAS.NS,VOLTAS.NS,classic
2016-06-15,2016-06-15,RECLTD.NS,RECLTD.NS,classic
2016-06-15,2016-06-15,SUNPHARMA.NS,SUNPHARMA.NS,classic
2016-06-15,2016-06-15,APOLLOTYRE.NS,APOLLOTYRE.NS,classic
2016-06-15,2016-06-15,TATASTEEL.NS,TATASTEEL.NS,classic
2016-06-15,2016-06-15,UCOBANK.NS,UCOBANK.NS,classic
2016-06-15,2016-06-15,HINDALCO.NS,HINDALCO.NS,classic
2016-06-15,2016-06-15,TORNTPHARM.NS,TORNTPHARM.NS,classic
2016-06-15,2016-06-15,TATAPOWER.NS,TATAPOWER.NS,classic
2016-06-15,2016-06-15,ORIENTBANK.NS,ORIENTBANK.NS,classic
2016-06-15,2016-06-15,BEL.NS,BEL.NS,classic
2016-06-15,2016-06-15,IBULHSGFIN.NS,SAMMAANCAP.NS,classic
2016-06-15,2016-06-15,ENGINERSIN.NS,ENGINERSIN.NS,classic
2016-06-15,2016-06-15,GRANULES.NS,GRANULES.NS,classic
2016-06-15,2016-06-15,GLENMARK.NS,GLENMARK.NS,classic
2016-06-15,2016-06-15,BHARTIARTL.NS,BHARTIARTL.NS,classic
2016-06-15,2016-06-15,KPIT.NS,KPIT.NS,classic
2016-06-15,2016-06-15,TATACOMM.NS,TATACOMM.NS,classic
2016-06-15,2016-06-15,HAVELLS.NS,HAVELLS.NS,classic
2016-06-15,2016-06-15,UBL.NS,UBL.NS,classic
2016-06-15,2016-06-15,AUROPHARMA.NS,AUROPHARMA.NS,classic
2016-06-15,2016-06-15,CIPLA.NS,CIPLA.NS,classic
2016-06-15,2016-06-15,IFCI.NS,IFCI.NS,classic
2016-06-15,2016-06-15,CANBK.NS,CANBK.NS,classic
2016-06-15,2016-06-15,MARUTI.NS,MARUTI.NS,classic
2016-06-15,2016-06-15,OFSS.NS,OFSS.NS,classic
2016-06-15,2016-06-15,LICHSGFIN.NS,LICHSGFIN.NS,classic
2016-06-15,2016-06-15,GMRINFRA.NS,GMRAIRPORT.NS,classic
2016-06-15,2016-06-15,GRASIM.NS,GRASIM.NS,classic
2016-06-15,2016-06-15,UPL.NS,UPL.NS,classic
2016-06-15,2016-06-15,HCLTECH.NS,HCLTECH.NS,classic
2016-06-15,2016-06-15,BIOCON.NS,BIOCON.NS,classic
2016-06-15,2016-06-15,DIVISLAB.NS,DIVISLAB.NS,classic
2016-06-15,2016-06-15,PAGEIND.NS,PAGEIND.NS,classic
2016-06-15,2016-06-15,LT.NS,LT.NS,classic
2016-06-15,2016-06-15,ASHOKLEY.NS,ASHOKLEY.NS,classic
2016-06-15,2016-06-15,STAR.NS,STAR.NS,classic
2016-06-15,2016-06-15,DLF.NS,DLF.NS,classic
2016-06-15,2016-06-15,JISLJALEQS.NS,JISLJALEQS.NS,classic
2016-06-15,2016-06-15,TATAGLOBAL.NS,TATAGLOBAL.NS,classic
2016-06-15,2016-06-15,ICIL.NS,ICIL.NS,classic
2016-06-15,2016-06-15,TATAMOTORS.NS,TMPV.NS,classic
2016-06-15,2016-06-15,UNIONBANK.NS,UNIONBANK.NS,classic
2016-06-15,2016-06-15,GODREJCP.NS,GODREJCP.NS,classic
2016-06-15,2016-06-15,BPCL.NS,BPCL.NS,classic
2016-06-15,2016-06-15,IGL.NS,IGL.NS,classic
2016-06-15,2016-06-15,INFRATEL.NS,INFRATEL.NS,classic
2016-06-15,2016-06-15,SOUTHBANK.NS,SOUTHBANK.NS,classic
2016-06-15,2016-06-15,UNITECH.NS,UNITECH.NS,classic
2016-06-15,2016-06-15,TATAELXSI.NS,TATAELXSI.NS,classic
2016-06-15,2016-06-15,AMBUJACEM.NS,AMBUJACEM.NS,classic
2016-06-15,2016-06-15,CROMPGREAV.NS,CROMPGREAV.NS,classic
2016-06-15,2016-06-15,MARICO.NS,MARICO.NS,classic
2016-06-15,2016-06-15,WIPRO.NS,WIPRO.NS,classic
2016-06-15,2016-06-15,ADANIENT.NS,ADANIENT.NS,classic
2016-06-15,2016-06-15,HINDPETRO.NS,HINDPETRO.NS,classic
2016-06-15,2016-06-15,CAIRN.NS,CAIRN.NS,classic
2016-06-15,2016-06-15,CENTURYTEX.NS,CENTURYTEX.NS,classic
2016-06-15,2016-06-15,HDIL.NS,HDIL.NS,classic
2016-06-15,2016-06-15,JINDALSTEL.NS,JINDALSTEL.NS,classic
2016-06-15,2016-06-15,APOLLOHOSP.NS,APOLLOHOSP.NS,classic
2016-06-15,2016-06-15,IDEA.NS,IDEA.NS,classic
2016-06-15,2016-06-15,SUNTV.NS,SUNTV.NS,classic
2016-06-15,2016-06-15,CUMMINSIND.NS,CUMMINSIND.NS,classic
2016-06-15,2016-06-15,GAIL.NS,GAIL.NS,classic
2016-06-15,2016-06-15,ANDHRABANK.NS,ANDHRABANK.NS,classic
2016-06-15,2016-06-15,ICICIBANK.NS,ICICIBANK.NS,classic
2016-06-15,2016-06-15,RCOM.NS,RCOM.NS,classic
2016-06-15,2016-06-15,JUBLFOOD.NS,JUBLFOOD.NS,classic
2016-06-15,2016-06-15,SRF.NS,SRF.NS,classic
2016-06-15,2016-06-15,ALBK.NS,ALBK.NS,classic
2016-06-15,2016-06-15,TITAN.NS,TITAN.NS,classic
2016-06-15,2016-06-15,DABUR.NS,DABUR.NS,classic
2016-06-15,2016-06-15,INDIACEM.NS,INDIACEM.NS,classic
2016-06-15,2016-06-15,IDBI.NS,IDBI.NS,classic
2016-06-15,2016-06-15,RELCAPITAL.NS,RELCAPITAL.NS,classic
2016-06-15,2016-06-15,MCLEODRUSS.NS,MCLEODRUSS.NS,classic
2016-06-15,2016-06-15,HDFCBANK.NS,HDFCBANK.NS,classic
2016-06-15,2016-06-15,EICHERMOT.NS,EICHERMOT.NS,classic
2016-06-15,2016-06-15,ASIANPAINT.NS,ASIANPAINT.NS,classic
2016-06-15,2016-06-15,NTPC.NS,NTPC.NS,classic
2016-06-15,2016-06-15,MOTHERSUMI.NS,MOTHERSUMI.NS,classic
2016-06-15,2016-06-15,HEROMOTOCO.NS,HEROMOTOCO.NS,classic
2016-06-15,2016-06-15,TCS.NS,TCS.NS,classic
2016-06-15,2016-06-15,TECHM.NS,TECHM.NS,classic
2016-06-15,2016-06-15,BHARATFORG.NS,BHARATFORG.NS,classic
2017-06-15,2017-06-15,JETAIRWAYS.NS,JETAIRWAYS.NS,classic
2017-06-15,2017-06-15,PCJEWELLER.NS,PCJEWELLER.NS,classic
2017-06-15,2017-06-15,HEXAWARE.NS,HEXAWARE.NS,classic
2017-06-15,2017-06-15,DRREDDY.NS,DRREDDY.NS,classic
2017-06-15,2017-06-15,RELIANCE.NS,RELIANCE.NS,classic
2017-06-15,2017-06-15,IOC.NS,IOC.NS,classic
2017-06-15,2017-06-15,KAJARIACER.NS,KAJARIACER.NS,classic
2017-06-15,2017-06-15,CASTROLIND.NS,CASTROLIND.NS,classic
2017-06-15,2017-06-15,UJJIVAN.NS,UJJIVAN.NS,classic
2017-06-15,2017-06-15,BALRAMCHIN.NS,BALRAMCHIN.NS,classic
2017-06-15,2017-06-15,CGPOWER.NS,CGPOWER.NS,classic
2017-06-15,2017-06-15,JPASSOCIAT.NS,JPASSOCIAT.NS,classic
2017-06-15,2017-06-15,ARVIND.NS,ARVIND.NS,classic
2017-06-15,2017-06-15,INFY.NS,INFY.NS,classic
2017-06-15,2017-06-15,ZEEL.NS,ZEEL.NS,classic
2017-06-15,2017-06-15,RPOWER.NS,RPOWER.NS,classic
2017-06-15,2017-06-15,JUSTDIAL.NS,JUSTDIAL.NS,classic
2017-06-15,2017-06-15,DHFL.NS,DHFL.NS,classic
2017-06-15,2017-06-15,INDIGO.NS,INDIGO.NS,classic
2017-06-15,2017-06-15,INDIANB.NS,INDIANB.NS,classic
2017-06-15,2017-06-15,ITC.NS,ITC.NS,classic
2017-06-15,2017-06-15,RDEL.NS,RDEL.NS,classic
2017-06-15,2017-06-15,IBREALEST.NS,IBREALEST.NS,classic
2017-06-15,2017-06-15,JSWSTEEL.NS,JSWSTEEL.NS,classic
2017-06-15,2017-06-15,MRF.NS,MRF.NS,classic
2017-06-15,2017-06-15,PIDILITIND.NS,PIDILITIND.NS,classic
2017-06-15,2017-06-15,IDFCBANK.NS,IDFCBANK.NS,classic
2017-06-15,2017-06-15,PNB.NS,PNB.NS,classic
2017-06-15,2017-06-15,TVSMOTOR.NS,TVSMOTOR.NS,classic
2017-06-15,2017-06-15,M&M.NS,M&M.NS,classic
2017-06-15,2017-06-15,BEML.NS,BEML.NS,classic
2017-06-15,2017-06-15,LUPIN.NS,LUPIN.NS,classic
2017-06-15,2017-06-15,BAJFINANCE.NS,BAJFINANCE.NS,classic
2017-06-15,2017-06-15,CEATLTD.NS,CEATLTD.NS,classic
2017-06-15,2017-06-15,DCBBANK.NS,DCBBANK.NS,classic
2017-06-15,2017-06-15,ULTRACEMCO.NS,ULTRACEMCO.NS,classic
2017-06-15,2017-06-15,SUZLON.NS,SUZLON.NS,classic
2017-06-15,2017-06-15,AJANTPHARM.NS,AJANTPHARM.NS,classic
2017-06-15,2017-06-15,WOCKPHARMA.NS,WOCKPHARMA.NS,classic
2017-06-15,2017-06-15,GODFRYPHLP.NS,GODFRYPHLP.NS,classic
2017-06-15,2017-06-15,ACC.NS,ACC.NS,classic
2017-06-15,2017-06-15,AMARAJABAT.NS,ARE&M.NS,classic
2017-06-15,2017-06-15,TV18BRDCST.NS,TV18BRDCST.NS,classic
2017-06-15,2017-06-15,JSWENERGY.NS,JSWENERGY.NS,classic
2017-06-15,2017-06-15,CADILAHC.NS,CADILAHC.NS,classic
2017-06-15,2017-06-15,L&TFH.NS,LTF.NS,classic
2017-06-15,2017-06-15,PFC.NS,PFC.NS,classic
2017-06-15,2017-06-15,AXISBANK.NS,AXISBANK.NS,classic
2017-06-15,2017-06-15,RAMCOCEM.NS,RAMCOCEM.NS,classic
2017-06-15,2017-06-15,SBIN.NS,SBIN.NS,classic
2017-06-15,2017-06-15,SYNDIBANK.NS,SYNDIBANK.NS,classic
2017-06-15,2017-06-15,YESBANK.NS,YESBANK.NS,classic
2017-06-15,2017-06-15,COALINDIA.NS,COALINDIA.NS,classic
2017-06-15,2017-06-15,ESCORTS.NS,ESCORTS.NS,classic
2017-06-15,2017-06-15,IRB.NS,IRB.NS,classic
2017-06-15,2017-06-15,KTKBANK.NS,KTKBANK.NS,classic
2017-06-15,2017-06-15,MCDOWELL-N.NS,UNITDSPR.NS,classic
2017-06-15,2017-06-15,BHEL.NS,BHEL.NS,classic
2017-06-15,2017-06-15,SAIL.NS,SAIL.NS,classic
2017-06-15,2017-06-15,VEDL.NS,VEDL.NS,classic
2017-06-15,2017-06-15,SINTEX.NS,SINTEX.NS,classic
2017-06-15,2017-06-15,PVR.NS,PVRINOX.NS,classic
2017-06-15,2017-06-15,COLPAL.NS,COLPAL.NS,classic
2017-06-15,2017-06-15,INDUSINDBK.NS,INDUSINDBK.NS,classic
2017-06-15,2017-06-15,MRPL.NS,MRPL.NS,classic
2017-06-15,2017-06-15,HINDUNILVR.NS,HINDUNILVR.NS,classic
2017-06-15,2017-06-15,FEDERALBNK.NS,FEDERALBNK.NS,classic
2017-06-15,2017-06-15,PTC.NS,PTC.NS,classic
2017-06-15,2017-06-15,ABIRLANUVO.NS,ABIRLANUVO.NS,classic
2017-06-15,2017-06-15,SRTRANSFIN.NS,SHRIRAMFIN.NS,classic
2017-06-15,2017-06-15,BOSCHLTD.NS,BOSCHLTD.NS,classic
2017-06-15,2017-06-15,EXIDEIND.NS,EXIDEIND.NS,classic
2017-06-15,2017-06-15,KSCL.NS,KSCL.NS,classic
2017-06-15,2017-06-15,TATACHEM.NS,TATACHEM.NS,classic
2017-06-15,2017-06-15,ADANIPORTS.NS,ADANIPORTS.NS,classic
2017-06-15,2017-06-15,BATAINDIA.NS,BATAINDIA.NS,classic
2017-06-15,2017-06-15,BANKBARODA.NS,BANKBARODA.NS,classic
2017-06-15,2017-06-15,POWERGRID.NS,POWERGRID.NS,classic
2017-06-15,2017-06-15,M&MFIN.NS,M&MFIN.NS,classic
2017-06-15,2017-06-15,PETRONET.NS,PETRONET.NS,classic
2017-06-15,2017-06-15,ONGC.NS,ONGC.NS,classic
2017-06-15,2017-06-15,NIITTECH.NS,NIITTECH.NS,classic
2017-06-15,2017-06-15,NESTLEIND.NS,NESTLEIND.NS,classic
2017-06-15,2017-06-15,BAJAJ-AUTO.NS,BAJAJ-AUTO.NS,classic
2017-06-15,2017-06-15,ADANIPOWER.NS,ADANIPOWER.NS,classic
2017-06-15,2017-06-15,OIL.NS,OIL.NS,classic
2017-06-15,2017-06-15,NHPC.NS,NHPC.NS,classic
2017-06-15,2017-06-15,RELINFRA.NS,RELINFRA.NS,classic
2017-06-15,2017-06-15,CONCOR.NS,CONCOR.NS,classic
2017-06-15,2017-06-15,HINDZINC.NS,HINDZINC.NS,classic
2017-06-15,2017-06-15,GODREJIND.NS,GODREJIND.NS,classic
2017-06-15,2017-06-15,DISHTV.NS,DISHTV.NS,classic
2017-06-15,2017-06-15,BRITANNIA.NS,BRITANNIA.NS,classic
2017-06-15,2017-06-15,NMDC.NS,NMDC.NS,classic
2017-06-15,2017-06-15,SIEMENS.NS,SIEMENS.NS,classic
2017-06-15,2017-06-15,BANKINDIA.NS,BANKINDIA.NS,classic
2017-06-15,2017-06-15,BALKRISIND.NS,BALKRISIND.NS,classic
2017-06-15,2017-06-15,KOTAKBANK.NS,KOTAKBANK.NS,classic
2017-06-15,2017-06-15,CESC.NS,CESC.NS,classic
2017-06-15,2017-06-15,NBCC.NS,NBCC.NS,classic
2017-06-15,2017-06-15,TATAMTRDVR.NS,TATAMTRDVR.NS,classic
2017-06-15,2017-06-15,NCC.NS,NCC.NS,classic
2017-06-15,2017-06-15,VOLTAS.NS,VOLTAS.NS,classic
2017-06-15,2017-06-15,HCC.NS,HCC.NS,classic
2017-06-15,2017-06-15,RECLTD.NS,RECLTD.NS,classic
2017-06-15,2017-06-15,SUNPHARMA.NS,SUNPHARMA.NS,classic
2017-06-15,2017-06-15,APOLLOTYRE.NS,APOLLOTYRE.NS,classic
2017-06-15,2017-06-15,TATASTEEL.NS,TATASTEEL.NS,classic
2017-06-15,2017-06-15,EQUITAS.NS,EQUITAS.NS,classic
2017-06-15,2017-06-15,HINDALCO.NS,HINDALCO.NS,classic
2017-06-15,2017-06-15,TORNTPHARM.NS,TORNTPHARM.NS,classic
2017-06-15,2017-06-15,TATAPOWER.NS,TATAPOWER.NS,classic
2017-06-15,2017-06-15,ORIENTBANK.NS,ORIENTBANK.NS,classic
2017-06-15,2017-06-15,BEL.NS,BEL.NS,classic
2017-06-15,2017-06-15,IBULHSGFIN.NS,SAMMAANCAP.NS,classic
2017-06-15,2017-06-15,NATIONALUM.NS,NATIONALUM.NS,classic
2017-06-15,2017-06-15,ENGINERSIN.NS,ENGINERSIN.NS,classic
2017-06-15,2017-06-15,GRANULES.NS,GRANULES.NS,classic
2017-06-15,2017-06-15,GLENMARK.NS,GLENMARK.NS,classic
2017-06-15,2017-06-15,BHARTIARTL.NS,BHARTIARTL.NS,classic
2017-06-15,2017-06-15,CANFINHOME.NS,CANFINHOME.NS,classic
2017-06-15,2017-06-15,KPIT.NS,KPIT.NS,classic
2017-06-15,2017-06-15,TATACOMM.NS,TATACOMM.NS,classic
2017-06-15,2017-06-15,GSFC.NS,GSFC.NS,classic
2017-06-15,2017-06-15,HAVELLS.NS,HAVELLS.NS,classic
2017-06-15,2017-06-15,UBL.NS,UBL.NS,classic
2017-06-15,2017-06-15,CHOLAFIN.NS,CHOLAFIN.NS,classic
2017-06-15,2017-06-15,AUROPHARMA.NS,AUROPHARMA.NS,classic
2017-06-15,2017-06-15,CIPLA.NS,CIPLA.NS,classic
2017-06-15,2017-06-15,IFCI.NS,IFCI.NS,classic
2017-06-15,2017-06-15,CANBK.NS,CANBK.NS,classic
2017-06-15,2017-06-15,MARUTI.NS,MARUTI.NS,classic
2017-06-15,2017-06-15,CAPF.NS,CAPF.NS,classic
2017-06-15,2017-06-15,DALMIABHA.NS,DALMIABHA.NS,classic
2017-06-15,2017-06-15,OFSS.NS,OFSS.NS,classic
2017-06-15,2017-06-15,LICHSGFIN.NS,LICHSGFIN.NS,classic
2017-06-15,2017-06-15,BAJAJFINSV.NS,BAJAJFINSV.NS,classic
2017-06-15,2017-06-15,MGL.NS,MGL.NS,classic
2017-06-15,2017-06-15,GMRINFRA.NS,GMRAIRPORT.NS,classic
2017-06-15,2017-06-15,GRASIM.NS,GRASIM.NS,classic
2017-06-15,2017-06-15,UPL.NS,UPL.NS,classic
2017-06-15,2017-06-15,HCLTECH.NS,HCLTECH.NS,classic
2017-06-15,2017-06-15,BIOCON.NS,BIOCON.NS,classic
2017-06-15,2017-06-15,DIVISLAB.NS,DIVISLAB.NS,classic
2017-06-15,2017-06-15,PAGEIND.NS,PAGEIND.NS,classic
2017-06-15,2017-06-15,LT.NS,LT.NS,classic
2017-06-15,2017-06-15,ASHOKLEY.NS,ASHOKLEY.NS,classic
2017-06-15,2017-06-15,STAR.NS,STAR.NS,classic
2017-06-15,2017-06-15,DLF.NS,DLF.NS,classic
2017-06-15,2017-06-15,JISLJALEQS.NS,JISLJALEQS.NS,classic
2017-06-15,2017-06-15,TATAGLOBAL.NS,TATAGLOBAL.NS,classic
2017-06-15,2017-06-15,ICIL.NS,ICIL.NS,classic
2017-06-15,2017-06-15,TATAMOTORS.NS,TMPV.NS,classic
2017-06-15,2017-06-15,UNIONBANK.NS,UNIONBANK.NS,classic
2017-06-15,2017-06-15,GODREJCP.NS,GODREJCP.NS,classic
2017-06-15,2017-06-15,BPCL.NS,BPCL.NS,classic
2017-06-15,2017-06-15,IGL.NS,IGL.NS,classic
2017-06-15,2017-06-15,INFRATEL.NS,INFRATEL.NS,classic
2017-06-15,2017-06-15,SOUTHBANK.NS,SOUTHBANK.NS,classic
2017-06-15,2017-06-15,TATAELXSI.NS,TATAELXSI.NS,classic
2017-06-15,2017-06-15,AMBUJACEM.NS,AMBUJACEM.NS,classic
2017-06-15,2017-06-15,MARICO.NS,MARICO.NS,classic
2017-06-15,2017-06-15,WIPRO.NS,WIPRO.NS,classic
2017-06-15,2017-06-15,ADANIENT.NS,ADANIENT.NS,classic
2017-06-15,2017-06-15,HINDPETRO.NS,HINDPETRO.NS,classic
2017-06-15,2017-06-15,SHREECEM.NS,SHREECEM.NS,classic
2017-06-15,2017-06-15,CENTURYTEX.NS,CENTURYTEX.NS,classic
2017-06-15,2017-06-15,HDIL.NS,HDIL.NS,classic
2017-06-15,2017-06-15,JINDALSTEL.NS,JINDALSTEL.NS,classic
2017-06-15,2017-06-15,APOLLOHOSP.NS,APOLLOHOSP.NS,classic
2017-06-15,2017-06-15,IDEA.NS,IDEA.NS,classic
2017-06-15,2017-06-15,BERGEPAINT.NS,BERGEPAINT.NS,classic
2017-06-15,2017-06-15,SUNTV.NS,SUNTV.NS,classic
2017-06-15,2017-06-15,CUMMINSIND.NS,CUMMINSIND.NS,classic
2017-06-15,2017-06-15,GAIL.NS,GAIL.NS,classic
2017-06-15,2017-06-15,MFSL.NS,MFSL.NS,classic
2017-06-15,2017-06-15,ANDHRABANK.NS,ANDHRABANK.NS,classic
2017-06-15,2017-06-15,ICICIBANK.NS,ICICIBANK.NS,classic
2017-06-15,2017-06-15,RCOM.NS,RCOM.NS,classic
2017-06-15,2017-06-15,JUBLFOOD.NS,JUBLFOOD.NS,classic
2017-06-15,2017-06-15,FORTIS.NS,FORTIS.NS,classic
2017-06-15,2017-06-15,SRF.NS,SRF.NS,classic
2017-06-15,2017-06-15,ALBK.NS,ALBK.NS,classic
2017-06-15,2017-06-15,TORNTPOWER.NS,TORNTPOWER.NS,classic
2017-06-15,2017-06-15,TITAN.NS,TITAN.NS,classic
2017-06-15,2017-06-15,DABUR.NS,DABUR.NS,classic
2017-06-15,2017-06-15,INDIACEM.NS,INDIACEM.NS,classic
2017-06-15,2017-06-15,RBLBANK.NS,RBLBANK.NS,classic
2017-06-15,2017-06-15,IDBI.NS,IDBI.NS,classic
2017-06-15,2017-06-15,RELCAPITAL.NS,RELCAPITAL.NS,classic
2017-06-15,2017-06-15,HDFCBANK.NS,HDFCBANK.NS,classic
2017-06-15,2017-06-15,EICHERMOT.NS,EICHERMOT.NS,classic
2017-06-15,2017-06-15,ASIANPAINT.NS,ASIANPAINT.NS,classic
2017-06-15,2017-06-15,INFIBEAM.NS,INFIBEAM.NS,classic
2017-06-15,2017-06-15,NTPC.NS,NTPC.NS,classic
2017-06-15,2017-06-15,RAYMOND.NS,RAYMOND.NS,classic
2017-06-15,2017-06-15,MOTHERSUMI.NS,MOTHERSUMI.NS,classic
2017-06-15,2017-06-15,HEROMOTOCO.NS,HEROMOTOCO.NS,classic
2017-06-15,2017-06-15,TCS.NS,TCS.NS,classic
2017-06-15,2017-06-15,BHARATFIN.NS,BHARATFIN.NS,classic
2017-06-15,2017-06-15,TECHM.NS,TECHM.NS,classic
2017-06-15,2017-06-15,BHARATFORG.NS,BHARATFORG.NS,classic
2017-06-15,2017-06-15,MCX.NS,MCX.NS,classic
2017-06-15,2017-06-15,MUTHOOTFIN.NS,MUTHOOTFIN.NS,classic
2017-06-15,2017-06-15,VGUARD.NS,VGUARD.NS,classic
2018-06-15,2018-06-15,JETAIRWAYS.NS,JETAIRWAYS.NS,classic
2018-06-15,2018-06-15,PCJEWELLER.NS,PCJEWELLER.NS,classic
2018-06-15,2018-06-15,HEXAWARE.NS,HEXAWARE.NS,classic
2018-06-15,2018-06-15,DRREDDY.NS,DRREDDY.NS,classic
2018-06-15,2018-06-15,RELIANCE.NS,RELIANCE.NS,classic
2018-06-15,2018-06-15,IOC.NS,IOC.NS,classic
2018-06-15,2018-06-15,KAJARIACER.NS,KAJARIACER.NS,classic
2018-06-15,2018-06-15,CASTROLIND.NS,CASTROLIND.NS,classic
2018-06-15,2018-06-15,UJJIVAN.NS,UJJIVAN.NS,classic
2018-06-15,2018-06-15,BALRAMCHIN.NS,BALRAMCHIN.NS,classic
2018-06-15,2018-06-15,CGPOWER.NS,CGPOWER.NS,classic
2018-06-15,2018-06-15,JPASSOCIAT.NS,JPASSOCIAT.NS,classic
2018-06-15,2018-06-15,ARVIND.NS,ARVIND.NS,classic
2018-06-15,2018-06-15,INFY.NS,INFY.NS,classic
2018-06-15,2018-06-15,ZEEL.NS,ZEEL.NS,classic
2018-06-15,2018-06-15,RPOWER.NS,RPOWER.NS,classic
2018-06-15,2018-06-15,JUSTDIAL.NS,JUSTDIAL.NS,classic
2018-06-15,2018-06-15,DHFL.NS,DHFL.NS,classic
2018-06-15,2018-06-15,SREINFRA.NS,SREINFRA.NS,classic
2018-06-15,2018-06-15,INDIGO.NS,INDIGO.NS,classic
2018-06-15,2018-06-15,INDIANB.NS,INDIANB.NS,classic
2018-06-15,2018-06-15,ITC.NS,ITC.NS,classic
2018-06-15,2018-06-15,MRF.NS,MRF.NS,classic
2018-06-15,2018-06-15,JSWSTEEL.NS,JSWSTEEL.NS,classic
2018-06-15,2018-06-15,PIDILITIND.NS,PIDILITIND.NS,classic
2018-06-15,2018-06-15,IDFCBANK.NS,IDFCBANK.NS,classic
2018-06-15,2018-06-15,PNB.NS,PNB.NS,classic
2018-06-15,2018-06-15,MANAPPURAM.NS,MANAPPURAM.NS,classic
2018-06-15,2018-06-15,M&M.NS,M&M.NS,classic
2018-06-15,2018-06-15,TVSMOTOR.NS,TVSMOTOR.NS,classic
2018-06-15,2018-06-15,BEML.NS,BEML.NS,classic
2018-06-15,2018-06-15,LUPIN.NS,LUPIN.NS,classic
2018-06-15,2018-06-15,BAJFINANCE.NS,BAJFINANCE.NS,classic
2018-06-15,2018-06-15,CEATLTD.NS,CEATLTD.NS,classic
2018-06-15,2018-06-15,DCBBANK.NS,DCBBANK.NS,classic
2018-06-15,2018-06-15,ULTRACEMCO.NS,ULTRACEMCO.NS,classic
2018-06-15,2018-06-15,SUZLON.NS,SUZLON.NS,classic
2018-06-15,2018-06-15,AJANTPHARM.NS,AJANTPHARM.NS,classic
2018-06-15,2018-06-15,WOCKPHARMA.NS,WOCKPHARMA.NS,classic
2018-06-15,2018-06-15,GODFRYPHLP.NS,GODFRYPHLP.NS,classic
2018-06-15,2018-06-15,ACC.NS,ACC.NS,classic
2018-06-15,2018-06-15,AMARAJABAT.NS,ARE&M.NS,classic
2018-06-15,2018-06-15,TV18BRDCST.NS,TV18BRDCST.NS,classic
2018-06-15,2018-06-15,CADILAHC.NS,CADILAHC.NS,classic
2018-06-15,2018-06-15,L&TFH.NS,LTF.NS,classic
2018-06-15,2018-06-15,PFC.NS,PFC.NS,classic
2018-06-15,2018-06-15,AXISBANK.NS,AXISBANK.NS,classic
2018-06-15,2018-06-15,RAMCOCEM.NS,RAMCOCEM.NS,classic
2018-06-15,2018-06-15,SBIN.NS,SBIN.NS,classic
2018-06-15,2018-06-15,SYNDIBANK.NS,SYNDIBANK.NS,classic
2018-06-15,2018-06-15,YESBANK.NS,YESBANK.NS,classic
2018-06-15,2018-06-15,COALINDIA.NS,COALINDIA.NS,classic
2018-06-15,2018-06-15,ESCORTS.NS,ESCORTS.NS,classic
2018-06-15,2018-06-15,IRB.NS,IRB.NS,classic
2018-06-15,2018-06-15,KTKBANK.NS,KTKBANK.NS,classic
2018-06-15,2018-06-15,MCDOWELL-N.NS,UNITDSPR.NS,classic
2018-06-15,2018-06-15,BHEL.NS,BHEL.NS,classic
2018-06-15,2018-06-15,SAIL.NS,SAIL.NS,classic
2018-06-15,2018-06-15,VEDL.NS,VEDL.NS,classic
2018-06-15,2018-06-15,PVR.NS,PVRINOX.NS,classic
2018-06-15,2018-06-15,COLPAL.NS,COLPAL.NS,classic
2018-06-15,2018-06-15,INDUSINDBK.NS,INDUSINDBK.NS,classic
2018-06-15,2018-06-15,MRPL.NS,MRPL.NS,classic
2018-06-15,2018-06-15,HINDUNILVR.NS,HINDUNILVR.NS,classic
2018-06-15,2018-06-15,FEDERALBNK.NS,FEDERALBNK.NS,classic
2018-06-15,2018-06-15,PTC.NS,PTC.NS,classic
2018-06-15,2018-06-15,ICICIPRULI.NS,ICICIPRULI.NS,classic
2018-06-15,2018-06-15,SRTRANSFIN.NS,SHRIRAMFIN.NS,classic
2018-06-15,2018-06-15,BOSCHLTD.NS,BOSCHLTD.NS,classic
2018-06-15,2018-06-15,EXIDEIND.NS,EXIDEIND.NS,classic
2018-06-15,2018-06-15,KSCL.NS,KSCL.NS,classic
2018-06-15,2018-06-15,TATACHEM.NS,TATACHEM.NS,classic
2018-06-15,2018-06-15,ADANIPORTS.NS,ADANIPORTS.NS,classic
2018-06-15,2018-06-15,BATAINDIA.NS,BATAINDIA.NS,classic
2018-06-15,2018-06-15,BANKBARODA.NS,BANKBARODA.NS,classic
2018-06-15,2018-06-15,POWERGRID.NS,POWERGRID.NS,classic
2018-06-15,2018-06-15,M&MFIN.NS,M&MFIN.NS,classic
2018-06-15,2018-06-15,PETRONET.NS,PETRONET.NS,classic
2018-06-15,2018-06-15,ONGC.NS,ONGC.NS,classic
2018-06-15,2018-06-15,NIITTECH.NS,NIITTECH.NS,classic
2018-06-15,2018-06-15,NESTLEIND.NS,NESTLEIND.NS,classic
2018-06-15,2018-06-15,BAJAJ-AUTO.NS,BAJAJ-AUTO.NS,classic
2018-06-15,2018-06-15,ADANIPOWER.NS,ADANIPOWER.NS,classic
2018-06-15,2018-06-15,OIL.NS,OIL.NS,classic
2018-06-15,2018-06-15,NHPC.NS,NHPC.NS,classic
2018-06-15,2018-06-15,RELINFRA.NS,RELINFRA.NS,classic
2018-06-15,2018-06-15,CONCOR.NS,CONCOR.NS,classic
2018-06-15,2018-06-15,HINDZINC.NS,HINDZINC.NS,classic
2018-06-15,2018-06-15,GODREJIND.NS,GODREJIND.NS,classic
2018-06-15,2018-06-15,DISHTV.NS,DISHTV.NS,classic
2018-06-15,2018-06-15,BRITANNIA.NS,BRITANNIA.NS,classic
2018-06-15,2018-06-15,NMDC.NS,NMDC.NS,classic
2018-06-15,2018-06-15,SIEMENS.NS,SIEMENS.NS,classic
2018-06-15,2018-06-15,BANKINDIA.NS,BANKINDIA.NS,classic
2018-06-15,2018-06-15,CHENNPETRO.NS,CHENNPETRO.NS,classic
2018-06-15,2018-06-15,BALKRISIND.NS,BALKRISIND.NS,classic
2018-06-15,2018-06-15,KOTAKBANK.NS,KOTAKBANK.NS,classic
2018-06-15,2018-06-15,CESC.NS,CESC.NS,classic
2018-06-15,2018-06-15,NBCC.NS,NBCC.NS,classic
2018-06-15,2018-06-15,TATAMTRDVR.NS,TATAMTRDVR.NS,classic
2018-06-15,2018-06-15,NCC.NS,NCC.NS,classic
2018-06-15,2018-06-15,VOLTAS.NS,VOLTAS.NS,classic
2018-06-15,2018-06-15,HCC.NS,HCC.NS,classic
2018-06-15,2018-06-15,RECLTD.NS,RECLTD.NS,classic
2018-06-15,2018-06-15,SUNPHARMA.NS,SUNPHARMA.NS,classic
2018-06-15,2018-06-15,APOLLOTYRE.NS,APOLLOTYRE.NS,classic
2018-06-15,2018-06-15,TATASTEEL.NS,TATASTEEL.NS,classic
2018-06-15,2018-06-15,EQUITAS.NS,EQUITAS.NS,classic
2018-06-15,2018-06-15,HINDALCO.NS,HINDALCO.NS,classic
2018-06-15,2018-06-15,TORNTPHARM.NS,TORNTPHARM.NS,classic
2018-06-15,2018-06-15,TATAPOWER.NS,TATAPOWER.NS,classic
2018-06-15,2018-06-15,ORIENTBANK.NS,ORIENTBANK.NS,classic
2018-06-15,2018-06-15,BEL.NS,BEL.NS,classic
2018-06-15,2018-06-15,IBULHSGFIN.NS,SAMMAANCAP.NS,classic
2018-06-15,2018-06-15,NATIONALUM.NS,NATIONALUM.NS,classic
2018-06-15,2018-06-15,ENGINERSIN.NS,ENGINERSIN.NS,classic
2018-06-15,2018-06-15,GRANULES.NS,GRANULES.NS,classic
2018-06-15,2018-06-15,GLENMARK.NS,GLENMARK.NS,classic
2018-06-15,2018-06-15,BHARTIARTL.NS,BHARTIARTL.NS,classic
2018-06-15,2018-06-15,CANFINHOME.NS,CANFINHOME.NS,classic
2018-06-15,2018-06-15,KPIT.NS,KPIT.NS,classic
2018-06-15,2018-06-15,TATACOMM.NS,TATACOMM.NS,classic
2018-06-15,2018-06-15,GSFC.NS,GSFC.NS,classic
2018-06-15,2018-06-15,HAVELLS.NS,HAVELLS.NS,classic
2018-06-15,2018-06-15,UBL.NS,UBL.NS,classic
2018-06-15,2018-06-15,CHOLAFIN.NS,CHOLAFIN.NS,classic
2018-06-15,2018-06-15,AUROPHARMA.NS,AUROPHARMA.NS,classic
2018-06-15,2018-06-15,CIPLA.NS,CIPLA.NS,classic
2018-06-15,2018-06-15,IFCI.NS,IFCI.NS,classic
2018-06-15,2018-06-15,CANBK.NS,CANBK.NS,classic
2018-06-15,2018-06-15,MARUTI.NS,MARUTI.NS,classic
2018-06-15,2018-06-15,CAPF.NS,CAPF.NS,classic
2018-06-15,2018-06-15,DALMIABHA.NS,DALMIABHA.NS,classic
2018-06-15,2018-06-15,OFSS.NS,OFSS.NS,classic
2018-06-15,2018-06-15,LICHSGFIN.NS,LICHSGFIN.NS,classic
2018-06-15,2018-06-15,BAJAJFINSV.NS,BAJAJFINSV.NS,classic
2018-06-15,2018-06-15,MGL.NS,MGL.NS,classic
2018-06-15,2018-06-15,GMRINFRA.NS,GMRAIRPORT.NS,classic
2018-06-15,2018-06-15,GRASIM.NS,GRASIM.NS,classic
2018-06-15,2018-06-15,UPL.NS,UPL.NS,classic
2018-06-15,2018-06-15,HCLTECH.NS,HCLTECH.NS,classic
2018-06-15,2018-06-15,BIOCON.NS,BIOCON.NS,classic
2018-06-15,2018-06-15,DIVISLAB.NS,DIVISLAB.NS,classic
2018-06-15,2018-06-15,PAGEIND.NS,PAGEIND.NS,classic
2018-06-15,2018-06-15,LT.NS,LT.NS,classic
2018-06-15,2018-06-15,ASHOKLEY.NS,ASHOKLEY.NS,classic
2018-06-15,2018-06-15,STAR.NS,STAR.NS,classic
2018-06-15,2018-06-15,DLF.NS,DLF.NS,classic
2018-06-15,2018-06-15,JISLJALEQS.NS,JISLJALEQS.NS,classic
2018-06-15,2018-06-15,TATAGLOBAL.NS,TATAGLOBAL.NS,classic
2018-06-15,2018-06-15,TATAMOTORS.NS,TMPV.NS,classic
2018-06-15,2018-06-15,UNIONBANK.NS,UNIONBANK.NS,classic
2018-06-15,2018-06-15,GODREJCP.NS,GODREJCP.NS,classic
2018-06-15,2018-06-15,BPCL.NS,BPCL.NS,classic
2018-06-15,2018-06-15,IGL.NS,IGL.NS,classic
2018-06-15,2018-06-15,INFRATEL.NS,INFRATEL.NS,classic
2018-06-15,2018-06-15,SOUTHBANK.NS,SOUTHBANK.NS,classic
2018-06-15,2018-06-15,TATAELXSI.NS,TATAELXSI.NS,classic
2018-06-15,2018-06-15,AMBUJACEM.NS,AMBUJACEM.NS,classic
2018-06-15,2018-06-15,MARICO.NS,MARICO.NS,classic
2018-06-15,2018-06-15,WIPRO.NS,WIPRO.NS,classic
2018-06-15,2018-06-15,ADANIENT.NS,ADANIENT.NS,classic
2018-06-15,2018-06-15,HINDPETRO.NS,HINDPETRO.NS,classic
2018-06-15,2018-06-15,SHREECEM.NS,SHREECEM.NS,classic
2018-06-15,2018-06-15,CENTURYTEX.NS,CENTURYTEX.NS,classic
2018-06-15,2018-06-15,JINDALSTEL.NS,JINDALSTEL.NS,classic
2018-06-15,2018-06-15,APOLLOHOSP.NS,APOLLOHOSP.NS,classic
2018-06-15,2018-06-15,IDEA.NS,IDEA.NS,classic
2018-06-15,2018-06-15,BERGEPAINT.NS,BERGEPAINT.NS,classic
2018-06-15,2018-06-15,SUNTV.NS,SUNTV.NS,classic
2018-06-15,2018-06-15,CUMMINSIND.NS,CUMMINSIND.NS,classic
2018-06-15,2018-06-15,GAIL.NS,GAIL.NS,classic
2018-06-15,2018-06-15,MFSL.NS,MFSL.NS,classic
2018-06-15,2018-06-15,ANDHRABANK.NS,ANDHRABANK.NS,classic
2018-06-15,2018-06-15,ICICIBANK.NS,ICICIBANK.NS,classic
2018-06-15,2018-06-15,RCOM.NS,RCOM.NS,classic
2018-06-15,2018-06-15,JUBLFOOD.NS,JUBLFOOD.NS,classic
2018-06-15,2018-06-15,SRF.NS,SRF.NS,classic
2018-06-15,2018-06-15,ALBK.NS,ALBK.NS,classic
2018-06-15,2018-06-15,TORNTPOWER.NS,TORNTPOWER.NS,classic
2018-06-15,2018-06-15,TITAN.NS,TITAN.NS,classic
2018-06-15,2018-06-15,DABUR.NS,DABUR.NS,classic
2018-06-15,2018-06-15,INDIACEM.NS,INDIACEM.NS,classic
2018-06-15,2018-06-15,RBLBANK.NS,RBLBANK.NS,classic
2018-06-15,2018-06-15,REPCOHOME.NS,REPCOHOME.NS,classic
2018-06-15,2018-06-15,IDBI.NS,IDBI.NS,classic
2018-06-15,2018-06-15,RELCAPITAL.NS,RELCAPITAL.NS,classic
2018-06-15,2018-06-15,HDFCBANK.NS,HDFCBANK.NS,classic
2018-06-15,2018-06-15,EICHERMOT.NS,EICHERMOT.NS,classic
2018-06-15,2018-06-15,ASIANPAINT.NS,ASIANPAINT.NS,classic
2018-06-15,2018-06-15,INFIBEAM.NS,INFIBEAM.NS,classic
2018-06-15,2018-06-15,NTPC.NS,NTPC.NS,classic
2018-06-15,2018-06-15,RAYMOND.NS,RAYMOND.NS,classic
2018-06-15,2018-06-15,MOTHERSUMI.NS,MOTHERSUMI.NS,classic
2018-06-15,2018-06-15,HEROMOTOCO.NS,HEROMOTOCO.NS,classic
2018-06-15,2018-06-15,TCS.NS,TCS.NS,classic
2018-06-15,2018-06-15,BHARATFIN.NS,BHARATFIN.NS,classic
2018-06-15,2018-06-15,TECHM.NS,TECHM.NS,classic
2018-06-15,2018-06-15,BHARATFORG.NS,BHARATFORG.NS,classic
2018-06-15,2018-06-15,MCX.NS,MCX.NS,classic
2018-06-15,2018-06-15,MUTHOOTFIN.NS,MUTHOOTFIN.NS,classic
2018-06-15,2018-06-15,VGUARD.NS,VGUARD.NS,classic
2019-06-15,2019-06-14,JETAIRWAYS.NS,JETAIRWAYS.NS,classic
2019-06-15,2019-06-14,PCJEWELLER.NS,PCJEWELLER.NS,classic
2019-06-15,2019-06-14,HEXAWARE.NS,HEXAWARE.NS,classic
2019-06-15,2019-06-14,DRREDDY.NS,DRREDDY.NS,classic
2019-06-15,2019-06-14,RELIANCE.NS,RELIANCE.NS,classic
2019-06-15,2019-06-14,IOC.NS,IOC.NS,classic
2019-06-15,2019-06-14,KAJARIACER.NS,KAJARIACER.NS,classic
2019-06-15,2019-06-14,CASTROLIND.NS,CASTROLIND.NS,classic
2019-06-15,2019-06-14,UJJIVAN.NS,UJJIVAN.NS,classic
2019-06-15,2019-06-14,CGPOWER.NS,CGPOWER.NS,classic
2019-06-15,2019-06-14,ARVIND.NS,ARVIND.NS,classic
2019-06-15,2019-06-14,INFY.NS,INFY.NS,classic
2019-06-15,2019-06-14,ZEEL.NS,ZEEL.NS,classic
2019-06-15,2019-06-14,RPOWER.NS,RPOWER.NS,classic
2019-06-15,2019-06-14,JUSTDIAL.NS,JUSTDIAL.NS,classic
2019-06-15,2019-06-14,DHFL.NS,DHFL.NS,classic
2019-06-15,2019-06-14,INDIGO.NS,INDIGO.NS,classic
2019-06-15,2019-06-14,INDIANB.NS,INDIANB.NS,classic
2019-06-15,2019-06-14,ITC.NS,ITC.NS,classic
2019-06-15,2019-06-14,MRF.NS,MRF.NS,classic
2019-06-15,2019-06-14,JSWSTEEL.NS,JSWSTEEL.NS,classic
2019-06-15,2019-06-14,PIDILITIND.NS,PIDILITIND.NS,classic
2019-06-15,2019-06-14,PNB.NS,PNB.NS,classic
2019-06-15,2019-06-14,MANAPPURAM.NS,MANAPPURAM.NS,classic
2019-06-15,2019-06-14,M&M.NS,M&M.NS,classic
2019-06-15,2019-06-14,TVSMOTOR.NS,TVSMOTOR.NS,classic
2019-06-15,2019-06-14,BEML.NS,BEML.NS,classic
2019-06-15,2019-06-14,LUPIN.NS,LUPIN.NS,classic
2019-06-15,2019-06-14,BAJFINANCE.NS,BAJFINANCE.NS,classic
2019-06-15,2019-06-14,CEATLTD.NS,CEATLTD.NS,classic
2019-06-15,2019-06-14,DCBBANK.NS,DCBBANK.NS,classic
2019-06-15,2019-06-14,ULTRACEMCO.NS,ULTRACEMCO.NS,classic
2019-06-15,2019-06-14,SUZLON.NS,SUZLON.NS,classic
2019-06-15,2019-06-14,AJANTPHARM.NS,AJANTPHARM.NS,classic
2019-06-15,2019-06-14,WOCKPHARMA.NS,WOCKPHARMA.NS,classic
2019-06-15,2019-06-14,GODFRYPHLP.NS,GODFRYPHLP.NS,classic
2019-06-15,2019-06-14,ACC.NS,ACC.NS,classic
2019-06-15,2019-06-14,AMARAJABAT.NS,ARE&M.NS,classic
2019-06-15,2019-06-14,TV18BRDCST.NS,TV18BRDCST.NS,classic
2019-06-15,2019-06-14,CADILAHC.NS,CADILAHC.NS,classic
2019-06-15,2019-06-14,L&TFH.NS,LTF.NS,classic
2019-06-15,2019-06-14,PFC.NS,PFC.NS,classic
2019-06-15,2019-06-14,AXISBANK.NS,AXISBANK.NS,classic
2019-06-15,2019-06-14,RAMCOCEM.NS,RAMCOCEM.NS,classic
2019-06-15,2019-06-14,SBIN.NS,SBIN.NS,classic
2019-06-15,2019-06-14,SYNDIBANK.NS,SYNDIBANK.NS,classic
2019-06-15,2019-06-14,YESBANK.NS,YESBANK.NS,classic
2019-06-15,2019-06-14,COALINDIA.NS,COALINDIA.NS,classic
2019-06-15,2019-06-14,ESCORTS.NS,ESCORTS.NS,classic
2019-06-15,2019-06-14,IRB.NS,IRB.NS,classic
2019-06-15,2019-06-14,KTKBANK.NS,KTKBANK.NS,classic
2019-06-15,2019-06-14,MCDOWELL-N.NS,UNITDSPR.NS,classic
2019-06-15,2019-06-14,BHEL.NS,BHEL.NS,classic
2019-06-15,2019-06-14,SAIL.NS,SAIL.NS,classic
2019-06-15,2019-06-14,VEDL.NS,VEDL.NS,classic
2019-06-15,2019-06-14,PVR.NS,PVRINOX.NS,classic
2019-06-15,2019-06-14,COLPAL.NS,COLPAL.NS,classic
2019-06-15,2019-06-14,INDUSINDBK.NS,INDUSINDBK.NS,classic
2019-06-15,2019-06-14,MRPL.NS,MRPL.NS,classic
2019-06-15,2019-06-14,HINDUNILVR.NS,HINDUNILVR.NS,classic
2019-06-15,2019-06-14,FEDERALBNK.NS,FEDERALBNK.NS,classic
2019-06-15,2019-06-14,ICICIPRULI.NS,ICICIPRULI.NS,classic
2019-06-15,2019-06-14,SRTRANSFIN.NS,SHRIRAMFIN.NS,classic
2019-06-15,2019-06-14,BOSCHLTD.NS,BOSCHLTD.NS,classic
2019-06-15,2019-06-14,EXIDEIND.NS,EXIDEIND.NS,classic
2019-06-15,2019-06-14,KSCL.NS,KSCL.NS,classic
2019-06-15,2019-06-14,TATACHEM.NS,TATACHEM.NS,classic
2019-06-15,2019-06-14,ADANIPORTS.NS,ADANIPORTS.NS,classic
2019-06-15,2019-06-14,BATAINDIA.NS,BATAINDIA.NS,classic
2019-06-15,2019-06-14,BANKBARODA.NS,BANKBARODA.NS,classic
2019-06-15,2019-06-14,POWERGRID.NS,POWERGRID.NS,classic
2019-06-15,2019-06-14,M&MFIN.NS,M&MFIN.NS,classic
2019-06-15,2019-06-14,PETRONET.NS,PETRONET.NS,classic
2019-06-15,2019-06-14,ONGC.NS,ONGC.NS,classic
2019-06-15,2019-06-14,NIITTECH.NS,NIITTECH.NS,classic
2019-06-15,2019-06-14,NESTLEIND.NS,NESTLEIND.NS,classic
2019-06-15,2019-06-14,BAJAJ-AUTO.NS,BAJAJ-AUTO.NS,classic
2019-06-15,2019-06-14,ADANIPOWER.NS,ADANIPOWER.NS,classic
2019-06-15,2019-06-14,OIL.NS,OIL.NS,classic
2019-06-15,2019-06-14,NHPC.NS,NHPC.NS,classic
2019-06-15,2019-06-14,RELINFRA.NS,RELINFRA.NS,classic
2019-06-15,2019-06-14,CONCOR.NS,CONCOR.NS,classic
2019-06-15,2019-06-14,HINDZINC.NS,HINDZINC.NS,classic
2019-06-15,2019-06-14,GODREJIND.NS,GODREJIND.NS,classic
2019-06-15,2019-06-14,DISHTV.NS,DISHTV.NS,classic
2019-06-15,2019-06-14,BRITANNIA.NS,BRITANNIA.NS,classic
2019-06-15,2019-06-14,NMDC.NS,NMDC.NS,classic
2019-06-15,2019-06-14,SIEMENS.NS,SIEMENS.NS,classic
2019-06-15,2019-06-14,BANKINDIA.NS,BANKINDIA.NS,classic
2019-06-15,2019-06-14,CHENNPETRO.NS,CHENNPETRO.NS,classic
2019-06-15,2019-06-14,BALKRISIND.NS,BALKRISIND.NS,classic
2019-06-15,2019-06-14,KOTAKBANK.NS,KOTAKBANK.NS,classic
2019-06-15,2019-06-14,CESC.NS,CESC.NS,classic
2019-06-15,2019-06-14,NBCC.NS,NBCC.NS,classic
2019-06-15,2019-06-14,TATAMTRDVR.NS,TATAMTRDVR.NS,classic
2019-06-15,2019-06-14,NCC.NS,NCC.NS,classic
2019-06-15,2019-06-14,VOLTAS.NS,VOLTAS.NS,classic
2019-06-15,2019-06-14,RECLTD.NS,RECLTD.NS,classic
2019-06-15,2019-06-14,SUNPHARMA.NS,SUNPHARMA.NS,classic
2019-06-15,2019-06-14,APOLLOTYRE.NS,APOLLOTYRE.NS,classic
2019-06-15,2019-06-14,TATASTEEL.NS,TATASTEEL.NS,classic
2019-06-15,2019-06-14,EQUITAS.NS,EQUITAS.NS,classic
2019-06-15,2019-06-14,HINDALCO.NS,HINDALCO.NS,classic
2019-06-15,2019-06-14,TORNTPHARM.NS,TORNTPHARM.NS,classic
2019-06-15,2019-06-14,TATAPOWER.NS,TATAPOWER.NS,classic
2019-06-15,2019-06-14,ORIENTBANK.NS,ORIENTBANK.NS,classic
2019-06-15,2019-06-14,BEL.NS,BEL.NS,classic
2019-06-15,2019-06-14,IBULHSGFIN.NS,SAMMAANCAP.NS,classic
2019-06-15,2019-06-14,NATIONALUM.NS,NATIONALUM.NS,classic
2019-06-15,2019-06-14,ENGINERSIN.NS,ENGINERSIN.NS,classic
2019-06-15,2019-06-14,GLENMARK.NS,GLENMARK.NS,classic
2019-06-15,2019-06-14,BHARTIARTL.NS,BHARTIARTL.NS,classic
2019-06-15,2019-06-14,CANFINHOME.NS,CANFINHOME.NS,classic
2019-06-15,2019-06-14,TATACOMM.NS,TATACOMM.NS,classic
2019-06-15,2019-06-14,GSFC.NS,GSFC.NS,classic
2019-06-15,2019-06-14,HAVELLS.NS,HAVELLS.NS,classic
2019-06-15,2019-06-14,UBL.NS,UBL.NS,classic
2019-06-15,2019-06-14,CHOLAFIN.NS,CHOLAFIN.NS,classic
2019-06-15,2019-06-14,AUROPHARMA.NS,AUROPHARMA.NS,classic
2019-06-15,2019-06-14,CIPLA.NS,CIPLA.NS,classic
2019-06-15,2019-06-14,IFCI.NS,IFCI.NS,classic
2019-06-15,2019-06-14,CANBK.NS,CANBK.NS,classic
2019-06-15,2019-06-14,MARUTI.NS,MARUTI.NS,classic
2019-06-15,2019-06-14,OFSS.NS,OFSS.NS,classic
2019-06-15,2019-06-14,LICHSGFIN.NS,LICHSGFIN.NS,classic
2019-06-15,2019-06-14,BAJAJFINSV.NS,BAJAJFINSV.NS,classic
2019-06-15,2019-06-14,MGL.NS,MGL.NS,classic
2019-06-15,2019-06-14,GMRINFRA.NS,GMRAIRPORT.NS,classic
2019-06-15,2019-06-14,GRASIM.NS,GRASIM.NS,classic
2019-06-15,2019-06-14,UPL.NS,UPL.NS,classic
2019-06-15,2019-06-14,HCLTECH.NS,HCLTECH.NS,classic
2019-06-15,2019-06-14,BIOCON.NS,BIOCON.NS,classic
2019-06-15,2019-06-14,DIVISLAB.NS,DIVISLAB.NS,classic
2019-06-15,2019-06-14,PAGEIND.NS,PAGEIND.NS,classic
2019-06-15,2019-06-14,LT.NS,LT.NS,classic
2019-06-15,2019-06-14,ASHOKLEY.NS,ASHOKLEY.NS,classic
2019-06-15,2019-06-14,STAR.NS,STAR.NS,classic
2019-06-15,2019-06-14,DLF.NS,DLF.NS,classic
2019-06-15,2019-06-14,JISLJALEQS.NS,JISLJALEQS.NS,classic
2019-06-15,2019-06-14,TATAGLOBAL.NS,TATAGLOBAL.NS,classic
2019-06-15,2019-06-14,TATAMOTORS.NS,TMPV.NS,classic
2019-06-15,2019-06-14,UNIONBANK.NS,UNIONBANK.NS,classic
2019-06-15,2019-06-14,BSOFT.NS,BSOFT.NS,classic
2019-06-15,2019-06-14,GODREJCP.NS,GODREJCP.NS,classic
2019-06-15,2019-06-14,BPCL.NS,BPCL.NS,classic
2019-06-15,2019-06-14,IGL.NS,IGL.NS,classic
2019-06-15,2019-06-14,INFRATEL.NS,INFRATEL.NS,classic
2019-06-15,2019-06-14,SOUTHBANK.NS,SOUTHBANK.NS,classic
2019-06-15,2019-06-14,TATAELXSI.NS,TATAELXSI.NS,classic
2019-06-15,2019-06-14,AMBUJACEM.NS,AMBUJACEM.NS,classic
2019-06-15,2019-06-14,MARICO.NS,MARICO.NS,classic
2019-06-15,2019-06-14,WIPRO.NS,WIPRO.NS,classic
2019-06-15,2019-06-14,ADANIENT.NS,ADANIENT.NS,classic
2019-06-15,2019-06-14,HINDPETRO.NS,HINDPETRO.NS,classic
2019-06-15,2019-06-14,SHREECEM.NS,SHREECEM.NS,classic
2019-06-15,2019-06-14,CENTURYTEX.NS,CENTURYTEX.NS,classic
2019-06-15,2019-06-14,JINDALSTEL.NS,JINDALSTEL.NS,classic
2019-06-15,2019-06-14,APOLLOHOSP.NS,APOLLOHOSP.NS,classic
2019-06-15,2019-06-14,IDEA.NS,IDEA.NS,classic
2019-06-15,2019-06-14,BERGEPAINT.NS,BERGEPAINT.NS,classic
2019-06-15,2019-06-14,SUNTV.NS,SUNTV.NS,classic
2019-06-15,2019-06-14,IDFCFIRSTB.NS,IDFCFIRSTB.NS,classic
2019-06-15,2019-06-14,CUMMINSIND.NS,CUMMINSIND.NS,classic
2019-06-15,2019-06-14,GAIL.NS,GAIL.NS,classic
2019-06-15,2019-06-14,MFSL.NS,MFSL.NS,classic
2019-06-15,2019-06-14,ICICIBANK.NS,ICICIBANK.NS,classic
2019-06-15,2019-06-14,JUBLFOOD.NS,JUBLFOOD.NS,classic
2019-06-15,2019-06-14,SRF.NS,SRF.NS,classic
2019-06-15,2019-06-14,ALBK.NS,ALBK.NS,classic
2019-06-15,2019-06-14,TORNTPOWER.NS,TORNTPOWER.NS,classic
2019-06-15,2019-06-14,TITAN.NS,TITAN.NS,classic
2019-06-15,2019-06-14,DABUR.NS,DABUR.NS,classic
2019-06-15,2019-06-14,INDIACEM.NS,INDIACEM.NS,classic
2019-06-15,2019-06-14,RBLBANK.NS,RBLBANK.NS,classic
2019-06-15,2019-06-14,REPCOHOME.NS,REPCOHOME.NS,classic
2019-06-15,2019-06-14,IDBI.NS,IDBI.NS,classic
2019-06-15,2019-06-14,RELCAPITAL.NS,RELCAPITAL.NS,classic
2019-06-15,2019-06-14,HDFCBANK.NS,HDFCBANK.NS,classic
2019-06-15,2019-06-14,EICHERMOT.NS,EICHERMOT.NS,classic
2019-06-15,2019-06-14,ASIANPAINT.NS,ASIANPAINT.NS,classic
2019-06-15,2019-06-14,INFIBEAM.NS,INFIBEAM.NS,classic
2019-06-15,2019-06-14,NTPC.NS,NTPC.NS,classic
2019-06-15,2019-06-14,RAYMOND.NS,RAYMOND.NS,classic
2019-06-15,2019-06-14,MOTHERSUMI.NS,MOTHERSUMI.NS,classic
2019-06-15,2019-06-14,HEROMOTOCO.NS,HEROMOTOCO.NS,classic
2019-06-15,2019-06-14,TCS.NS,TCS.NS,classic
2019-06-15,2019-06-14,BHARATFIN.NS,BHARATFIN.NS,classic
2019-06-15,2019-06-14,TECHM.NS,TECHM.NS,classic
2019-06-15,2019-06-14,BHARATFORG.NS,BHARATFORG.NS,classic
2019-06-15,2019-06-14,MCX.NS,MCX.NS,classic
2019-06-15,2019-06-14,MUTHOOTFIN.NS,MUTHOOTFIN.NS,classic
2019-06-15,2019-06-14,VGUARD.NS,VGUARD.NS,classic
2020-06-15,2020-06-15,DRREDDY.NS,DRREDDY.NS,classic
2020-06-15,2020-06-15,RELIANCE.NS,RELIANCE.NS,classic
2020-06-15,2020-06-15,IOC.NS,IOC.NS,classic
2020-06-15,2020-06-15,GODREJPROP.NS,GODREJPROP.NS,classic
2020-06-15,2020-06-15,UJJIVAN.NS,UJJIVAN.NS,classic
2020-06-15,2020-06-15,INFY.NS,INFY.NS,classic
2020-06-15,2020-06-15,HDFCLIFE.NS,HDFCLIFE.NS,classic
2020-06-15,2020-06-15,ZEEL.NS,ZEEL.NS,classic
2020-06-15,2020-06-15,JUSTDIAL.NS,JUSTDIAL.NS,classic
2020-06-15,2020-06-15,INDIGO.NS,INDIGO.NS,classic
2020-06-15,2020-06-15,ITC.NS,ITC.NS,classic
2020-06-15,2020-06-15,MRF.NS,MRF.NS,classic
2020-06-15,2020-06-15,JSWSTEEL.NS,JSWSTEEL.NS,classic
2020-06-15,2020-06-15,PIDILITIND.NS,PIDILITIND.NS,classic
2020-06-15,2020-06-15,PNB.NS,PNB.NS,classic
2020-06-15,2020-06-15,MANAPPURAM.NS,MANAPPURAM.NS,classic
2020-06-15,2020-06-15,M&M.NS,M&M.NS,classic
2020-06-15,2020-06-15,TVSMOTOR.NS,TVSMOTOR.NS,classic
2020-06-15,2020-06-15,LUPIN.NS,LUPIN.NS,classic
2020-06-15,2020-06-15,BAJFINANCE.NS,BAJFINANCE.NS,classic
2020-06-15,2020-06-15,ULTRACEMCO.NS,ULTRACEMCO.NS,classic
2020-06-15,2020-06-15,ACC.NS,ACC.NS,classic
2020-06-15,2020-06-15,AMARAJABAT.NS,ARE&M.NS,classic
2020-06-15,2020-06-15,CADILAHC.NS,CADILAHC.NS,classic
2020-06-15,2020-06-15,L&TFH.NS,LTF.NS,classic
2020-06-15,2020-06-15,PFC.NS,PFC.NS,classic
2020-06-15,2020-06-15,AXISBANK.NS,AXISBANK.NS,classic
2020-06-15,2020-06-15,RAMCOCEM.NS,RAMCOCEM.NS,classic
2020-06-15,2020-06-15,SBIN.NS,SBIN.NS,classic
2020-06-15,2020-06-15,COALINDIA.NS,COALINDIA.NS,classic
2020-06-15,2020-06-15,ESCORTS.NS,ESCORTS.NS,classic
2020-06-15,2020-06-15,MCDOWELL-N.NS,UNITDSPR.NS,classic
2020-06-15,2020-06-15,BHEL.NS,BHEL.NS,classic
2020-06-15,2020-06-15,SAIL.NS,SAIL.NS,classic
2020-06-15,2020-06-15,VEDL.NS,VEDL.NS,classic
2020-06-15,2020-06-15,PVR.NS,PVRINOX.NS,classic
2020-06-15,2020-06-15,TATACONSUM.NS,TATACONSUM.NS,classic
2020-06-15,2020-06-15,COLPAL.NS,COLPAL.NS,classic
2020-06-15,2020-06-15,INDUSINDBK.NS,INDUSINDBK.NS,classic
2020-06-15,2020-06-15,HINDUNILVR.NS,HINDUNILVR.NS,classic
2020-06-15,2020-06-15,FEDERALBNK.NS,FEDERALBNK.NS,classic
2020-06-15,2020-06-15,ICICIPRULI.NS,ICICIPRULI.NS,classic
2020-06-15,2020-06-15,NAUKRI.NS,NAUKRI.NS,classic
2020-06-15,2020-06-15,SRTRANSFIN.NS,SHRIRAMFIN.NS,classic
2020-06-15,2020-06-15,BOSCHLTD.NS,BOSCHLTD.NS,classic
2020-06-15,2020-06-15,EXIDEIND.NS,EXIDEIND.NS,classic
2020-06-15,2020-06-15,TATACHEM.NS,TATACHEM.NS,classic
2020-06-15,2020-06-15,ADANIPORTS.NS,ADANIPORTS.NS,classic
2020-06-15,2020-06-15,BATAINDIA.NS,BATAINDIA.NS,classic
2020-06-15,2020-06-15,BANKBARODA.NS,BANKBARODA.NS,classic
2020-06-15,2020-06-15,POWERGRID.NS,POWERGRID.NS,classic
2020-06-15,2020-06-15,M&MFIN.NS,M&MFIN.NS,classic
2020-06-15,2020-06-15,PETRONET.NS,PETRONET.NS,classic
2020-06-15,2020-06-15,ONGC.NS,ONGC.NS,classic
2020-06-15,2020-06-15,NIITTECH.NS,NIITTECH.NS,classic
2020-06-15,2020-06-15,NESTLEIND.NS,NESTLEIND.NS,classic
2020-06-15,2020-06-15,BAJAJ-AUTO.NS,BAJAJ-AUTO.NS,classic
2020-06-15,2020-06-15,ADANIPOWER.NS,ADANIPOWER.NS,classic
2020-06-15,2020-06-15,CONCOR.NS,CONCOR.NS,classic
2020-06-15,2020-06-15,BRITANNIA.NS,BRITANNIA.NS,classic
2020-06-15,2020-06-15,NMDC.NS,NMDC.NS,classic
2020-06-15,2020-06-15,SIEMENS.NS,SIEMENS.NS,classic
2020-06-15,2020-06-15,BALKRISIND.NS,BALKRISIND.NS,classic
2020-06-15,2020-06-15,KOTAKBANK.NS,KOTAKBANK.NS,classic
2020-06-15,2020-06-15,NCC.NS,NCC.NS,classic
2020-06-15,2020-06-15,VOLTAS.NS,VOLTAS.NS,classic
2020-06-15,2020-06-15,RECLTD.NS,RECLTD.NS,classic
2020-06-15,2020-06-15,SUNPHARMA.NS,SUNPHARMA.NS,classic
2020-06-15,2020-06-15,APOLLOTYRE.NS,APOLLOTYRE.NS,classic
2020-06-15,2020-06-15,TATASTEEL.NS,TATASTEEL.NS,classic
2020-06-15,2020-06-15,EQUITAS.NS,EQUITAS.NS,classic
2020-06-15,2020-06-15,HINDALCO.NS,HINDALCO.NS,classic
2020-06-15,2020-06-15,TORNTPHARM.NS,TORNTPHARM.NS,classic
2020-06-15,2020-06-15,TATAPOWER.NS,TATAPOWER.NS,classic
2020-06-15,2020-06-15,SBILIFE.NS,SBILIFE.NS,classic
2020-06-15,2020-06-15,BEL.NS,BEL.NS,classic
2020-06-15,2020-06-15,IBULHSGFIN.NS,SAMMAANCAP.NS,classic
2020-06-15,2020-06-15,NATIONALUM.NS,NATIONALUM.NS,classic
2020-06-15,2020-06-15,GLENMARK.NS,GLENMARK.NS,classic
2020-06-15,2020-06-15,BHARTIARTL.NS,BHARTIARTL.NS,classic
2020-06-15,2020-06-15,HAVELLS.NS,HAVELLS.NS,classic
2020-06-15,2020-06-15,UBL.NS,UBL.NS,classic
2020-06-15,2020-06-15,CHOLAFIN.NS,CHOLAFIN.NS,classic
2020-06-15,2020-06-15,AUROPHARMA.NS,AUROPHARMA.NS,classic
2020-06-15,2020-06-15,CIPLA.NS,CIPLA.NS,classic
2020-06-15,2020-06-15,CANBK.NS,CANBK.NS,classic
2020-06-15,2020-06-15,MARUTI.NS,MARUTI.NS,classic
2020-06-15,2020-06-15,LICHSGFIN.NS,LICHSGFIN.NS,classic
2020-06-15,2020-06-15,BAJAJFINSV.NS,BAJAJFINSV.NS,classic
2020-06-15,2020-06-15,MGL.NS,MGL.NS,classic
2020-06-15,2020-06-15,GMRINFRA.NS,GMRAIRPORT.NS,classic
2020-06-15,2020-06-15,GRASIM.NS,GRASIM.NS,classic
2020-06-15,2020-06-15,UPL.NS,UPL.NS,classic
2020-06-15,2020-06-15,HCLTECH.NS,HCLTECH.NS,classic
2020-06-15,2020-06-15,BIOCON.NS,BIOCON.NS,classic
2020-06-15,2020-06-15,DIVISLAB.NS,DIVISLAB.NS,classic
2020-06-15,2020-06-15,PAGEIND.NS,PAGEIND.NS,classic
2020-06-15,2020-06-15,LT.NS,LT.NS,classic
2020-06-15,2020-06-15,ASHOKLEY.NS,ASHOKLEY.NS,classic
2020-06-15,2020-06-15,DLF.NS,DLF.NS,classic
2020-06-15,2020-06-15,TATAMOTORS.NS,TMPV.NS,classic
2020-06-15,2020-06-15,GODREJCP.NS,GODREJCP.NS,classic
2020-06-15,2020-06-15,BPCL.NS,BPCL.NS,classic
2020-06-15,2020-06-15,IGL.NS,IGL.NS,classic
2020-06-15,2020-06-15,INFRATEL.NS,INFRATEL.NS,classic
2020-06-15,2020-06-15,AMBUJACEM.NS,AMBUJACEM.NS,classic
2020-06-15,2020-06-15,MARICO.NS,MARICO.NS,classic
2020-06-15,2020-06-15,WIPRO.NS,WIPRO.NS,classic
2020-06-15,2020-06-15,ADANIENT.NS,ADANIENT.NS,classic
2020-06-15,2020-06-15,HINDPETRO.NS,HINDPETRO.NS,classic
2020-06-15,2020-06-15,SHREECEM.NS,SHREECEM.NS,classic
2020-06-15,2020-06-15,CENTURYTEX.NS,CENTURYTEX.NS,classic
2020-06-15,2020-06-15,JINDALSTEL.NS,JINDALSTEL.NS,classic
2020-06-15,2020-06-15,APOLLOHOSP.NS,APOLLOHOSP.NS,classic
2020-06-15,2020-06-15,IDEA.NS,IDEA.NS,classic
2020-06-15,2020-06-15,BERGEPAINT.NS,BERGEPAINT.NS,classic
2020-06-15,2020-06-15,SUNTV.NS,SUNTV.NS,classic
2020-06-15,2020-06-15,IDFCFIRSTB.NS,IDFCFIRSTB.NS,classic
2020-06-15,2020-06-15,CUMMINSIND.NS,CUMMINSIND.NS,classic
2020-06-15,2020-06-15,GAIL.NS,GAIL.NS,classic
2020-06-15,2020-06-15,MFSL.NS,MFSL.NS,classic
2020-06-15,2020-06-15,ICICIBANK.NS,ICICIBANK.NS,classic
2020-06-15,2020-06-15,JUBLFOOD.NS,JUBLFOOD.NS,classic
2020-06-15,2020-06-15,SRF.NS,SRF.NS,classic
2020-06-15,2020-06-15,TORNTPOWER.NS,TORNTPOWER.NS,classic
2020-06-15,2020-06-15,TITAN.NS,TITAN.NS,classic
2020-06-15,2020-06-15,DABUR.NS,DABUR.NS,classic
2020-06-15,2020-06-15,RBLBANK.NS,RBLBANK.NS,classic
2020-06-15,2020-06-15,HDFCBANK.NS,HDFCBANK.NS,classic
2020-06-15,2020-06-15,EICHERMOT.NS,EICHERMOT.NS,classic
2020-06-15,2020-06-15,ASIANPAINT.NS,ASIANPAINT.NS,classic
2020-06-15,2020-06-15,NTPC.NS,NTPC.NS,classic
2020-06-15,2020-06-15,MOTHERSUMI.NS,MOTHERSUMI.NS,classic
2020-06-15,2020-06-15,HEROMOTOCO.NS,HEROMOTOCO.NS,classic
2020-06-15,2020-06-15,TCS.NS,TCS.NS,classic
2020-06-15,2020-06-15,TECHM.NS,TECHM.NS,classic
2020-06-15,2020-06-15,BHARATFORG.NS,BHARATFORG.NS,classic
2020-06-15,2020-06-15,BANDHANBNK.NS,BANDHANBNK.NS,classic
2020-06-15,2020-06-15,MUTHOOTFIN.NS,MUTHOOTFIN.NS,classic
2021-06-15,2021-06-15,DRREDDY.NS,DRREDDY.NS,classic
2021-06-15,2021-06-15,RELIANCE.NS,RELIANCE.NS,classic
2021-06-15,2021-06-15,IOC.NS,IOC.NS,classic
2021-06-15,2021-06-15,GODREJPROP.NS,GODREJPROP.NS,classic
2021-06-15,2021-06-15,INFY.NS,INFY.NS,classic
2021-06-15,2021-06-15,APLLTD.NS,APLLTD.NS,classic
2021-06-15,2021-06-15,HDFCLIFE.NS,HDFCLIFE.NS,classic
2021-06-15,2021-06-15,LALPATHLAB.NS,LALPATHLAB.NS,classic
2021-06-15,2021-06-15,ZEEL.NS,ZEEL.NS,classic
2021-06-15,2021-06-15,INDIGO.NS,INDIGO.NS,classic
2021-06-15,2021-06-15,ITC.NS,ITC.NS,classic
2021-06-15,2021-06-15,TRENT.NS,TRENT.NS,classic
2021-06-15,2021-06-15,MRF.NS,MRF.NS,classic
2021-06-15,2021-06-15,JSWSTEEL.NS,JSWSTEEL.NS,classic
2021-06-15,2021-06-15,PIDILITIND.NS,PIDILITIND.NS,classic
2021-06-15,2021-06-15,PNB.NS,PNB.NS,classic
2021-06-15,2021-06-15,MANAPPURAM.NS,MANAPPURAM.NS,classic
2021-06-15,2021-06-15,M&M.NS,M&M.NS,classic
2021-06-15,2021-06-15,TVSMOTOR.NS,TVSMOTOR.NS,classic
2021-06-15,2021-06-15,LUPIN.NS,LUPIN.NS,classic
2021-06-15,2021-06-15,BAJFINANCE.NS,BAJFINANCE.NS,classic
2021-06-15,2021-06-15,ULTRACEMCO.NS,ULTRACEMCO.NS,classic
2021-06-15,2021-06-15,ACC.NS,ACC.NS,classic
2021-06-15,2021-06-15,AMARAJABAT.NS,ARE&M.NS,classic
2021-06-15,2021-06-15,CADILAHC.NS,CADILAHC.NS,classic
2021-06-15,2021-06-15,L&TFH.NS,LTF.NS,classic
2021-06-15,2021-06-15,PFC.NS,PFC.NS,classic
2021-06-15,2021-06-15,AXISBANK.NS,AXISBANK.NS,classic
2021-06-15,2021-06-15,RAMCOCEM.NS,RAMCOCEM.NS,classic
2021-06-15,2021-06-15,SBIN.NS,SBIN.NS,classic
2021-06-15,2021-06-15,COALINDIA.NS,COALINDIA.NS,classic
2021-06-15,2021-06-15,ESCORTS.NS,ESCORTS.NS,classic
2021-06-15,2021-06-15,CUB.NS,CUB.NS,classic
2021-06-15,2021-06-15,MCDOWELL-N.NS,UNITDSPR.NS,classic
2021-06-15,2021-06-15,BHEL.NS,BHEL.NS,classic
2021-06-15,2021-06-15,SAIL.NS,SAIL.NS,classic
2021-06-15,2021-06-15,VEDL.NS,VEDL.NS,classic
2021-06-15,2021-06-15,PVR.NS,PVRINOX.NS,classic
2021-06-15,2021-06-15,TATACONSUM.NS,TATACONSUM.NS,classic
2021-06-15,2021-06-15,COLPAL.NS,COLPAL.NS,classic
2021-06-15,2021-06-15,INDUSINDBK.NS,INDUSINDBK.NS,classic
2021-06-15,2021-06-15,HINDUNILVR.NS,HINDUNILVR.NS,classic
2021-06-15,2021-06-15,FEDERALBNK.NS,FEDERALBNK.NS,classic
2021-06-15,2021-06-15,ICICIPRULI.NS,ICICIPRULI.NS,classic
2021-06-15,2021-06-15,NAUKRI.NS,NAUKRI.NS,classic
2021-06-15,2021-06-15,SRTRANSFIN.NS,SHRIRAMFIN.NS,classic
2021-06-15,2021-06-15,BOSCHLTD.NS,BOSCHLTD.NS,classic
2021-06-15,2021-06-15,EXIDEIND.NS,EXIDEIND.NS,classic
2021-06-15,2021-06-15,TATACHEM.NS,TATACHEM.NS,classic
2021-06-15,2021-06-15,ADANIPORTS.NS,ADANIPORTS.NS,classic
2021-06-15,2021-06-15,BATAINDIA.NS,BATAINDIA.NS,classic
2021-06-15,2021-06-15,BANKBARODA.NS,BANKBARODA.NS,classic
2021-06-15,2021-06-15,POWERGRID.NS,POWERGRID.NS,classic
2021-06-15,2021-06-15,M&MFIN.NS,M&MFIN.NS,classic
2021-06-15,2021-06-15,PETRONET.NS,PETRONET.NS,classic
2021-06-15,2021-06-15,ONGC.NS,ONGC.NS,classic
2021-06-15,2021-06-15,NESTLEIND.NS,NESTLEIND.NS,classic
2021-06-15,2021-06-15,PFIZER.NS,PFIZER.NS,classic
2021-06-15,2021-06-15,BAJAJ-AUTO.NS,BAJAJ-AUTO.NS,classic
2021-06-15,2021-06-15,AARTIIND.NS,AARTIIND.NS,classic
2021-06-15,2021-06-15,NAM-INDIA.NS,NAM-INDIA.NS,classic
2021-06-15,2021-06-15,CONCOR.NS,CONCOR.NS,classic
2021-06-15,2021-06-15,BRITANNIA.NS,BRITANNIA.NS,classic
2021-06-15,2021-06-15,NMDC.NS,NMDC.NS,classic
2021-06-15,2021-06-15,SIEMENS.NS,SIEMENS.NS,classic
2021-06-15,2021-06-15,NAVINFLUOR.NS,NAVINFLUOR.NS,classic
2021-06-15,2021-06-15,BALKRISIND.NS,BALKRISIND.NS,classic
2021-06-15,2021-06-15,PIIND.NS,PIIND.NS,classic
2021-06-15,2021-06-15,KOTAKBANK.NS,KOTAKBANK.NS,classic
2021-06-15,2021-06-15,ALKEM.NS,ALKEM.NS,classic
2021-06-15,2021-06-15,DEEPAKNTR.NS,DEEPAKNTR.NS,classic
2021-06-15,2021-06-15,VOLTAS.NS,VOLTAS.NS,classic
2021-06-15,2021-06-15,INDUSTOWER.NS,INDUSTOWER.NS,classic
2021-06-15,2021-06-15,RECLTD.NS,RECLTD.NS,classic
2021-06-15,2021-06-15,SUNPHARMA.NS,SUNPHARMA.NS,classic
2021-06-15,2021-06-15,APOLLOTYRE.NS,APOLLOTYRE.NS,classic
2021-06-15,2021-06-15,TATASTEEL.NS,TATASTEEL.NS,classic
2021-06-15,2021-06-15,HINDALCO.NS,HINDALCO.NS,classic
2021-06-15,2021-06-15,TORNTPHARM.NS,TORNTPHARM.NS,classic
2021-06-15,2021-06-15,TATAPOWER.NS,TATAPOWER.NS,classic
2021-06-15,2021-06-15,SBILIFE.NS,SBILIFE.NS,classic
2021-06-15,2021-06-15,BEL.NS,BEL.NS,classic
2021-06-15,2021-06-15,IBULHSGFIN.NS,SAMMAANCAP.NS,classic
2021-06-15,2021-06-15,NATIONALUM.NS,NATIONALUM.NS,classic
2021-06-15,2021-06-15,IRCTC.NS,IRCTC.NS,classic
2021-06-15,2021-06-15,GRANULES.NS,GRANULES.NS,classic
2021-06-15,2021-06-15,GLENMARK.NS,GLENMARK.NS,classic
2021-06-15,2021-06-15,BHARTIARTL.NS,BHARTIARTL.NS,classic
2021-06-15,2021-06-15,COFORGE.NS,COFORGE.NS,classic
2021-06-15,2021-06-15,HAVELLS.NS,HAVELLS.NS,classic
2021-06-15,2021-06-15,UBL.NS,UBL.NS,classic
2021-06-15,2021-06-15,CHOLAFIN.NS,CHOLAFIN.NS,classic
2021-06-15,2021-06-15,AUROPHARMA.NS,AUROPHARMA.NS,classic
2021-06-15,2021-06-15,AUBANK.NS,AUBANK.NS,classic
2021-06-15,2021-06-15,CIPLA.NS,CIPLA.NS,classic
2021-06-15,2021-06-15,CANBK.NS,CANBK.NS,classic
2021-06-15,2021-06-15,MARUTI.NS,MARUTI.NS,classic
2021-06-15,2021-06-15,LICHSGFIN.NS,LICHSGFIN.NS,classic
2021-06-15,2021-06-15,BAJAJFINSV.NS,BAJAJFINSV.NS,classic
2021-06-15,2021-06-15,MGL.NS,MGL.NS,classic
2021-06-15,2021-06-15,GMRINFRA.NS,GMRAIRPORT.NS,classic
2021-06-15,2021-06-15,GRASIM.NS,GRASIM.NS,classic
2021-06-15,2021-06-15,UPL.NS,UPL.NS,classic
2021-06-15,2021-06-15,HCLTECH.NS,HCLTECH.NS,classic
2021-06-15,2021-06-15,BIOCON.NS,BIOCON.NS,classic
2021-06-15,2021-06-15,DIVISLAB.NS,DIVISLAB.NS,classic
2021-06-15,2021-06-15,PAGEIND.NS,PAGEIND.NS,classic
2021-06-15,2021-06-15,LT.NS,LT.NS,classic
2021-06-15,2021-06-15,ASHOKLEY.NS,ASHOKLEY.NS,classic
2021-06-15,2021-06-15,DLF.NS,DLF.NS,classic
2021-06-15,2021-06-15,TATAMOTORS.NS,TMPV.NS,classic
2021-06-15,2021-06-15,MPHASIS.NS,MPHASIS.NS,classic
2021-06-15,2021-06-15,GODREJCP.NS,GODREJCP.NS,classic
2021-06-15,2021-06-15,BPCL.NS,BPCL.NS,classic
2021-06-15,2021-06-15,LTTS.NS,LTTS.NS,classic
2021-06-15,2021-06-15,IGL.NS,IGL.NS,classic
2021-06-15,2021-06-15,AMBUJACEM.NS,AMBUJACEM.NS,classic
2021-06-15,2021-06-15,MARICO.NS,MARICO.NS,classic
2021-06-15,2021-06-15,WIPRO.NS,WIPRO.NS,classic
2021-06-15,2021-06-15,ADANIENT.NS,ADANIENT.NS,classic
2021-06-15,2021-06-15,HINDPETRO.NS,HINDPETRO.NS,classic
2021-06-15,2021-06-15,SHREECEM.NS,SHREECEM.NS,classic
2021-06-15,2021-06-15,JINDALSTEL.NS,JINDALSTEL.NS,classic
2021-06-15,2021-06-15,APOLLOHOSP.NS,APOLLOHOSP.NS,classic
2021-06-15,2021-06-15,HDFCAMC.NS,HDFCAMC.NS,classic
2021-06-15,2021-06-15,BERGEPAINT.NS,BERGEPAINT.NS,classic
2021-06-15,2021-06-15,IDEA.NS,IDEA.NS,classic
2021-06-15,2021-06-15,SUNTV.NS,SUNTV.NS,classic
2021-06-15,2021-06-15,IDFCFIRSTB.NS,IDFCFIRSTB.NS,classic
2021-06-15,2021-06-15,CUMMINSIND.NS,CUMMINSIND.NS,classic
2021-06-15,2021-06-15,GAIL.NS,GAIL.NS,classic
2021-06-15,2021-06-15,MFSL.NS,MFSL.NS,classic
2021-06-15,2021-06-15,ICICIBANK.NS,ICICIBANK.NS,classic
2021-06-15,2021-06-15,JUBLFOOD.NS,JUBLFOOD.NS,classic
2021-06-15,2021-06-15,ICICIGI.NS,ICICIGI.NS,classic
2021-06-15,2021-06-15,SRF.NS,SRF.NS,classic
2021-06-15,2021-06-15,TORNTPOWER.NS,TORNTPOWER.NS,classic
2021-06-15,2021-06-15,TITAN.NS,TITAN.NS,classic
2021-06-15,2021-06-15,DABUR.NS,DABUR.NS,classic
2021-06-15,2021-06-15,RBLBANK.NS,RBLBANK.NS,classic
2021-06-15,2021-06-15,HDFCBANK.NS,HDFCBANK.NS,classic
2021-06-15,2021-06-15,EICHERMOT.NS,EICHERMOT.NS,classic
2021-06-15,2021-06-15,ASIANPAINT.NS,ASIANPAINT.NS,classic
2021-06-15,2021-06-15,NTPC.NS,NTPC.NS,classic
2021-06-15,2021-06-15,MOTHERSUMI.NS,MOTHERSUMI.NS,classic
2021-06-15,2021-06-15,HEROMOTOCO.NS,HEROMOTOCO.NS,classic
2021-06-15,2021-06-15,TCS.NS,TCS.NS,classic
2021-06-15,2021-06-15,TECHM.NS,TECHM.NS,classic
2021-06-15,2021-06-15,BHARATFORG.NS,BHARATFORG.NS,classic
2021-06-15,2021-06-15,BANDHANBNK.NS,BANDHANBNK.NS,classic
2021-06-15,2021-06-15,MUTHOOTFIN.NS,MUTHOOTFIN.NS,classic
2022-06-15,2022-06-15,DRREDDY.NS,DRREDDY.NS,classic
2022-06-15,2022-06-15,RELIANCE.NS,RELIANCE.NS,classic
2022-06-15,2022-06-15,IOC.NS,IOC.NS,classic
2022-06-15,2022-06-15,GODREJPROP.NS,GODREJPROP.NS,classic
2022-06-15,2022-06-15,IPCALAB.NS,IPCALAB.NS,classic
2022-06-15,2022-06-15,GNFC.NS,GNFC.NS,classic
2022-06-15,2022-06-15,BALRAMCHIN.NS,BALRAMCHIN.NS,classic
2022-06-15,2022-06-15,SBICARD.NS,SBICARD.NS,classic
2022-06-15,2022-06-15,INFY.NS,INFY.NS,classic
2022-06-15,2022-06-15,APLLTD.NS,APLLTD.NS,classic
2022-06-15,2022-06-15,HDFCLIFE.NS,HDFCLIFE.NS,classic
2022-06-15,2022-06-15,ABFRL.NS,ABFRL.NS,classic
2022-06-15,2022-06-15,LALPATHLAB.NS,LALPATHLAB.NS,classic
2022-06-15,2022-06-15,ZEEL.NS,ZEEL.NS,classic
2022-06-15,2022-06-15,INDIGO.NS,INDIGO.NS,classic
2022-06-15,2022-06-15,ITC.NS,ITC.NS,classic
2022-06-15,2022-06-15,FSL.NS,FSL.NS,classic
2022-06-15,2022-06-15,INDIAMART.NS,INDIAMART.NS,classic
2022-06-15,2022-06-15,OBEROIRLTY.NS,OBEROIRLTY.NS,classic
2022-06-15,2022-06-15,TRENT.NS,TRENT.NS,classic
2022-06-15,2022-06-15,MRF.NS,MRF.NS,classic
2022-06-15,2022-06-15,JSWSTEEL.NS,JSWSTEEL.NS,classic
2022-06-15,2022-06-15,PIDILITIND.NS,PIDILITIND.NS,classic
2022-06-15,2022-06-15,PNB.NS,PNB.NS,classic
2022-06-15,2022-06-15,MANAPPURAM.NS,MANAPPURAM.NS,classic
2022-06-15,2022-06-15,M&M.NS,M&M.NS,classic
2022-06-15,2022-06-15,TVSMOTOR.NS,TVSMOTOR.NS,classic
2022-06-15,2022-06-15,LUPIN.NS,LUPIN.NS,classic
2022-06-15,2022-06-15,BAJFINANCE.NS,BAJFINANCE.NS,classic
2022-06-15,2022-06-15,CROMPTON.NS,CROMPTON.NS,classic
2022-06-15,2022-06-15,ULTRACEMCO.NS,ULTRACEMCO.NS,classic
2022-06-15,2022-06-15,ACC.NS,ACC.NS,classic
2022-06-15,2022-06-15,AMARAJABAT.NS,ARE&M.NS,classic
2022-06-15,2022-06-15,L&TFH.NS,LTF.NS,classic
2022-06-15,2022-06-15,PFC.NS,PFC.NS,classic
2022-06-15,2022-06-15,AXISBANK.NS,AXISBANK.NS,classic
2022-06-15,2022-06-15,DALBHARAT.NS,DALBHARAT.NS,classic
2022-06-15,2022-06-15,RAMCOCEM.NS,RAMCOCEM.NS,classic
2022-06-15,2022-06-15,SBIN.NS,SBIN.NS,classic
2022-06-15,2022-06-15,COALINDIA.NS,COALINDIA.NS,classic
2022-06-15,2022-06-15,ATUL.NS,ATUL.NS,classic
2022-06-15,2022-06-15,ESCORTS.NS,ESCORTS.NS,classic
2022-06-15,2022-06-15,CUB.NS,CUB.NS,classic
2022-06-15,2022-06-15,MCDOWELL-N.NS,UNITDSPR.NS,classic
2022-06-15,2022-06-15,BHEL.NS,BHEL.NS,classic
2022-06-15,2022-06-15,SAIL.NS,SAIL.NS,classic
2022-06-15,2022-06-15,VEDL.NS,VEDL.NS,classic
2022-06-15,2022-06-15,INDHOTEL.NS,INDHOTEL.NS,classic
2022-06-15,2022-06-15,PVR.NS,PVRINOX.NS,classic
2022-06-15,2022-06-15,TATACONSUM.NS,TATACONSUM.NS,classic
2022-06-15,2022-06-15,COLPAL.NS,COLPAL.NS,classic
2022-06-15,2022-06-15,INDUSINDBK.NS,INDUSINDBK.NS,classic
2022-06-15,2022-06-15,HINDUNILVR.NS,HINDUNILVR.NS,classic
2022-06-15,2022-06-15,FEDERALBNK.NS,FEDERALBNK.NS,classic
2022-06-15,2022-06-15,ICICIPRULI.NS,ICICIPRULI.NS,classic
2022-06-15,2022-06-15,NAUKRI.NS,NAUKRI.NS,classic
2022-06-15,2022-06-15,RAIN.NS,RAIN.NS,classic
2022-06-15,2022-06-15,SRTRANSFIN.NS,SHRIRAMFIN.NS,classic
2022-06-15,2022-06-15,BOSCHLTD.NS,BOSCHLTD.NS,classic
2022-06-15,2022-06-15,EXIDEIND.NS,EXIDEIND.NS,classic
2022-06-15,2022-06-15,TATACHEM.NS,TATACHEM.NS,classic
2022-06-15,2022-06-15,ADANIPORTS.NS,ADANIPORTS.NS,classic
2022-06-15,2022-06-15,HINDCOPPER.NS,HINDCOPPER.NS,classic
2022-06-15,2022-06-15,BATAINDIA.NS,BATAINDIA.NS,classic
2022-06-15,2022-06-15,LAURUSLABS.NS,LAURUSLABS.NS,classic
2022-06-15,2022-06-15,BANKBARODA.NS,BANKBARODA.NS,classic
2022-06-15,2022-06-15,POWERGRID.NS,POWERGRID.NS,classic
2022-06-15,2022-06-15,M&MFIN.NS,M&MFIN.NS,classic
2022-06-15,2022-06-15,PETRONET.NS,PETRONET.NS,classic
2022-06-15,2022-06-15,ONGC.NS,ONGC.NS,classic
2022-06-15,2022-06-15,NESTLEIND.NS,NESTLEIND.NS,classic
2022-06-15,2022-06-15,BAJAJ-AUTO.NS,BAJAJ-AUTO.NS,classic
2022-06-15,2022-06-15,AARTIIND.NS,AARTIIND.NS,classic
2022-06-15,2022-06-15,ZYDUSLIFE.NS,ZYDUSLIFE.NS,classic
2022-06-15,2022-06-15,NAM-INDIA.NS,NAM-INDIA.NS,classic
2022-06-15,2022-06-15,DELTACORP.NS,DELTACORP.NS,classic
2022-06-15,2022-06-15,CONCOR.NS,CONCOR.NS,classic
2022-06-15,2022-06-15,BRITANNIA.NS,BRITANNIA.NS,classic
2022-06-15,2022-06-15,MOTHERSON.NS,MOTHERSON.NS,classic
2022-06-15,2022-06-15,NMDC.NS,NMDC.NS,classic
2022-06-15,2022-06-15,SIEMENS.NS,SIEMENS.NS,classic
2022-06-15,2022-06-15,NAVINFLUOR.NS,NAVINFLUOR.NS,classic
2022-06-15,2022-06-15,BALKRISIND.NS,BALKRISIND.NS,classic
2022-06-15,2022-06-15,PIIND.NS,PIIND.NS,classic
2022-06-15,2022-06-15,KOTAKBANK.NS,KOTAKBANK.NS,classic
2022-06-15,2022-06-15,IEX.NS,IEX.NS,classic
2022-06-15,2022-06-15,ALKEM.NS,ALKEM.NS,classic
2022-06-15,2022-06-15,DEEPAKNTR.NS,DEEPAKNTR.NS,classic
2022-06-15,2022-06-15,NBCC.NS,NBCC.NS,classic
2022-06-15,2022-06-15,VOLTAS.NS,VOLTAS.NS,classic
2022-06-15,2022-06-15,WHIRLPOOL.NS,WHIRLPOOL.NS,classic
2022-06-15,2022-06-15,INDUSTOWER.NS,INDUSTOWER.NS,classic
2022-06-15,2022-06-15,RECLTD.NS,RECLTD.NS,classic
2022-06-15,2022-06-15,SUNPHARMA.NS,SUNPHARMA.NS,classic
2022-06-15,2022-06-15,APOLLOTYRE.NS,APOLLOTYRE.NS,classic
2022-06-15,2022-06-15,TATASTEEL.NS,TATASTEEL.NS,classic
2022-06-15,2022-06-15,HINDALCO.NS,HINDALCO.NS,classic
2022-06-15,2022-06-15,TORNTPHARM.NS,TORNTPHARM.NS,classic
2022-06-15,2022-06-15,TATAPOWER.NS,TATAPOWER.NS,classic
2022-06-15,2022-06-15,SBILIFE.NS,SBILIFE.NS,classic
2022-06-15,2022-06-15,BEL.NS,BEL.NS,classic
2022-06-15,2022-06-15,JKCEMENT.NS,JKCEMENT.NS,classic
2022-06-15,2022-06-15,IBULHSGFIN.NS,SAMMAANCAP.NS,classic
2022-06-15,2022-06-15,NATIONALUM.NS,NATIONALUM.NS,classic
2022-06-15,2022-06-15,HAL.NS,HAL.NS,classic
2022-06-15,2022-06-15,IRCTC.NS,IRCTC.NS,classic
2022-06-15,2022-06-15,GRANULES.NS,GRANULES.NS,classic
2022-06-15,2022-06-15,GLENMARK.NS,GLENMARK.NS,classic
2022-06-15,2022-06-15,BHARTIARTL.NS,BHARTIARTL.NS,classic
2022-06-15,2022-06-15,CANFINHOME.NS,CANFINHOME.NS,classic
2022-06-15,2022-06-15,INTELLECT.NS,INTELLECT.NS,classic
2022-06-15,2022-06-15,TATACOMM.NS,TATACOMM.NS,classic
2022-06-15,2022-06-15,COFORGE.NS,COFORGE.NS,classic
2022-06-15,2022-06-15,ABB.NS,ABB.NS,classic
2022-06-15,2022-06-15,HAVELLS.NS,HAVELLS.NS,classic
2022-06-15,2022-06-15,UBL.NS,UBL.NS,classic
2022-06-15,2022-06-15,CHOLAFIN.NS,CHOLAFIN.NS,classic
2022-06-15,2022-06-15,AUROPHARMA.NS,AUROPHARMA.NS,classic
2022-06-15,2022-06-15,AUBANK.NS,AUBANK.NS,classic
2022-06-15,2022-06-15,CIPLA.NS,CIPLA.NS,classic
2022-06-15,2022-06-15,GSPL.NS,GSPL.NS,classic
2022-06-15,2022-06-15,CANBK.NS,CANBK.NS,classic
2022-06-15,2022-06-15,HONAUT.NS,HONAUT.NS,classic
2022-06-15,2022-06-15,MARUTI.NS,MARUTI.NS,classic
2022-06-15,2022-06-15,OFSS.NS,OFSS.NS,classic
2022-06-15,2022-06-15,LICHSGFIN.NS,LICHSGFIN.NS,classic
2022-06-15,2022-06-15,BAJAJFINSV.NS,BAJAJFINSV.NS,classic
2022-06-15,2022-06-15,MCX.NS,MCX.NS,classic
2022-06-15,2022-06-15,GMRINFRA.NS,GMRAIRPORT.NS,classic
2022-06-15,2022-06-15,METROPOLIS.NS,METROPOLIS.NS,classic
2022-06-15,2022-06-15,GRASIM.NS,GRASIM.NS,classic
2022-06-15,2022-06-15,MGL.NS,MGL.NS,classic
2022-06-15,2022-06-15,UPL.NS,UPL.NS,classic
2022-06-15,2022-06-15,HCLTECH.NS,HCLTECH.NS,classic
2022-06-15,2022-06-15,BIOCON.NS,BIOCON.NS,classic
2022-06-15,2022-06-15,DIVISLAB.NS,DIVISLAB.NS,classic
2022-06-15,2022-06-15,PAGEIND.NS,PAGEIND.NS,classic
2022-06-15,2022-06-15,LT.NS,LT.NS,classic
2022-06-15,2022-06-15,ASHOKLEY.NS,ASHOKLEY.NS,classic
2022-06-15,2022-06-15,STAR.NS,STAR.NS,classic
2022-06-15,2022-06-15,DLF.NS,DLF.NS,classic
2022-06-15,2022-06-15,TATAMOTORS.NS,TMPV.NS,classic
2022-06-15,2022-06-15,MPHASIS.NS,MPHASIS.NS,classic
2022-06-15,2022-06-15,BSOFT.NS,BSOFT.NS,classic
2022-06-15,2022-06-15,GODREJCP.NS,GODREJCP.NS,classic
2022-06-15,2022-06-15,BPCL.NS,BPCL.NS,classic
2022-06-15,2022-06-15,LTTS.NS,LTTS.NS,classic
2022-06-15,2022-06-15,IGL.NS,IGL.NS,classic
2022-06-15,2022-06-15,ASTRAL.NS,ASTRAL.NS,classic
2022-06-15,2022-06-15,AMBUJACEM.NS,AMBUJACEM.NS,classic
2022-06-15,2022-06-15,ABBOTINDIA.NS,ABBOTINDIA.NS,classic
2022-06-15,2022-06-15,MARICO.NS,MARICO.NS,classic
2022-06-15,2022-06-15,PERSISTENT.NS,PERSISTENT.NS,classic
2022-06-15,2022-06-15,ADANIENT.NS,ADANIENT.NS,classic
2022-06-15,2022-06-15,HINDPETRO.NS,HINDPETRO.NS,classic
2022-06-15,2022-06-15,WIPRO.NS,WIPRO.NS,classic
2022-06-15,2022-06-15,SHREECEM.NS,SHREECEM.NS,classic
2022-06-15,2022-06-15,SYNGENE.NS,SYNGENE.NS,classic
2022-06-15,2022-06-15,JINDALSTEL.NS,JINDALSTEL.NS,classic
2022-06-15,2022-06-15,APOLLOHOSP.NS,APOLLOHOSP.NS,classic
2022-06-15,2022-06-15,HDFCAMC.NS,HDFCAMC.NS,classic
2022-06-15,2022-06-15,BERGEPAINT.NS,BERGEPAINT.NS,classic
2022-06-15,2022-06-15,IDEA.NS,IDEA.NS,classic
2022-06-15,2022-06-15,SUNTV.NS,SUNTV.NS,classic
2022-06-15,2022-06-15,IDFCFIRSTB.NS,IDFCFIRSTB.NS,classic
2022-06-15,2022-06-15,CUMMINSIND.NS,CUMMINSIND.NS,classic
2022-06-15,2022-06-15,GAIL.NS,GAIL.NS,classic
2022-06-15,2022-06-15,MFSL.NS,MFSL.NS,classic
2022-06-15,2022-06-15,ICICIBANK.NS,ICICIBANK.NS,classic
2022-06-15,2022-06-15,CHAMBLFERT.NS,CHAMBLFERT.NS,classic
2022-06-15,2022-06-15,JUBLFOOD.NS,JUBLFOOD.NS,classic
2022-06-15,2022-06-15,ICICIGI.NS,ICICIGI.NS,classic
2022-06-15,2022-06-15,SRF.NS,SRF.NS,classic
2022-06-15,2022-06-15,POLYCAB.NS,POLYCAB.NS,classic
2022-06-15,2022-06-15,TITAN.NS,TITAN.NS,classic
2022-06-15,2022-06-15,DABUR.NS,DABUR.NS,classic
2022-06-15,2022-06-15,INDIACEM.NS,INDIACEM.NS,classic
2022-06-15,2022-06-15,RBLBANK.NS,RBLBANK.NS,classic
2022-06-15,2022-06-15,TORNTPOWER.NS,TORNTPOWER.NS,classic
2022-06-15,2022-06-15,DIXON.NS,DIXON.NS,classic
2022-06-15,2022-06-15,EICHERMOT.NS,EICHERMOT.NS,classic
2022-06-15,2022-06-15,ASIANPAINT.NS,ASIANPAINT.NS,classic
2022-06-15,2022-06-15,HDFCBANK.NS,HDFCBANK.NS,classic
2022-06-15,2022-06-15,NTPC.NS,NTPC.NS,classic
2022-06-15,2022-06-15,HEROMOTOCO.NS,HEROMOTOCO.NS,classic
2022-06-15,2022-06-15,TCS.NS,TCS.NS,classic
2022-06-15,2022-06-15,TECHM.NS,TECHM.NS,classic
2022-06-15,2022-06-15,BHARATFORG.NS,BHARATFORG.NS,classic
2022-06-15,2022-06-15,BANDHANBNK.NS,BANDHANBNK.NS,classic
2022-06-15,2022-06-15,ABCAPITAL.NS,ABCAPITAL.NS,classic
2022-06-15,2022-06-15,MUTHOOTFIN.NS,MUTHOOTFIN.NS,classic
2022-06-15,2022-06-15,COROMANDEL.NS,COROMANDEL.NS,classic
2023-06-15,2023-06-15,DRREDDY.NS,DRREDDY.NS,classic
2023-06-15,2023-06-15,RELIANCE.NS,RELIANCE.NS,classic
2023-06-15,2023-06-15,IOC.NS,IOC.NS,classic
2023-06-15,2023-06-15,GODREJPROP.NS,GODREJPROP.NS,classic
2023-06-15,2023-06-15,IPCALAB.NS,IPCALAB.NS,classic
2023-06-15,2023-06-15,GNFC.NS,GNFC.NS,classic
2023-06-15,2023-06-15,BALRAMCHIN.NS,BALRAMCHIN.NS,classic
2023-06-15,2023-06-15,SBICARD.NS,SBICARD.NS,classic
2023-06-15,2023-06-15,INFY.NS,INFY.NS,classic
2023-06-15,2023-06-15,HDFCLIFE.NS,HDFCLIFE.NS,classic
2023-06-15,2023-06-15,ABFRL.NS,ABFRL.NS,classic
2023-06-15,2023-06-15,LALPATHLAB.NS,LALPATHLAB.NS,classic
2023-06-15,2023-06-15,ZEEL.NS,ZEEL.NS,classic
2023-06-15,2023-06-15,INDIGO.NS,INDIGO.NS,classic
2023-06-15,2023-06-15,ITC.NS,ITC.NS,classic
2023-06-15,2023-06-15,INDIAMART.NS,INDIAMART.NS,classic
2023-06-15,2023-06-15,TRENT.NS,TRENT.NS,classic
2023-06-15,2023-06-15,OBEROIRLTY.NS,OBEROIRLTY.NS,classic
2023-06-15,2023-06-15,MRF.NS,MRF.NS,classic
2023-06-15,2023-06-15,JSWSTEEL.NS,JSWSTEEL.NS,classic
2023-06-15,2023-06-15,PIDILITIND.NS,PIDILITIND.NS,classic
2023-06-15,2023-06-15,PNB.NS,PNB.NS,classic
2023-06-15,2023-06-15,MANAPPURAM.NS,MANAPPURAM.NS,classic
2023-06-15,2023-06-15,M&M.NS,M&M.NS,classic
2023-06-15,2023-06-15,TVSMOTOR.NS,TVSMOTOR.NS,classic
2023-06-15,2023-06-15,LUPIN.NS,LUPIN.NS,classic
2023-06-15,2023-06-15,BAJFINANCE.NS,BAJFINANCE.NS,classic
2023-06-15,2023-06-15,CROMPTON.NS,CROMPTON.NS,classic
2023-06-15,2023-06-15,ULTRACEMCO.NS,ULTRACEMCO.NS,classic
2023-06-15,2023-06-15,ACC.NS,ACC.NS,classic
2023-06-15,2023-06-15,L&TFH.NS,LTF.NS,classic
2023-06-15,2023-06-15,PFC.NS,PFC.NS,classic
2023-06-15,2023-06-15,AXISBANK.NS,AXISBANK.NS,classic
2023-06-15,2023-06-15,DALBHARAT.NS,DALBHARAT.NS,classic
2023-06-15,2023-06-15,RAMCOCEM.NS,RAMCOCEM.NS,classic
2023-06-15,2023-06-15,SBIN.NS,SBIN.NS,classic
2023-06-15,2023-06-15,COALINDIA.NS,COALINDIA.NS,classic
2023-06-15,2023-06-15,ATUL.NS,ATUL.NS,classic
2023-06-15,2023-06-15,ESCORTS.NS,ESCORTS.NS,classic
2023-06-15,2023-06-15,CUB.NS,CUB.NS,classic
2023-06-15,2023-06-15,MCDOWELL-N.NS,UNITDSPR.NS,classic
2023-06-15,2023-06-15,BHEL.NS,BHEL.NS,classic
2023-06-15,2023-06-15,SAIL.NS,SAIL.NS,classic
2023-06-15,2023-06-15,VEDL.NS,VEDL.NS,classic
2023-06-15,2023-06-15,INDHOTEL.NS,INDHOTEL.NS,classic
2023-06-15,2023-06-15,TATACONSUM.NS,TATACONSUM.NS,classic
2023-06-15,2023-06-15,COLPAL.NS,COLPAL.NS,classic
2023-06-15,2023-06-15,INDUSINDBK.NS,INDUSINDBK.NS,classic
2023-06-15,2023-06-15,HINDUNILVR.NS,HINDUNILVR.NS,classic
2023-06-15,2023-06-15,FEDERALBNK.NS,FEDERALBNK.NS,classic
2023-06-15,2023-06-15,ICICIPRULI.NS,ICICIPRULI.NS,classic
2023-06-15,2023-06-15,NAUKRI.NS,NAUKRI.NS,classic
2023-06-15,2023-06-15,RAIN.NS,RAIN.NS,classic
2023-06-15,2023-06-15,BOSCHLTD.NS,BOSCHLTD.NS,classic
2023-06-15,2023-06-15,EXIDEIND.NS,EXIDEIND.NS,classic
2023-06-15,2023-06-15,TATACHEM.NS,TATACHEM.NS,classic
2023-06-15,2023-06-15,ADANIPORTS.NS,ADANIPORTS.NS,classic
2023-06-15,2023-06-15,HINDCOPPER.NS,HINDCOPPER.NS,classic
2023-06-15,2023-06-15,BATAINDIA.NS,BATAINDIA.NS,classic
2023-06-15,2023-06-15,LAURUSLABS.NS,LAURUSLABS.NS,classic
2023-06-15,2023-06-15,BANKBARODA.NS,BANKBARODA.NS,classic
2023-06-15,2023-06-15,POWERGRID.NS,POWERGRID.NS,classic
2023-06-15,2023-06-15,M&MFIN.NS,M&MFIN.NS,classic
2023-06-15,2023-06-15,PETRONET.NS,PETRONET.NS,classic
2023-06-15,2023-06-15,ONGC.NS,ONGC.NS,classic
2023-06-15,2023-06-15,NESTLEIND.NS,NESTLEIND.NS,classic
2023-06-15,2023-06-15,BAJAJ-AUTO.NS,BAJAJ-AUTO.NS,classic
2023-06-15,2023-06-15,AARTIIND.NS,AARTIIND.NS,classic
2023-06-15,2023-06-15,ZYDUSLIFE.NS,ZYDUSLIFE.NS,classic
2023-06-15,2023-06-15,DELTACORP.NS,DELTACORP.NS,classic
2023-06-15,2023-06-15,CONCOR.NS,CONCOR.NS,classic
2023-06-15,2023-06-15,LTIM.NS,LTIM.NS,classic
2023-06-15,2023-06-15,BRITANNIA.NS,BRITANNIA.NS,classic
2023-06-15,2023-06-15,MOTHERSON.NS,MOTHERSON.NS,classic
2023-06-15,2023-06-15,NMDC.NS,NMDC.NS,classic
2023-06-15,2023-06-15,SIEMENS.NS,SIEMENS.NS,classic
2023-06-15,2023-06-15,NAVINFLUOR.NS,NAVINFLUOR.NS,classic
2023-06-15,2023-06-15,BALKRISIND.NS,BALKRISIND.NS,classic
2023-06-15,2023-06-15,PIIND.NS,PIIND.NS,classic
2023-06-15,2023-06-15,KOTAKBANK.NS,KOTAKBANK.NS,classic
2023-06-15,2023-06-15,IEX.NS,IEX.NS,classic
2023-06-15,2023-06-15,ALKEM.NS,ALKEM.NS,classic
2023-06-15,2023-06-15,DEEPAKNTR.NS,DEEPAKNTR.NS,classic
2023-06-15,2023-06-15,VOLTAS.NS,VOLTAS.NS,classic
2023-06-15,2023-06-15,INDUSTOWER.NS,INDUSTOWER.NS,classic
2023-06-15,2023-06-15,RECLTD.NS,RECLTD.NS,classic
2023-06-15,2023-06-15,SUNPHARMA.NS,SUNPHARMA.NS,classic
2023-06-15,2023-06-15,APOLLOTYRE.NS,APOLLOTYRE.NS,classic
2023-06-15,2023-06-15,TATASTEEL.NS,TATASTEEL.NS,classic
2023-06-15,2023-06-15,HINDALCO.NS,HINDALCO.NS,classic
2023-06-15,2023-06-15,TORNTPHARM.NS,TORNTPHARM.NS,classic
2023-06-15,2023-06-15,TATAPOWER.NS,TATAPOWER.NS,classic
2023-06-15,2023-06-15,SBILIFE.NS,SBILIFE.NS,classic
2023-06-15,2023-06-15,BEL.NS,BEL.NS,classic
2023-06-15,2023-06-15,JKCEMENT.NS,JKCEMENT.NS,classic
2023-06-15,2023-06-15,SHRIRAMFIN.NS,SHRIRAMFIN.NS,classic
2023-06-15,2023-06-15,IBULHSGFIN.NS,SAMMAANCAP.NS,classic
2023-06-15,2023-06-15,NATIONALUM.NS,NATIONALUM.NS,classic
2023-06-15,2023-06-15,HAL.NS,HAL.NS,classic
2023-06-15,2023-06-15,IRCTC.NS,IRCTC.NS,classic
2023-06-15,2023-06-15,GRANULES.NS,GRANULES.NS,classic
2023-06-15,2023-06-15,GLENMARK.NS,GLENMARK.NS,classic
2023-06-15,2023-06-15,BHARTIARTL.NS,BHARTIARTL.NS,classic
2023-06-15,2023-06-15,CANFINHOME.NS,CANFINHOME.NS,classic
2023-06-15,2023-06-15,INTELLECT.NS,INTELLECT.NS,classic
2023-06-15,2023-06-15,TATACOMM.NS,TATACOMM.NS,classic
2023-06-15,2023-06-15,COFORGE.NS,COFORGE.NS,classic
2023-06-15,2023-06-15,ABB.NS,ABB.NS,classic
2023-06-15,2023-06-15,HAVELLS.NS,HAVELLS.NS,classic
2023-06-15,2023-06-15,UBL.NS,UBL.NS,classic
2023-06-15,2023-06-15,CHOLAFIN.NS,CHOLAFIN.NS,classic
2023-06-15,2023-06-15,AUROPHARMA.NS,AUROPHARMA.NS,classic
2023-06-15,2023-06-15,AUBANK.NS,AUBANK.NS,classic
2023-06-15,2023-06-15,CIPLA.NS,CIPLA.NS,classic
2023-06-15,2023-06-15,CANBK.NS,CANBK.NS,classic
2023-06-15,2023-06-15,MARUTI.NS,MARUTI.NS,classic
2023-06-15,2023-06-15,OFSS.NS,OFSS.NS,classic
2023-06-15,2023-06-15,LICHSGFIN.NS,LICHSGFIN.NS,classic
2023-06-15,2023-06-15,BAJAJFINSV.NS,BAJAJFINSV.NS,classic
2023-06-15,2023-06-15,MCX.NS,MCX.NS,classic
2023-06-15,2023-06-15,GMRINFRA.NS,GMRAIRPORT.NS,classic
2023-06-15,2023-06-15,METROPOLIS.NS,METROPOLIS.NS,classic
2023-06-15,2023-06-15,GRASIM.NS,GRASIM.NS,classic
2023-06-15,2023-06-15,MGL.NS,MGL.NS,classic
2023-06-15,2023-06-15,UPL.NS,UPL.NS,classic
2023-06-15,2023-06-15,HCLTECH.NS,HCLTECH.NS,classic
2023-06-15,2023-06-15,BIOCON.NS,BIOCON.NS,classic
2023-06-15,2023-06-15,DIVISLAB.NS,DIVISLAB.NS,classic
2023-06-15,2023-06-15,PAGEIND.NS,PAGEIND.NS,classic
2023-06-15,2023-06-15,LT.NS,LT.NS,classic
2023-06-15,2023-06-15,ASHOKLEY.NS,ASHOKLEY.NS,classic
2023-06-15,2023-06-15,DLF.NS,DLF.NS,classic
2023-06-15,2023-06-15,TATAMOTORS.NS,TMPV.NS,classic
2023-06-15,2023-06-15,MPHASIS.NS,MPHASIS.NS,classic
2023-06-15,2023-06-15,BSOFT.NS,BSOFT.NS,classic
2023-06-15,2023-06-15,GODREJCP.NS,GODREJCP.NS,classic
2023-06-15,2023-06-15,BPCL.NS,BPCL.NS,classic
2023-06-15,2023-06-15,LTTS.NS,LTTS.NS,classic
2023-06-15,2023-06-15,IGL.NS,IGL.NS,classic
2023-06-15,2023-06-15,ASTRAL.NS,ASTRAL.NS,classic
2023-06-15,2023-06-15,AMBUJACEM.NS,AMBUJACEM.NS,classic
2023-06-15,2023-06-15,ABBOTINDIA.NS,ABBOTINDIA.NS,classic
2023-06-15,2023-06-15,MARICO.NS,MARICO.NS,classic
2023-06-15,2023-06-15,PERSISTENT.NS,PERSISTENT.NS,classic
2023-06-15,2023-06-15,ADANIENT.NS,ADANIENT.NS,classic
2023-06-15,2023-06-15,HINDPETRO.NS,HINDPETRO.NS,classic
2023-06-15,2023-06-15,WIPRO.NS,WIPRO.NS,classic
2023-06-15,2023-06-15,SHREECEM.NS,SHREECEM.NS,classic
2023-06-15,2023-06-15,SYNGENE.NS,SYNGENE.NS,classic
2023-06-15,2023-06-15,JINDALSTEL.NS,JINDALSTEL.NS,classic
2023-06-15,2023-06-15,APOLLOHOSP.NS,APOLLOHOSP.NS,classic
2023-06-15,2023-06-15,HDFCAMC.NS,HDFCAMC.NS,classic
2023-06-15,2023-06-15,BERGEPAINT.NS,BERGEPAINT.NS,classic
2023-06-15,2023-06-15,IDEA.NS,IDEA.NS,classic
2023-06-15,2023-06-15,SUNTV.NS,SUNTV.NS,classic
2023-06-15,2023-06-15,IDFCFIRSTB.NS,IDFCFIRSTB.NS,classic
2023-06-15,2023-06-15,CUMMINSIND.NS,CUMMINSIND.NS,classic
2023-06-15,2023-06-15,GAIL.NS,GAIL.NS,classic
2023-06-15,2023-06-15,MFSL.NS,MFSL.NS,classic
2023-06-15,2023-06-15,ICICIBANK.NS,ICICIBANK.NS,classic
2023-06-15,2023-06-15,CHAMBLFERT.NS,CHAMBLFERT.NS,classic
2023-06-15,2023-06-15,JUBLFOOD.NS,JUBLFOOD.NS,classic
2023-06-15,2023-06-15,ICICIGI.NS,ICICIGI.NS,classic
2023-06-15,2023-06-15,SRF.NS,SRF.NS,classic
2023-06-15,2023-06-15,POLYCAB.NS,POLYCAB.NS,classic
2023-06-15,2023-06-15,TITAN.NS,TITAN.NS,classic
2023-06-15,2023-06-15,DABUR.NS,DABUR.NS,classic
2023-06-15,2023-06-15,INDIACEM.NS,INDIACEM.NS,classic
2023-06-15,2023-06-15,RBLBANK.NS,RBLBANK.NS,classic
2023-06-15,2023-06-15,DIXON.NS,DIXON.NS,classic
2023-06-15,2023-06-15,EICHERMOT.NS,EICHERMOT.NS,classic
2023-06-15,2023-06-15,ASIANPAINT.NS,ASIANPAINT.NS,classic
2023-06-15,2023-06-15,HDFCBANK.NS,HDFCBANK.NS,classic
2023-06-15,2023-06-15,PVRINOX.NS,PVRINOX.NS,classic
2023-06-15,2023-06-15,NTPC.NS,NTPC.NS,classic
2023-06-15,2023-06-15,HEROMOTOCO.NS,HEROMOTOCO.NS,classic
2023-06-15,2023-06-15,TCS.NS,TCS.NS,classic
2023-06-15,2023-06-15,TECHM.NS,TECHM.NS,classic
2023-06-15,2023-06-15,BHARATFORG.NS,BHARATFORG.NS,classic
2023-06-15,2023-06-15,BANDHANBNK.NS,BANDHANBNK.NS,classic
2023-06-15,2023-06-15,ABCAPITAL.NS,ABCAPITAL.NS,classic
2023-06-15,2023-06-15,MUTHOOTFIN.NS,MUTHOOTFIN.NS,classic
2023-06-15,2023-06-15,COROMANDEL.NS,COROMANDEL.NS,classic
2024-06-15,2024-06-14,DRREDDY.NS,DRREDDY.NS,classic
2024-06-15,2024-06-14,RELIANCE.NS,RELIANCE.NS,classic
2024-06-15,2024-06-14,IOC.NS,IOC.NS,classic
2024-06-15,2024-06-14,GODREJPROP.NS,GODREJPROP.NS,classic
2024-06-15,2024-06-14,IPCALAB.NS,IPCALAB.NS,classic
2024-06-15,2024-06-14,GNFC.NS,GNFC.NS,classic
2024-06-15,2024-06-14,BALRAMCHIN.NS,BALRAMCHIN.NS,classic
2024-06-15,2024-06-14,SBICARD.NS,SBICARD.NS,classic
2024-06-15,2024-06-14,INFY.NS,INFY.NS,classic
2024-06-15,2024-06-14,HDFCLIFE.NS,HDFCLIFE.NS,classic
2024-06-15,2024-06-14,ABFRL.NS,ABFRL.NS,classic
2024-06-15,2024-06-14,LALPATHLAB.NS,LALPATHLAB.NS,classic
2024-06-15,2024-06-14,ZEEL.NS,ZEEL.NS,classic
2024-06-15,2024-06-14,INDIGO.NS,INDIGO.NS,classic
2024-06-15,2024-06-14,ITC.NS,ITC.NS,classic
2024-06-15,2024-06-14,INDIAMART.NS,INDIAMART.NS,classic
2024-06-15,2024-06-14,TRENT.NS,TRENT.NS,classic
2024-06-15,2024-06-14,OBEROIRLTY.NS,OBEROIRLTY.NS,classic
2024-06-15,2024-06-14,MRF.NS,MRF.NS,classic
2024-06-15,2024-06-14,JSWSTEEL.NS,JSWSTEEL.NS,classic
2024-06-15,2024-06-14,PIDILITIND.NS,PIDILITIND.NS,classic
2024-06-15,2024-06-14,PNB.NS,PNB.NS,classic
2024-06-15,2024-06-14,MANAPPURAM.NS,MANAPPURAM.NS,classic
2024-06-15,2024-06-14,M&M.NS,M&M.NS,classic
2024-06-15,2024-06-14,TVSMOTOR.NS,TVSMOTOR.NS,classic
2024-06-15,2024-06-14,LUPIN.NS,LUPIN.NS,classic
2024-06-15,2024-06-14,BAJFINANCE.NS,BAJFINANCE.NS,classic
2024-06-15,2024-06-14,CROMPTON.NS,CROMPTON.NS,classic
2024-06-15,2024-06-14,ULTRACEMCO.NS,ULTRACEMCO.NS,classic
2024-06-15,2024-06-14,ACC.NS,ACC.NS,classic
2024-06-15,2024-06-14,PFC.NS,PFC.NS,classic
2024-06-15,2024-06-14,RAMCOCEM.NS,RAMCOCEM.NS,classic
2024-06-15,2024-06-14,AXISBANK.NS,AXISBANK.NS,classic
2024-06-15,2024-06-14,DALBHARAT.NS,DALBHARAT.NS,classic
2024-06-15,2024-06-14,SBIN.NS,SBIN.NS,classic
2024-06-15,2024-06-14,LTF.NS,LTF.NS,classic
2024-06-15,2024-06-14,COALINDIA.NS,COALINDIA.NS,classic
2024-06-15,2024-06-14,ATUL.NS,ATUL.NS,classic
2024-06-15,2024-06-14,ESCORTS.NS,ESCORTS.NS,classic
2024-06-15,2024-06-14,CUB.NS,CUB.NS,classic
2024-06-15,2024-06-14,BHEL.NS,BHEL.NS,classic
2024-06-15,2024-06-14,SAIL.NS,SAIL.NS,classic
2024-06-15,2024-06-14,VEDL.NS,VEDL.NS,classic
2024-06-15,2024-06-14,INDHOTEL.NS,INDHOTEL.NS,classic
2024-06-15,2024-06-14,TATACONSUM.NS,TATACONSUM.NS,classic
2024-06-15,2024-06-14,COLPAL.NS,COLPAL.NS,classic
2024-06-15,2024-06-14,INDUSINDBK.NS,INDUSINDBK.NS,classic
2024-06-15,2024-06-14,HINDUNILVR.NS,HINDUNILVR.NS,classic
2024-06-15,2024-06-14,FEDERALBNK.NS,FEDERALBNK.NS,classic
2024-06-15,2024-06-14,ICICIPRULI.NS,ICICIPRULI.NS,classic
2024-06-15,2024-06-14,NAUKRI.NS,NAUKRI.NS,classic
2024-06-15,2024-06-14,BOSCHLTD.NS,BOSCHLTD.NS,classic
2024-06-15,2024-06-14,EXIDEIND.NS,EXIDEIND.NS,classic
2024-06-15,2024-06-14,TATACHEM.NS,TATACHEM.NS,classic
2024-06-15,2024-06-14,ADANIPORTS.NS,ADANIPORTS.NS,classic
2024-06-15,2024-06-14,HINDCOPPER.NS,HINDCOPPER.NS,classic
2024-06-15,2024-06-14,BATAINDIA.NS,BATAINDIA.NS,classic
2024-06-15,2024-06-14,LAURUSLABS.NS,LAURUSLABS.NS,classic
2024-06-15,2024-06-14,BANKBARODA.NS,BANKBARODA.NS,classic
2024-06-15,2024-06-14,POWERGRID.NS,POWERGRID.NS,classic
2024-06-15,2024-06-14,M&MFIN.NS,M&MFIN.NS,classic
2024-06-15,2024-06-14,PETRONET.NS,PETRONET.NS,classic
2024-06-15,2024-06-14,ONGC.NS,ONGC.NS,classic
2024-06-15,2024-06-14,NESTLEIND.NS,NESTLEIND.NS,classic
2024-06-15,2024-06-14,BAJAJ-AUTO.NS,BAJAJ-AUTO.NS,classic
2024-06-15,2024-06-14,AARTIIND.NS,AARTIIND.NS,classic
2024-06-15,2024-06-14,ZYDUSLIFE.NS,ZYDUSLIFE.NS,classic
2024-06-15,2024-06-14,CONCOR.NS,CONCOR.NS,classic
2024-06-15,2024-06-14,LTIM.NS,LTIM.NS,classic
2024-06-15,2024-06-14,BRITANNIA.NS,BRITANNIA.NS,classic
2024-06-15,2024-06-14,MOTHERSON.NS,MOTHERSON.NS,classic
2024-06-15,2024-06-14,NMDC.NS,NMDC.NS,classic
2024-06-15,2024-06-14,SIEMENS.NS,SIEMENS.NS,classic
2024-06-15,2024-06-14,NAVINFLUOR.NS,NAVINFLUOR.NS,classic
2024-06-15,2024-06-14,BALKRISIND.NS,BALKRISIND.NS,classic
2024-06-15,2024-06-14,PIIND.NS,PIIND.NS,classic
2024-06-15,2024-06-14,KOTAKBANK.NS,KOTAKBANK.NS,classic
2024-06-15,2024-06-14,IEX.NS,IEX.NS,classic
2024-06-15,2024-06-14,ALKEM.NS,ALKEM.NS,classic
2024-06-15,2024-06-14,DEEPAKNTR.NS,DEEPAKNTR.NS,classic
2024-06-15,2024-06-14,VOLTAS.NS,VOLTAS.NS,classic
2024-06-15,2024-06-14,INDUSTOWER.NS,INDUSTOWER.NS,classic
2024-06-15,2024-06-14,RECLTD.NS,RECLTD.NS,classic
2024-06-15,2024-06-14,SUNPHARMA.NS,SUNPHARMA.NS,classic
2024-06-15,2024-06-14,APOLLOTYRE.NS,APOLLOTYRE.NS,classic
2024-06-15,2024-06-14,TATASTEEL.NS,TATASTEEL.NS,classic
2024-06-15,2024-06-14,HINDALCO.NS,HINDALCO.NS,classic
2024-06-15,2024-06-14,TORNTPHARM.NS,TORNTPHARM.NS,classic
2024-06-15,2024-06-14,TATAPOWER.NS,TATAPOWER.NS,classic
2024-06-15,2024-06-14,SBILIFE.NS,SBILIFE.NS,classic
2024-06-15,2024-06-14,UNITDSPR.NS,UNITDSPR.NS,classic
2024-06-15,2024-06-14,BEL.NS,BEL.NS,classic
2024-06-15,2024-06-14,JKCEMENT.NS,JKCEMENT.NS,classic
2024-06-15,2024-06-14,SHRIRAMFIN.NS,SHRIRAMFIN.NS,classic
2024-06-15,2024-06-14,NATIONALUM.NS,NATIONALUM.NS,classic
2024-06-15,2024-06-14,HAL.NS,HAL.NS,classic
2024-06-15,2024-06-14,IRCTC.NS,IRCTC.NS,classic
2024-06-15,2024-06-14,GRANULES.NS,GRANULES.NS,classic
2024-06-15,2024-06-14,GLENMARK.NS,GLENMARK.NS,classic
2024-06-15,2024-06-14,BHARTIARTL.NS,BHARTIARTL.NS,classic
2024-06-15,2024-06-14,CANFINHOME.NS,CANFINHOME.NS,classic
2024-06-15,2024-06-14,TATACOMM.NS,TATACOMM.NS,classic
2024-06-15,2024-06-14,COFORGE.NS,COFORGE.NS,classic
2024-06-15,2024-06-14,ABB.NS,ABB.NS,classic
2024-06-15,2024-06-14,HAVELLS.NS,HAVELLS.NS,classic
2024-06-15,2024-06-14,UBL.NS,UBL.NS,classic
2024-06-15,2024-06-14,CHOLAFIN.NS,CHOLAFIN.NS,classic
2024-06-15,2024-06-14,AUROPHARMA.NS,AUROPHARMA.NS,classic
2024-06-15,2024-06-14,AUBANK.NS,AUBANK.NS,classic
2024-06-15,2024-06-14,CIPLA.NS,CIPLA.NS,classic
2024-06-15,2024-06-14,CANBK.NS,CANBK.NS,classic
2024-06-15,2024-06-14,MARUTI.NS,MARUTI.NS,classic
2024-06-15,2024-06-14,OFSS.NS,OFSS.NS,classic
2024-06-15,2024-06-14,LICHSGFIN.NS,LICHSGFIN.NS,classic
2024-06-15,2024-06-14,BAJAJFINSV.NS,BAJAJFINSV.NS,classic
2024-06-15,2024-06-14,MCX.NS,MCX.NS,classic
2024-06-15,2024-06-14,GMRINFRA.NS,GMRAIRPORT.NS,classic
2024-06-15,2024-06-14,METROPOLIS.NS,METROPOLIS.NS,classic
2024-06-15,2024-06-14,GRASIM.NS,GRASIM.NS,classic
2024-06-15,2024-06-14,MGL.NS,MGL.NS,classic
2024-06-15,2024-06-14,UPL.NS,UPL.NS,classic
2024-06-15,2024-06-14,HCLTECH.NS,HCLTECH.NS,classic
2024-06-15,2024-06-14,BIOCON.NS,BIOCON.NS,classic
2024-06-15,2024-06-14,DIVISLAB.NS,DIVISLAB.NS,classic
2024-06-15,2024-06-14,PAGEIND.NS,PAGEIND.NS,classic
2024-06-15,2024-06-14,LT.NS,LT.NS,classic
2024-06-15,2024-06-14,ASHOKLEY.NS,ASHOKLEY.NS,classic
2024-06-15,2024-06-14,DLF.NS,DLF.NS,classic
2024-06-15,2024-06-14,TATAMOTORS.NS,TMPV.NS,classic
2024-06-15,2024-06-14,MPHASIS.NS,MPHASIS.NS,classic
2024-06-15,2024-06-14,BSOFT.NS,BSOFT.NS,classic
2024-06-15,2024-06-14,GODREJCP.NS,GODREJCP.NS,classic
2024-06-15,2024-06-14,BPCL.NS,BPCL.NS,classic
2024-06-15,2024-06-14,LTTS.NS,LTTS.NS,classic
2024-06-15,2024-06-14,IGL.NS,IGL.NS,classic
2024-06-15,2024-06-14,ASTRAL.NS,ASTRAL.NS,classic
2024-06-15,2024-06-14,AMBUJACEM.NS,AMBUJACEM.NS,classic
2024-06-15,2024-06-14,ABBOTINDIA.NS,ABBOTINDIA.NS,classic
2024-06-15,2024-06-14,MARICO.NS,MARICO.NS,classic
2024-06-15,2024-06-14,PERSISTENT.NS,PERSISTENT.NS,classic
2024-06-15,2024-06-14,ADANIENT.NS,ADANIENT.NS,classic
2024-06-15,2024-06-14,HINDPETRO.NS,HINDPETRO.NS,classic
2024-06-15,2024-06-14,WIPRO.NS,WIPRO.NS,classic
2024-06-15,2024-06-14,SHREECEM.NS,SHREECEM.NS,classic
2024-06-15,2024-06-14,SYNGENE.NS,SYNGENE.NS,classic
2024-06-15,2024-06-14,JINDALSTEL.NS,JINDALSTEL.NS,classic
2024-06-15,2024-06-14,APOLLOHOSP.NS,APOLLOHOSP.NS,classic
2024-06-15,2024-06-14,HDFCAMC.NS,HDFCAMC.NS,classic
2024-06-15,2024-06-14,BERGEPAINT.NS,BERGEPAINT.NS,classic
2024-06-15,2024-06-14,IDEA.NS,IDEA.NS,classic
2024-06-15,2024-06-14,SUNTV.NS,SUNTV.NS,classic
2024-06-15,2024-06-14,IDFCFIRSTB.NS,IDFCFIRSTB.NS,classic
2024-06-15,2024-06-14,CUMMINSIND.NS,CUMMINSIND.NS,classic
2024-06-15,2024-06-14,GAIL.NS,GAIL.NS,classic
2024-06-15,2024-06-14,MFSL.NS,MFSL.NS,classic
2024-06-15,2024-06-14,ICICIBANK.NS,ICICIBANK.NS,classic
2024-06-15,2024-06-14,CHAMBLFERT.NS,CHAMBLFERT.NS,classic
2024-06-15,2024-06-14,JUBLFOOD.NS,JUBLFOOD.NS,classic
2024-06-15,2024-06-14,ICICIGI.NS,ICICIGI.NS,classic
2024-06-15,2024-06-14,SRF.NS,SRF.NS,classic
2024-06-15,2024-06-14,POLYCAB.NS,POLYCAB.NS,classic
2024-06-15,2024-06-14,TITAN.NS,TITAN.NS,classic
2024-06-15,2024-06-14,DABUR.NS,DABUR.NS,classic
2024-06-15,2024-06-14,INDIACEM.NS,INDIACEM.NS,classic
2024-06-15,2024-06-14,RBLBANK.NS,RBLBANK.NS,classic
2024-06-15,2024-06-14,DIXON.NS,DIXON.NS,classic
2024-06-15,2024-06-14,EICHERMOT.NS,EICHERMOT.NS,classic
2024-06-15,2024-06-14,ASIANPAINT.NS,ASIANPAINT.NS,classic
2024-06-15,2024-06-14,HDFCBANK.NS,HDFCBANK.NS,classic
2024-06-15,2024-06-14,PVRINOX.NS,PVRINOX.NS,classic
2024-06-15,2024-06-14,NTPC.NS,NTPC.NS,classic
2024-06-15,2024-06-14,HEROMOTOCO.NS,HEROMOTOCO.NS,classic
2024-06-15,2024-06-14,TCS.NS,TCS.NS,classic
2024-06-15,2024-06-14,TECHM.NS,TECHM.NS,classic
2024-06-15,2024-06-14,BHARATFORG.NS,BHARATFORG.NS,classic
2024-06-15,2024-06-14,BANDHANBNK.NS,BANDHANBNK.NS,classic
2024-06-15,2024-06-14,ABCAPITAL.NS,ABCAPITAL.NS,classic
2024-06-15,2024-06-14,MUTHOOTFIN.NS,MUTHOOTFIN.NS,classic
2024-06-15,2024-06-14,COROMANDEL.NS,COROMANDEL.NS,classic
2025-06-15,2025-06-16,POLICYBZR.NS,POLICYBZR.NS,udiff
2025-06-15,2025-06-16,DRREDDY.NS,DRREDDY.NS,udiff
2025-06-15,2025-06-16,KPITTECH.NS,KPITTECH.NS,udiff
2025-06-15,2025-06-16,RELIANCE.NS,RELIANCE.NS,udiff
2025-06-15,2025-06-16,IOC.NS,IOC.NS,udiff
2025-06-15,2025-06-16,GODREJPROP.NS,GODREJPROP.NS,udiff
2025-06-15,2025-06-16,MANKIND.NS,MANKIND.NS,udiff
2025-06-15,2025-06-16,BANDHANBNK.NS,BANDHANBNK.NS,udiff
2025-06-15,2025-06-16,PRESTIGE.NS,PRESTIGE.NS,udiff
2025-06-15,2025-06-16,CGPOWER.NS,CGPOWER.NS,udiff
2025-06-15,2025-06-16,SBICARD.NS,SBICARD.NS,udiff
2025-06-15,2025-06-16,BSE.NS,BSE.NS,udiff
2025-06-15,2025-06-16,IREDA.NS,IREDA.NS,udiff
2025-06-15,2025-06-16,INFY.NS,INFY.NS,udiff
2025-06-15,2025-06-16,CDSL.NS,CDSL.NS,udiff
2025-06-15,2025-06-16,HDFCLIFE.NS,HDFCLIFE.NS,udiff
2025-06-15,2025-06-16,MAXHEALTH.NS,MAXHEALTH.NS,udiff
2025-06-15,2025-06-16,ABFRL.NS,ABFRL.NS,udiff
2025-06-15,2025-06-16,SONACOMS.NS,SONACOMS.NS,udiff
2025-06-15,2025-06-16,INDIGO.NS,INDIGO.NS,udiff
2025-06-15,2025-06-16,INDIANB.NS,INDIANB.NS,udiff
2025-06-15,2025-06-16,TRENT.NS,TRENT.NS,udiff
2025-06-15,2025-06-16,ITC.NS,ITC.NS,udiff
2025-06-15,2025-06-16,OBEROIRLTY.NS,OBEROIRLTY.NS,udiff
2025-06-15,2025-06-16,PIDILITIND.NS,PIDILITIND.NS,udiff
2025-06-15,2025-06-16,JSWSTEEL.NS,JSWSTEEL.NS,udiff
2025-06-15,2025-06-16,PNB.NS,PNB.NS,udiff
2025-06-15,2025-06-16,TVSMOTOR.NS,TVSMOTOR.NS,udiff
2025-06-15,2025-06-16,M&M.NS,M&M.NS,udiff
2025-06-15,2025-06-16,TIINDIA.NS,TIINDIA.NS,udiff
2025-06-15,2025-06-16,MANAPPURAM.NS,MANAPPURAM.NS,udiff
2025-06-15,2025-06-16,LUPIN.NS,LUPIN.NS,udiff
2025-06-15,2025-06-16,BAJFINANCE.NS,BAJFINANCE.NS,udiff
2025-06-15,2025-06-16,CROMPTON.NS,CROMPTON.NS,udiff
2025-06-15,2025-06-16,ULTRACEMCO.NS,ULTRACEMCO.NS,udiff
2025-06-15,2025-06-16,JSL.NS,JSL.NS,udiff
2025-06-15,2025-06-16,ACC.NS,ACC.NS,udiff
2025-06-15,2025-06-16,ETERNAL.NS,ETERNAL.NS,udiff
2025-06-15,2025-06-16,LODHA.NS,LODHA.NS,udiff
2025-06-15,2025-06-16,SJVN.NS,SJVN.NS,udiff
2025-06-15,2025-06-16,JSWENERGY.NS,JSWENERGY.NS,udiff
2025-06-15,2025-06-16,PFC.NS,PFC.NS,udiff
2025-06-15,2025-06-16,AXISBANK.NS,AXISBANK.NS,udiff
2025-06-15,2025-06-16,DALBHARAT.NS,DALBHARAT.NS,udiff
2025-06-15,2025-06-16,SBIN.NS,SBIN.NS,udiff
2025-06-15,2025-06-16,KALYANKJIL.NS,KALYANKJIL.NS,udiff
2025-06-15,2025-06-16,LTF.NS,LTF.NS,udiff
2025-06-15,2025-06-16,YESBANK.NS,YESBANK.NS,udiff
2025-06-15,2025-06-16,COALINDIA.NS,COALINDIA.NS,udiff
2025-06-15,2025-06-16,SOLARINDS.NS,SOLARINDS.NS,udiff
2025-06-15,2025-06-16,IRB.NS,IRB.NS,udiff
2025-06-15,2025-06-16,BHEL.NS,BHEL.NS,udiff
2025-06-15,2025-06-16,SAIL.NS,SAIL.NS,udiff
2025-06-15,2025-06-16,VEDL.NS,VEDL.NS,udiff
2025-06-15,2025-06-16,VBL.NS,VBL.NS,udiff
2025-06-15,2025-06-16,INDHOTEL.NS,INDHOTEL.NS,udiff
2025-06-15,2025-06-16,TATACONSUM.NS,TATACONSUM.NS,udiff
2025-06-15,2025-06-16,COLPAL.NS,COLPAL.NS,udiff
2025-06-15,2025-06-16,INDUSINDBK.NS,INDUSINDBK.NS,udiff
2025-06-15,2025-06-16,BLUESTARCO.NS,BLUESTARCO.NS,udiff
2025-06-15,2025-06-16,HINDUNILVR.NS,HINDUNILVR.NS,udiff
2025-06-15,2025-06-16,FEDERALBNK.NS,FEDERALBNK.NS,udiff
2025-06-15,2025-06-16,RVNL.NS,RVNL.NS,udiff
2025-06-15,2025-06-16,ICICIPRULI.NS,ICICIPRULI.NS,udiff
2025-06-15,2025-06-16,NAUKRI.NS,NAUKRI.NS,udiff
2025-06-15,2025-06-16,ADANIGREEN.NS,ADANIGREEN.NS,udiff
2025-06-15,2025-06-16,BOSCHLTD.NS,BOSCHLTD.NS,udiff
2025-06-15,2025-06-16,EXIDEIND.NS,EXIDEIND.NS,udiff
2025-06-15,2025-06-16,TATACHEM.NS,TATACHEM.NS,udiff
2025-06-15,2025-06-16,DMART.NS,DMART.NS,udiff
2025-06-15,2025-06-16,PAYTM.NS,PAYTM.NS,udiff
2025-06-15,2025-06-16,ADANIPORTS.NS,ADANIPORTS.NS,udiff
2025-06-15,2025-06-16,HINDCOPPER.NS,HINDCOPPER.NS,udiff
2025-06-15,2025-06-16,LAURUSLABS.NS,LAURUSLABS.NS,udiff
2025-06-15,2025-06-16,POWERGRID.NS,POWERGRID.NS,udiff
2025-06-15,2025-06-16,BANKBARODA.NS,BANKBARODA.NS,udiff
2025-06-15,2025-06-16,M&MFIN.NS,M&MFIN.NS,udiff
2025-06-15,2025-06-16,PETRONET.NS,PETRONET.NS,udiff
2025-06-15,2025-06-16,ONGC.NS,ONGC.NS,udiff
2025-06-15,2025-06-16,NESTLEIND.NS,NESTLEIND.NS,udiff
2025-06-15,2025-06-16,BAJAJ-AUTO.NS,BAJAJ-AUTO.NS,udiff
2025-06-15,2025-06-16,AARTIIND.NS,AARTIIND.NS,udiff
2025-06-15,2025-06-16,POONAWALLA.NS,POONAWALLA.NS,udiff
2025-06-15,2025-06-16,ZYDUSLIFE.NS,ZYDUSLIFE.NS,udiff
2025-06-15,2025-06-16,OIL.NS,OIL.NS,udiff
2025-06-15,2025-06-16,NHPC.NS,NHPC.NS,udiff
2025-06-15,2025-06-16,CONCOR.NS,CONCOR.NS,udiff
2025-06-15,2025-06-16,HINDZINC.NS,HINDZINC.NS,udiff
2025-06-15,2025-06-16,LTIM.NS,LTIM.NS,udiff
2025-06-15,2025-06-16,BRITANNIA.NS,BRITANNIA.NS,udiff
2025-06-15,2025-06-16,DELHIVERY.NS,DELHIVERY.NS,udiff
2025-06-15,2025-06-16,APLAPOLLO.NS,APLAPOLLO.NS,udiff
2025-06-15,2025-06-16,SUPREMEIND.NS,SUPREMEIND.NS,udiff
2025-06-15,2025-06-16,NMDC.NS,NMDC.NS,udiff
2025-06-15,2025-06-16,MOTHERSON.NS,MOTHERSON.NS,udiff
2025-06-15,2025-06-16,SIEMENS.NS,SIEMENS.NS,udiff
2025-06-15,2025-06-16,BANKINDIA.NS,BANKINDIA.NS,udiff
2025-06-15,2025-06-16,HUDCO.NS,HUDCO.NS,udiff
2025-06-15,2025-06-16,BALKRISIND.NS,BALKRISIND.NS,udiff
2025-06-15,2025-06-16,KEI.NS,KEI.NS,udiff
2025-06-15,2025-06-16,PIIND.NS,PIIND.NS,udiff
2025-06-15,2025-06-16,KOTAKBANK.NS,KOTAKBANK.NS,udiff
2025-06-15,2025-06-16,IEX.NS,IEX.NS,udiff
2025-06-15,2025-06-16,ALKEM.NS,ALKEM.NS,udiff
2025-06-15,2025-06-16,NBCC.NS,NBCC.NS,udiff
2025-06-15,2025-06-16,PPLPHARMA.NS,PPLPHARMA.NS,udiff
2025-06-15,2025-06-16,CESC.NS,CESC.NS,udiff
2025-06-15,2025-06-16,NCC.NS,NCC.NS,udiff
2025-06-15,2025-06-16,VOLTAS.NS,VOLTAS.NS,udiff
2025-06-15,2025-06-16,INDUSTOWER.NS,INDUSTOWER.NS,udiff
2025-06-15,2025-06-16,UNOMINDA.NS,UNOMINDA.NS,udiff
2025-06-15,2025-06-16,RECLTD.NS,RECLTD.NS,udiff
2025-06-15,2025-06-16,SUNPHARMA.NS,SUNPHARMA.NS,udiff
2025-06-15,2025-06-16,ANGELONE.NS,ANGELONE.NS,udiff
2025-06-15,2025-06-16,TATASTEEL.NS,TATASTEEL.NS,udiff
2025-06-15,2025-06-16,HINDALCO.NS,HINDALCO.NS,udiff
2025-06-15,2025-06-16,TORNTPHARM.NS,TORNTPHARM.NS,udiff
2025-06-15,2025-06-16,TATAPOWER.NS,TATAPOWER.NS,udiff
2025-06-15,2025-06-16,SBILIFE.NS,SBILIFE.NS,udiff
2025-06-15,2025-06-16,UNITDSPR.NS,UNITDSPR.NS,udiff
2025-06-15,2025-06-16,CYIENT.NS,CYIENT.NS,udiff
2025-06-15,2025-06-16,BEL.NS,BEL.NS,udiff
2025-06-15,2025-06-16,SHRIRAMFIN.NS,SHRIRAMFIN.NS,udiff
2025-06-15,2025-06-16,BDL.NS,BDL.NS,udiff
2025-06-15,2025-06-16,NATIONALUM.NS,NATIONALUM.NS,udiff
2025-06-15,2025-06-16,IRCTC.NS,IRCTC.NS,udiff
2025-06-15,2025-06-16,HAL.NS,HAL.NS,udiff
2025-06-15,2025-06-16,GRANULES.NS,GRANULES.NS,udiff
2025-06-15,2025-06-16,GLENMARK.NS,GLENMARK.NS,udiff
2025-06-15,2025-06-16,PATANJALI.NS,PATANJALI.NS,udiff
2025-06-15,2025-06-16,JIOFIN.NS,JIOFIN.NS,udiff
2025-06-15,2025-06-16,KAYNES.NS,KAYNES.NS,udiff
2025-06-15,2025-06-16,BHARTIARTL.NS,BHARTIARTL.NS,udiff
2025-06-15,2025-06-16,TATACOMM.NS,TATACOMM.NS,udiff
2025-06-15,2025-06-16,COFORGE.NS,COFORGE.NS,udiff
2025-06-15,2025-06-16,ABB.NS,ABB.NS,udiff
2025-06-15,2025-06-16,HAVELLS.NS,HAVELLS.NS,udiff
2025-06-15,2025-06-16,LICI.NS,LICI.NS,udiff
2025-06-15,2025-06-16,CHOLAFIN.NS,CHOLAFIN.NS,udiff
2025-06-15,2025-06-16,AUROPHARMA.NS,AUROPHARMA.NS,udiff
2025-06-15,2025-06-16,ADANIENSOL.NS,ADANIENSOL.NS,udiff
2025-06-15,2025-06-16,AUBANK.NS,AUBANK.NS,udiff
2025-06-15,2025-06-16,CIPLA.NS,CIPLA.NS,udiff
2025-06-15,2025-06-16,CANBK.NS,CANBK.NS,udiff
2025-06-15,2025-06-16,MARUTI.NS,MARUTI.NS,udiff
2025-06-15,2025-06-16,OFSS.NS,OFSS.NS,udiff
2025-06-15,2025-06-16,MGL.NS,MGL.NS,udiff
2025-06-15,2025-06-16,BAJAJFINSV.NS,BAJAJFINSV.NS,udiff
2025-06-15,2025-06-16,LICHSGFIN.NS,LICHSGFIN.NS,udiff
2025-06-15,2025-06-16,GRASIM.NS,GRASIM.NS,udiff
2025-06-15,2025-06-16,UPL.NS,UPL.NS,udiff
2025-06-15,2025-06-16,HCLTECH.NS,HCLTECH.NS,udiff
2025-06-15,2025-06-16,PAGEIND.NS,PAGEIND.NS,udiff
2025-06-15,2025-06-16,BIOCON.NS,BIOCON.NS,udiff
2025-06-15,2025-06-16,DIVISLAB.NS,DIVISLAB.NS,udiff
2025-06-15,2025-06-16,LT.NS,LT.NS,udiff
2025-06-15,2025-06-16,ASHOKLEY.NS,ASHOKLEY.NS,udiff
2025-06-15,2025-06-16,DLF.NS,DLF.NS,udiff
2025-06-15,2025-06-16,PNBHOUSING.NS,PNBHOUSING.NS,udiff
2025-06-15,2025-06-16,IIFL.NS,IIFL.NS,udiff
2025-06-15,2025-06-16,TATAMOTORS.NS,TMPV.NS,udiff
2025-06-15,2025-06-16,UNIONBANK.NS,UNIONBANK.NS,udiff
2025-06-15,2025-06-16,PHOENIXLTD.NS,PHOENIXLTD.NS,udiff
2025-06-15,2025-06-16,MPHASIS.NS,MPHASIS.NS,udiff
2025-06-15,2025-06-16,BSOFT.NS,BSOFT.NS,udiff
2025-06-15,2025-06-16,GODREJCP.NS,GODREJCP.NS,udiff
2025-06-15,2025-06-16,BPCL.NS,BPCL.NS,udiff
2025-06-15,2025-06-16,IGL.NS,IGL.NS,udiff
2025-06-15,2025-06-16,ASTRAL.NS,ASTRAL.NS,udiff
2025-06-15,2025-06-16,NYKAA.NS,NYKAA.NS,udiff
2025-06-15,2025-06-16,TATAELXSI.NS,TATAELXSI.NS,udiff
2025-06-15,2025-06-16,AMBUJACEM.NS,AMBUJACEM.NS,udiff
2025-06-15,2025-06-16,PERSISTENT.NS,PERSISTENT.NS,udiff
2025-06-15,2025-06-16,WIPRO.NS,WIPRO.NS,udiff
2025-06-15,2025-06-16,MARICO.NS,MARICO.NS,udiff
2025-06-15,2025-06-16,HINDPETRO.NS,HINDPETRO.NS,udiff
2025-06-15,2025-06-16,ADANIENT.NS,ADANIENT.NS,udiff
2025-06-15,2025-06-16,MAZDOCK.NS,MAZDOCK.NS,udiff
2025-06-15,2025-06-16,SHREECEM.NS,SHREECEM.NS,udiff
2025-06-15,2025-06-16,SYNGENE.NS,SYNGENE.NS,udiff
2025-06-15,2025-06-16,JINDALSTEL.NS,JINDALSTEL.NS,udiff
2025-06-15,2025-06-16,APOLLOHOSP.NS,APOLLOHOSP.NS,udiff
2025-06-15,2025-06-16,IDEA.NS,IDEA.NS,udiff
2025-06-15,2025-06-16,HDFCAMC.NS,HDFCAMC.NS,udiff
2025-06-15,2025-06-16,CAMS.NS,CAMS.NS,udiff
2025-06-15,2025-06-16,IDFCFIRSTB.NS,IDFCFIRSTB.NS,udiff
2025-06-15,2025-06-16,MFSL.NS,MFSL.NS,udiff
2025-06-15,2025-06-16,CUMMINSIND.NS,CUMMINSIND.NS,udiff
2025-06-15,2025-06-16,GAIL.NS,GAIL.NS,udiff
2025-06-15,2025-06-16,HFCL.NS,HFCL.NS,udiff
2025-06-15,2025-06-16,ICICIBANK.NS,ICICIBANK.NS,udiff
2025-06-15,2025-06-16,GMRAIRPORT.NS,GMRAIRPORT.NS,udiff
2025-06-15,2025-06-16,CHAMBLFERT.NS,CHAMBLFERT.NS,udiff
2025-06-15,2025-06-16,JUBLFOOD.NS,JUBLFOOD.NS,udiff
2025-06-15,2025-06-16,ICICIGI.NS,ICICIGI.NS,udiff
2025-06-15,2025-06-16,FORTIS.NS,FORTIS.NS,udiff
2025-06-15,2025-06-16,SRF.NS,SRF.NS,udiff
2025-06-15,2025-06-16,POLYCAB.NS,POLYCAB.NS,udiff
2025-06-15,2025-06-16,TITAN.NS,TITAN.NS,udiff
2025-06-15,2025-06-16,DABUR.NS,DABUR.NS,udiff
2025-06-15,2025-06-16,TORNTPOWER.NS,TORNTPOWER.NS,udiff
2025-06-15,2025-06-16,RBLBANK.NS,RBLBANK.NS,udiff
2025-06-15,2025-06-16,ATGL.NS,ATGL.NS,udiff
2025-06-15,2025-06-16,TATATECH.NS,TATATECH.NS,udiff
2025-06-15,2025-06-16,TITAGARH.NS,TITAGARH.NS,udiff
2025-06-15,2025-06-16,EICHERMOT.NS,EICHERMOT.NS,udiff
2025-06-15,2025-06-16,DIXON.NS,DIXON.NS,udiff
2025-06-15,2025-06-16,ASIANPAINT.NS,ASIANPAINT.NS,udiff
2025-06-15,2025-06-16,HDFCBANK.NS,HDFCBANK.NS,udiff
2025-06-15,2025-06-16,NTPC.NS,NTPC.NS,udiff
2025-06-15,2025-06-16,HEROMOTOCO.NS,HEROMOTOCO.NS,udiff
2025-06-15,2025-06-16,IRFC.NS,IRFC.NS,udiff
2025-06-15,2025-06-16,TCS.NS,TCS.NS,udiff
2025-06-15,2025-06-16,TECHM.NS,TECHM.NS,udiff
2025-06-15,2025-06-16,BHARATFORG.NS,BHARATFORG.NS,udiff
2025-06-15,2025-06-16,MCX.NS,MCX.NS,udiff
2025-06-15,2025-06-16,ABCAPITAL.NS,ABCAPITAL.NS,udiff
2025-06-15,2025-06-16,MUTHOOTFIN.NS,MUTHOOTFIN.NS,udiff
2025-06-15,2025-06-16,INOXWIND.NS,INOXWIND.NS,udiff
2026-09-18,2026-09-18,POLICYBZR.NS,POLICYBZR.NS,udiff
2026-09-18,2026-09-18,DRREDDY.NS,DRREDDY.NS,udiff
2026-09-18,2026-09-18,KPITTECH.NS,KPITTECH.NS,udiff
2026-09-18,2026-09-18,RELIANCE.NS,RELIANCE.NS,udiff
2026-09-18,2026-09-18,IOC.NS,IOC.NS,udiff
2026-09-18,2026-09-18,GODREJPROP.NS,GODREJPROP.NS,udiff
2026-09-18,2026-09-18,MANKIND.NS,MANKIND.NS,udiff
2026-09-18,2026-09-18,BANDHANBNK.NS,BANDHANBNK.NS,udiff
2026-09-18,2026-09-18,VMM.NS,VMM.NS,udiff
2026-09-18,2026-09-18,PRESTIGE.NS,PRESTIGE.NS,udiff
2026-09-18,2026-09-18,CGPOWER.NS,CGPOWER.NS,udiff
2026-09-18,2026-09-18,SBICARD.NS,SBICARD.NS,udiff
2026-09-18,2026-09-18,BSE.NS,BSE.NS,udiff
2026-09-18,2026-09-18,IREDA.NS,IREDA.NS,udiff
2026-09-18,2026-09-18,INFY.NS,INFY.NS,udiff
2026-09-18,2026-09-18,CDSL.NS,CDSL.NS,udiff
2026-09-18,2026-09-18,HDFCLIFE.NS,HDFCLIFE.NS,udiff
2026-09-18,2026-09-18,MAXHEALTH.NS,MAXHEALTH.NS,udiff
2026-09-18,2026-09-18,SONACOMS.NS,SONACOMS.NS,udiff
2026-09-18,2026-09-18,INDIGO.NS,INDIGO.NS,udiff
2026-09-18,2026-09-18,INDIANB.NS,INDIANB.NS,udiff
2026-09-18,2026-09-18,TRENT.NS,TRENT.NS,udiff
2026-09-18,2026-09-18,ITC.NS,ITC.NS,udiff
2026-09-18,2026-09-18,OBEROIRLTY.NS,OBEROIRLTY.NS,udiff
2026-09-18,2026-09-18,PIDILITIND.NS,PIDILITIND.NS,udiff
2026-09-18,2026-09-18,JSWSTEEL.NS,JSWSTEEL.NS,udiff
2026-09-18,2026-09-18,PNB.NS,PNB.NS,udiff
2026-09-18,2026-09-18,TVSMOTOR.NS,TVSMOTOR.NS,udiff
2026-09-18,2026-09-18,M&M.NS,M&M.NS,udiff
2026-09-18,2026-09-18,TIINDIA.NS,TIINDIA.NS,udiff
2026-09-18,2026-09-18,MANAPPURAM.NS,MANAPPURAM.NS,udiff
2026-09-18,2026-09-18,LUPIN.NS,LUPIN.NS,udiff
2026-09-18,2026-09-18,BAJFINANCE.NS,BAJFINANCE.NS,udiff
2026-09-18,2026-09-18,CROMPTON.NS,CROMPTON.NS,udiff
2026-09-18,2026-09-18,ULTRACEMCO.NS,ULTRACEMCO.NS,udiff
2026-09-18,2026-09-18,SUZLON.NS,SUZLON.NS,udiff
2026-09-18,2026-09-18,GODFRYPHLP.NS,GODFRYPHLP.NS,udiff
2026-09-18,2026-09-18,ETERNAL.NS,ETERNAL.NS,udiff
2026-09-18,2026-09-18,LODHA.NS,LODHA.NS,udiff
2026-09-18,2026-09-18,JSWENERGY.NS,JSWENERGY.NS,udiff
2026-09-18,2026-09-18,PFC.NS,PFC.NS,udiff
2026-09-18,2026-09-18,AXISBANK.NS,AXISBANK.NS,udiff
2026-09-18,2026-09-18,SBIN.NS,SBIN.NS,udiff
2026-09-18,2026-09-18,KALYANKJIL.NS,KALYANKJIL.NS,udiff
2026-09-18,2026-09-18,LTF.NS,LTF.NS,udiff
2026-09-18,2026-09-18,YESBANK.NS,YESBANK.NS,udiff
2026-09-18,2026-09-18,COALINDIA.NS,COALINDIA.NS,udiff
2026-09-18,2026-09-18,SOLARINDS.NS,SOLARINDS.NS,udiff
2026-09-18,2026-09-18,BHEL.NS,BHEL.NS,udiff
2026-09-18,2026-09-18,SAIL.NS,SAIL.NS,udiff
2026-09-18,2026-09-18,VEDL.NS,VEDL.NS,udiff
2026-09-18,2026-09-18,VBL.NS,VBL.NS,udiff
2026-09-18,2026-09-18,INDHOTEL.NS,INDHOTEL.NS,udiff
2026-09-18,2026-09-18,TATACONSUM.NS,TATACONSUM.NS,udiff
2026-09-18,2026-09-18,COLPAL.NS,COLPAL.NS,udiff
2026-09-18,2026-09-18,INDUSINDBK.NS,INDUSINDBK.NS,udiff
2026-09-18,2026-09-18,TMPV.NS,TMPV.NS,udiff
2026-09-18,2026-09-18,BLUESTARCO.NS,BLUESTARCO.NS,udiff
2026-09-18,2026-09-18,HINDUNILVR.NS,HINDUNILVR.NS,udiff
2026-09-18,2026-09-18,FEDERALBNK.NS,FEDERALBNK.NS,udiff
2026-09-18,2026-09-18,RVNL.NS,RVNL.NS,udiff
2026-09-18,2026-09-18,ICICIPRULI.NS,ICICIPRULI.NS,udiff
2026-09-18,2026-09-18,NAUKRI.NS,NAUKRI.NS,udiff
2026-09-18,2026-09-18,ADANIGREEN.NS,ADANIGREEN.NS,udiff
2026-09-18,2026-09-18,BOSCHLTD.NS,BOSCHLTD.NS,udiff
2026-09-18,2026-09-18,DMART.NS,DMART.NS,udiff
2026-09-18,2026-09-18,PAYTM.NS,PAYTM.NS,udiff
2026-09-18,2026-09-18,ADANIPORTS.NS,ADANIPORTS.NS,udiff
2026-09-18,2026-09-18,360ONE.NS,360ONE.NS,udiff
2026-09-18,2026-09-18,RADICO.NS,RADICO.NS,udiff
2026-09-18,2026-09-18,LAURUSLABS.NS,LAURUSLABS.NS,udiff
2026-09-18,2026-09-18,POWERGRID.NS,POWERGRID.NS,udiff
2026-09-18,2026-09-18,BANKBARODA.NS,BANKBARODA.NS,udiff
2026-09-18,2026-09-18,PETRONET.NS,PETRONET.NS,udiff
2026-09-18,2026-09-18,ONGC.NS,ONGC.NS,udiff
2026-09-18,2026-09-18,NESTLEIND.NS,NESTLEIND.NS,udiff
2026-09-18,2026-09-18,BAJAJ-AUTO.NS,BAJAJ-AUTO.NS,udiff
2026-09-18,2026-09-18,ZYDUSLIFE.NS,ZYDUSLIFE.NS,udiff
2026-09-18,2026-09-18,NAM-INDIA.NS,NAM-INDIA.NS,udiff
2026-09-18,2026-09-18,ADANIPOWER.NS,ADANIPOWER.NS,udiff
2026-09-18,2026-09-18,OIL.NS,OIL.NS,udiff
2026-09-18,2026-09-18,NHPC.NS,NHPC.NS,udiff
2026-09-18,2026-09-18,CONCOR.NS,CONCOR.NS,udiff
2026-09-18,2026-09-18,HINDZINC.NS,HINDZINC.NS,udiff
2026-09-18,2026-09-18,MAHABANK.NS,MAHABANK.NS,udiff
2026-09-18,2026-09-18,BRITANNIA.NS,BRITANNIA.NS,udiff
2026-09-18,2026-09-18,DELHIVERY.NS,DELHIVERY.NS,udiff
2026-09-18,2026-09-18,APLAPOLLO.NS,APLAPOLLO.NS,udiff
2026-09-18,2026-09-18,SUPREMEIND.NS,SUPREMEIND.NS,udiff
2026-09-18,2026-09-18,NMDC.NS,NMDC.NS,udiff
2026-09-18,2026-09-18,MOTHERSON.NS,MOTHERSON.NS,udiff
2026-09-18,2026-09-18,SIEMENS.NS,SIEMENS.NS,udiff
2026-09-18,2026-09-18,BANKINDIA.NS,BANKINDIA.NS,udiff
2026-09-18,2026-09-18,KEI.NS,KEI.NS,udiff
2026-09-18,2026-09-18,PIIND.NS,PIIND.NS,udiff
2026-09-18,2026-09-18,KOTAKBANK.NS,KOTAKBANK.NS,udiff
2026-09-18,2026-09-18,IEX.NS,IEX.NS,udiff
2026-09-18,2026-09-18,ALKEM.NS,ALKEM.NS,udiff
2026-09-18,2026-09-18,NBCC.NS,NBCC.NS,udiff
2026-09-18,2026-09-18,LTM.NS,LTM.NS,udiff
2026-09-18,2026-09-18,VOLTAS.NS,VOLTAS.NS,udiff
2026-09-18,2026-09-18,INDUSTOWER.NS,INDUSTOWER.NS,udiff
2026-09-18,2026-09-18,UNOMINDA.NS,UNOMINDA.NS,udiff
2026-09-18,2026-09-18,RECLTD.NS,RECLTD.NS,udiff
2026-09-18,2026-09-18,SUNPHARMA.NS,SUNPHARMA.NS,udiff
2026-09-18,2026-09-18,ANGELONE.NS,ANGELONE.NS,udiff
2026-09-18,2026-09-18,TATASTEEL.NS,TATASTEEL.NS,udiff
2026-09-18,2026-09-18,HINDALCO.NS,HINDALCO.NS,udiff
2026-09-18,2026-09-18,TORNTPHARM.NS,TORNTPHARM.NS,udiff
2026-09-18,2026-09-18,TATAPOWER.NS,TATAPOWER.NS,udiff
2026-09-18,2026-09-18,SBILIFE.NS,SBILIFE.NS,udiff
2026-09-18,2026-09-18,UNITDSPR.NS,UNITDSPR.NS,udiff
2026-09-18,2026-09-18,BEL.NS,BEL.NS,udiff
2026-09-18,2026-09-18,SHRIRAMFIN.NS,SHRIRAMFIN.NS,udiff
2026-09-18,2026-09-18,BDL.NS,BDL.NS,udiff
2026-09-18,2026-09-18,NATIONALUM.NS,NATIONALUM.NS,udiff
2026-09-18,2026-09-18,HAL.NS,HAL.NS,udiff
2026-09-18,2026-09-18,GVT&D.NS,GVT&D.NS,udiff
2026-09-18,2026-09-18,COCHINSHIP.NS,COCHINSHIP.NS,udiff
2026-09-18,2026-09-18,PATANJALI.NS,PATANJALI.NS,udiff
2026-09-18,2026-09-18,JIOFIN.NS,JIOFIN.NS,udiff
2026-09-18,2026-09-18,KAYNES.NS,KAYNES.NS,udiff
2026-09-18,2026-09-18,GLENMARK.NS,GLENMARK.NS,udiff
2026-09-18,2026-09-18,BHARTIARTL.NS,BHARTIARTL.NS,udiff
2026-09-18,2026-09-18,PREMIERENE.NS,PREMIERENE.NS,udiff
2026-09-18,2026-09-18,COFORGE.NS,COFORGE.NS,udiff
2026-09-18,2026-09-18,ABB.NS,ABB.NS,udiff
2026-09-18,2026-09-18,HAVELLS.NS,HAVELLS.NS,udiff
2026-09-18,2026-09-18,WAAREEENER.NS,WAAREEENER.NS,udiff
2026-09-18,2026-09-18,FORCEMOT.NS,FORCEMOT.NS,udiff
2026-09-18,2026-09-18,LICI.NS,LICI.NS,udiff
2026-09-18,2026-09-18,CHOLAFIN.NS,CHOLAFIN.NS,udiff
2026-09-18,2026-09-18,AUROPHARMA.NS,AUROPHARMA.NS,udiff
2026-09-18,2026-09-18,ADANIENSOL.NS,ADANIENSOL.NS,udiff
2026-09-18,2026-09-18,POWERINDIA.NS,POWERINDIA.NS,udiff
2026-09-18,2026-09-18,CIPLA.NS,CIPLA.NS,udiff
2026-09-18,2026-09-18,AUBANK.NS,AUBANK.NS,udiff
2026-09-18,2026-09-18,CANBK.NS,CANBK.NS,udiff
2026-09-18,2026-09-18,MARUTI.NS,MARUTI.NS,udiff
2026-09-18,2026-09-18,OFSS.NS,OFSS.NS,udiff
2026-09-18,2026-09-18,LICHSGFIN.NS,LICHSGFIN.NS,udiff
2026-09-18,2026-09-18,BAJAJFINSV.NS,BAJAJFINSV.NS,udiff
2026-09-18,2026-09-18,HYUNDAI.NS,HYUNDAI.NS,udiff
2026-09-18,2026-09-18,GRASIM.NS,GRASIM.NS,udiff
2026-09-18,2026-09-18,UPL.NS,UPL.NS,udiff
2026-09-18,2026-09-18,HCLTECH.NS,HCLTECH.NS,udiff
2026-09-18,2026-09-18,PAGEIND.NS,PAGEIND.NS,udiff
2026-09-18,2026-09-18,BIOCON.NS,BIOCON.NS,udiff
2026-09-18,2026-09-18,DIVISLAB.NS,DIVISLAB.NS,udiff
2026-09-18,2026-09-18,PGEL.NS,PGEL.NS,udiff
2026-09-18,2026-09-18,LT.NS,LT.NS,udiff
2026-09-18,2026-09-18,ASHOKLEY.NS,ASHOKLEY.NS,udiff
2026-09-18,2026-09-18,KFINTECH.NS,KFINTECH.NS,udiff
2026-09-18,2026-09-18,AMBER.NS,AMBER.NS,udiff
2026-09-18,2026-09-18,DLF.NS,DLF.NS,udiff
2026-09-18,2026-09-18,PNBHOUSING.NS,PNBHOUSING.NS,udiff
2026-09-18,2026-09-18,UNIONBANK.NS,UNIONBANK.NS,udiff
2026-09-18,2026-09-18,PHOENIXLTD.NS,PHOENIXLTD.NS,udiff
2026-09-18,2026-09-18,MPHASIS.NS,MPHASIS.NS,udiff
2026-09-18,2026-09-18,GODREJCP.NS,GODREJCP.NS,udiff
2026-09-18,2026-09-18,BPCL.NS,BPCL.NS,udiff
2026-09-18,2026-09-18,ASTRAL.NS,ASTRAL.NS,udiff
2026-09-18,2026-09-18,NYKAA.NS,NYKAA.NS,udiff
2026-09-18,2026-09-18,MOTILALOFS.NS,MOTILALOFS.NS,udiff
2026-09-18,2026-09-18,TATAELXSI.NS,TATAELXSI.NS,udiff
2026-09-18,2026-09-18,AMBUJACEM.NS,AMBUJACEM.NS,udiff
2026-09-18,2026-09-18,PERSISTENT.NS,PERSISTENT.NS,udiff
2026-09-18,2026-09-18,WIPRO.NS,WIPRO.NS,udiff
2026-09-18,2026-09-18,MARICO.NS,MARICO.NS,udiff
2026-09-18,2026-09-18,HINDPETRO.NS,HINDPETRO.NS,udiff
2026-09-18,2026-09-18,ADANIENT.NS,ADANIENT.NS,udiff
2026-09-18,2026-09-18,MAZDOCK.NS,MAZDOCK.NS,udiff
2026-09-18,2026-09-18,SHREECEM.NS,SHREECEM.NS,udiff
2026-09-18,2026-09-18,JINDALSTEL.NS,JINDALSTEL.NS,udiff
2026-09-18,2026-09-18,APOLLOHOSP.NS,APOLLOHOSP.NS,udiff
2026-09-18,2026-09-18,IDEA.NS,IDEA.NS,udiff
2026-09-18,2026-09-18,HDFCAMC.NS,HDFCAMC.NS,udiff
2026-09-18,2026-09-18,CAMS.NS,CAMS.NS,udiff
2026-09-18,2026-09-18,IDFCFIRSTB.NS,IDFCFIRSTB.NS,udiff
2026-09-18,2026-09-18,MFSL.NS,MFSL.NS,udiff
2026-09-18,2026-09-18,CUMMINSIND.NS,CUMMINSIND.NS,udiff
2026-09-18,2026-09-18,GAIL.NS,GAIL.NS,udiff
2026-09-18,2026-09-18,ICICIBANK.NS,ICICIBANK.NS,udiff
2026-09-18,2026-09-18,GMRAIRPORT.NS,GMRAIRPORT.NS,udiff
2026-09-18,2026-09-18,JUBLFOOD.NS,JUBLFOOD.NS,udiff
2026-09-18,2026-09-18,ICICIGI.NS,ICICIGI.NS,udiff
2026-09-18,2026-09-18,FORTIS.NS,FORTIS.NS,udiff
2026-09-18,2026-09-18,SRF.NS,SRF.NS,udiff
2026-09-18,2026-09-18,SWIGGY.NS,SWIGGY.NS,udiff
2026-09-18,2026-09-18,POLYCAB.NS,POLYCAB.NS,udiff
2026-09-18,2026-09-18,TITAN.NS,TITAN.NS,udiff
2026-09-18,2026-09-18,DABUR.NS,DABUR.NS,udiff
2026-09-18,2026-09-18,RBLBANK.NS,RBLBANK.NS,udiff
2026-09-18,2026-09-18,BAJAJHLDNG.NS,BAJAJHLDNG.NS,udiff
2026-09-18,2026-09-18,SAGILITY.NS,SAGILITY.NS,udiff
2026-09-18,2026-09-18,DIXON.NS,DIXON.NS,udiff
2026-09-18,2026-09-18,EICHERMOT.NS,EICHERMOT.NS,udiff
2026-09-18,2026-09-18,ASIANPAINT.NS,ASIANPAINT.NS,udiff
2026-09-18,2026-09-18,HDFCBANK.NS,HDFCBANK.NS,udiff
2026-09-18,2026-09-18,NTPC.NS,NTPC.NS,udiff
2026-09-18,2026-09-18,HEROMOTOCO.NS,HEROMOTOCO.NS,udiff
2026-09-18,2026-09-18,IRFC.NS,IRFC.NS,udiff
2026-09-18,2026-09-18,TCS.NS,TCS.NS,udiff
2026-09-18,2026-09-18,TECHM.NS,TECHM.NS,udiff
2026-09-18,2026-09-18,BHARATFORG.NS,BHARATFORG.NS,udiff
2026-09-18,2026-09-18,MCX.NS,MCX.NS,udiff
2026-09-18,2026-09-18,ABCAPITAL.NS,ABCAPITAL.NS,udiff
2026-09-18,2026-09-18,ATHERENERG.NS,ATHERENERG.NS,udiff
2026-09-18,2026-09-18,MUTHOOTFIN.NS,MUTHOOTFIN.NS,udiff
2026-09-18,2026-09-18,INOXWIND.NS,INOXWIND.NS,udiff
